Date/Time,T_amb_C,RH_pct,GHI_Wm2
2001-01-01 00:00:00,9.71311165281699,60,0.0
2001-01-01 01:00:00,9.313509962798472,60,0.0
2001-01-01 02:00:00,9.177213267954745,60,0.0
2001-01-01 03:00:00,9.313509962798472,60,0.0
2001-01-01 04:00:00,9.713111652816991,60,0.0
2001-01-01 05:00:00,10.348786143208555,60,0.0
2001-01-01 06:00:00,11.177213267954745,60,0.0
2001-01-01 07:00:00,12.141937087544662,60,1.336592829558419
2001-01-01 08:00:00,13.177213267954745,60,2.5820990666065193
2001-01-01 09:00:00,14.212489448364828,60,3.6516395193858497
2001-01-01 10:00:00,15.177213267954745,60,4.472326773538667
2001-01-01 11:00:00,16.005640392700933,60,4.988232348944269
2001-01-01 12:00:00,16.641314883092498,60,5.1641981332130396
2001-01-01 13:00:00,17.04091657311102,60,4.988232348944269
2001-01-01 14:00:00,17.177213267954745,60,4.472326773538667
2001-01-01 15:00:00,17.04091657311102,60,3.65163951938585
2001-01-01 16:00:00,16.641314883092498,60,2.5820990666065193
2001-01-01 17:00:00,16.005640392700936,60,1.3365928295584206
2001-01-01 18:00:00,15.177213267954745,60,6.324318714002085e-16
2001-01-01 19:00:00,14.21248944836483,60,0.0
2001-01-01 20:00:00,13.177213267954745,60,0.0
2001-01-01 21:00:00,12.141937087544662,60,0.0
2001-01-01 22:00:00,11.177213267954746,60,0.0
2001-01-01 23:00:00,10.348786143208557,60,0.0
2001-01-02 00:00:00,9.74309474348288,60,0.0
2001-01-02 01:00:00,9.343493053464362,60,0.0
2001-01-02 02:00:00,9.207196358620635,60,0.0
2001-01-02 03:00:00,9.343493053464362,60,0.0
2001-01-02 04:00:00,9.743094743482882,60,0.0
2001-01-02 05:00:00,10.378769233874445,60,0.0
2001-01-02 06:00:00,11.207196358620635,60,0.0
2001-01-02 07:00:00,12.171920178210552,60,2.6730866419576382
2001-01-02 08:00:00,13.207196358620635,60,5.1640068467504046
2001-01-02 09:00:00,14.242472539030718,60,7.303008518861944
2001-01-02 10:00:00,15.207196358620635,60,8.944322229205252
2001-01-02 11:00:00,16.035623483366827,60,9.976095160819582
2001-01-02 12:00:00,16.67129797375839,60,10.32801369350081
2001-01-02 13:00:00,17.07089966377691,60,9.976095160819582
2001-01-02 14:00:00,17.207196358620635,60,8.944322229205252
2001-01-02 15:00:00,17.07089966377691,60,7.303008518861945
2001-01-02 16:00:00,16.67129797375839,60,5.1640068467504046
2001-01-02 17:00:00,16.035623483366827,60,2.6730866419576413
2001-01-02 18:00:00,15.207196358620635,60,1.26481689112958e-15
2001-01-02 19:00:00,14.24247253903072,60,0.0
2001-01-02 20:00:00,13.207196358620635,60,0.0
2001-01-02 21:00:00,12.171920178210552,60,0.0
2001-01-02 22:00:00,11.207196358620637,60,0.0
2001-01-02 23:00:00,10.378769233874447,60,0.0
2001-01-03 00:00:00,9.775387010050187,60,0.0
2001-01-03 01:00:00,9.37578532003167,60,0.0
2001-01-03 02:00:00,9.239488625187942,60,0.0
2001-01-03 03:00:00,9.37578532003167,60,0.0
2001-01-03 04:00:00,9.775387010050189,60,0.0
2001-01-03 05:00:00,10.411061500441752,60,0.0
2001-01-03 06:00:00,11.239488625187942,60,0.0
2001-01-03 07:00:00,12.204212444777859,60,4.009382427373824
2001-01-03 08:00:00,13.239488625187942,60,7.745532068139861
2001-01-03 09:00:00,14.274764805598025,60,10.95383649855912
2001-01-03 10:00:00,15.239488625187942,60,13.415655073672285
2001-01-03 11:00:00,16.06791574993413,60,14.963218925932944
2001-01-03 12:00:00,16.703590240325696,60,15.491064136279723
2001-01-03 13:00:00,17.103191930344217,60,14.963218925932944
2001-01-03 14:00:00,17.239488625187942,60,13.415655073672285
2001-01-03 15:00:00,17.103191930344217,60,10.95383649855912
2001-01-03 16:00:00,16.703590240325696,60,7.745532068139861
2001-01-03 17:00:00,16.067915749934134,60,4.009382427373828
2001-01-03 18:00:00,15.239488625187942,60,1.897108210988132e-15
2001-01-03 19:00:00,14.274764805598027,60,0.0
2001-01-03 20:00:00,13.239488625187942,60,0.0
2001-01-03 21:00:00,12.204212444777859,60,0.0
2001-01-03 22:00:00,11.239488625187944,60,0.0
2001-01-03 23:00:00,10.411061500441754,60,0.0
2001-01-04 00:00:00,9.809978883623407,60,0.0
2001-01-04 01:00:00,9.410377193604889,60,0.0
2001-01-04 02:00:00,9.274080498761162,60,0.0
2001-01-04 03:00:00,9.410377193604889,60,0.0
2001-01-04 04:00:00,9.809978883623408,60,0.0
2001-01-04 05:00:00,10.445653374014972,60,0.0
2001-01-04 06:00:00,11.274080498761162,60,0.0
2001-01-04 07:00:00,12.238804318351079,60,5.345381190653329
2001-01-04 08:00:00,13.274080498761162,60,10.32648348682372
2001-01-04 09:00:00,14.309356679171245,60,14.603852998687914
2001-01-04 10:00:00,15.274080498761162,60,17.885994062699705
2001-01-04 11:00:00,16.10250762350735,60,19.949234189341247
2001-01-04 12:00:00,16.738182113898915,60,20.652966973647445
2001-01-04 13:00:00,17.137783803917436,60,19.949234189341247
2001-01-04 14:00:00,17.274080498761162,60,17.885994062699705
2001-01-04 15:00:00,17.137783803917436,60,14.603852998687916
2001-01-04 16:00:00,16.738182113898915,60,10.32648348682372
2001-01-04 17:00:00,16.102507623507353,60,5.3453811906533355
2001-01-04 18:00:00,15.274080498761162,60,2.529258989717334e-15
2001-01-04 19:00:00,14.309356679171247,60,0.0
2001-01-04 20:00:00,13.274080498761162,60,0.0
2001-01-04 21:00:00,12.238804318351079,60,0.0
2001-01-04 22:00:00,11.274080498761164,60,0.0
2001-01-04 23:00:00,10.445653374014974,60,0.0
2001-01-05 00:00:00,9.846860113883839,60,0.0
2001-01-05 01:00:00,9.447258423865321,60,0.0
2001-01-05 02:00:00,9.310961729021594,60,0.0
2001-01-05 03:00:00,9.447258423865321,60,0.0
2001-01-05 04:00:00,9.846860113883839,60,0.0
2001-01-05 05:00:00,10.482534604275404,60,0.0
2001-01-05 06:00:00,11.310961729021594,60,0.0
2001-01-05 07:00:00,12.275685548611511,60,6.680983958646437
2001-01-05 08:00:00,13.310961729021594,60,12.90666990135914
2001-01-05 09:00:00,14.346237909431677,60,18.252787619574715
2001-01-05 10:00:00,15.310961729021594,60,22.355008025674024
2001-01-05 11:00:00,16.139388853767784,60,24.93377157822115
2001-01-05 12:00:00,16.77506334415935,60,25.813339802718286
2001-01-05 13:00:00,17.174665034177867,60,24.93377157822115
2001-01-05 14:00:00,17.310961729021592,60,22.355008025674024
2001-01-05 15:00:00,17.174665034177867,60,18.252787619574715
2001-01-05 16:00:00,16.77506334415935,60,12.90666990135914
2001-01-05 17:00:00,16.139388853767784,60,6.680983958646445
2001-01-05 18:00:00,15.310961729021594,60,3.1612223964701915e-15
2001-01-05 19:00:00,14.346237909431679,60,0.0
2001-01-05 20:00:00,13.310961729021594,60,0.0
2001-01-05 21:00:00,12.275685548611511,60,0.0
2001-01-05 22:00:00,11.310961729021596,60,0.0
2001-01-05 23:00:00,10.482534604275406,60,0.0
2001-01-06 00:00:00,9.886019772127,60,0.0
2001-01-06 01:00:00,9.486418082108482,60,0.0
2001-01-06 02:00:00,9.350121387264755,60,0.0
2001-01-06 03:00:00,9.486418082108482,60,0.0
2001-01-06 04:00:00,9.886019772127,60,0.0
2001-01-06 05:00:00,10.521694262518565,60,0.0
2001-01-06 06:00:00,11.350121387264755,60,0.0
2001-01-06 07:00:00,12.314845206854672,60,8.016091787539457
2001-01-06 08:00:00,13.350121387264755,60,15.485900166976126
2001-01-06 09:00:00,14.385397567674838,60,21.900370041693417
2001-01-06 10:00:00,15.350121387264755,60,26.822365890142017
2001-01-06 11:00:00,16.178548512010945,60,29.916461829232876
2001-01-06 12:00:00,16.81422300240251,60,30.97180033395226
2001-01-06 13:00:00,17.213824692421028,60,29.916461829232876
2001-01-06 14:00:00,17.350121387264757,60,26.822365890142017
2001-01-06 15:00:00,17.213824692421028,60,21.90037004169342
2001-01-06 16:00:00,16.81422300240251,60,15.485900166976126
2001-01-06 17:00:00,16.178548512010945,60,8.016091787539466
2001-01-06 18:00:00,15.350121387264755,60,3.792951614280556e-15
2001-01-06 19:00:00,14.38539756767484,60,0.0
2001-01-06 20:00:00,13.350121387264755,60,0.0
2001-01-06 21:00:00,12.314845206854672,60,0.0
2001-01-06 22:00:00,11.350121387264757,60,0.0
2001-01-06 23:00:00,10.521694262518567,60,0.0
2001-01-07 00:00:00,9.927446254501016,60,0.0
2001-01-07 01:00:00,9.527844564482498,60,0.0
2001-01-07 02:00:00,9.39154786963877,60,0.0
2001-01-07 03:00:00,9.527844564482498,60,0.0
2001-01-07 04:00:00,9.927446254501017,60,0.0
2001-01-07 05:00:00,10.563120744892581,60,0.0
2001-01-07 06:00:00,11.39154786963877,60,0.0
2001-01-07 07:00:00,12.356271689228688,60,9.35060577018466
2001-01-07 08:00:00,13.39154786963877,60,18.063983209737895
2001-01-07 09:00:00,14.426824050048854,60,25.546330045691207
2001-01-07 10:00:00,15.39154786963877,60,31.287736706337167
2001-01-07 11:00:00,16.219974994384962,60,34.89693581587587
2001-01-07 12:00:00,16.855649484776524,60,36.1279664194758
2001-01-07 13:00:00,17.255251174795045,60,34.89693581587587
2001-01-07 14:00:00,17.39154786963877,60,31.287736706337167
2001-01-07 15:00:00,17.255251174795045,60,25.54633004569121
2001-01-07 16:00:00,16.855649484776524,60,18.063983209737895
2001-01-07 17:00:00,16.219974994384962,60,9.350605770184671
2001-01-07 18:00:00,15.39154786963877,60,4.42439984353141e-15
2001-01-07 19:00:00,14.426824050048856,60,0.0
2001-01-07 20:00:00,13.39154786963877,60,0.0
2001-01-07 21:00:00,12.356271689228688,60,0.0
2001-01-07 22:00:00,11.391547869638773,60,0.0
2001-01-07 23:00:00,10.563120744892583,60,0.0
2001-01-08 00:00:00,9.971127285445105,60,0.0
2001-01-08 01:00:00,9.571525595426587,60,0.0
2001-01-08 02:00:00,9.43522890058286,60,0.0
2001-01-08 03:00:00,9.571525595426587,60,0.0
2001-01-08 04:00:00,9.971127285445107,60,0.0
2001-01-08 05:00:00,10.60680177583667,60,0.0
2001-01-08 06:00:00,11.43522890058286,60,0.0
2001-01-08 07:00:00,12.399952720172777,60,10.684427043427505
2001-01-08 08:00:00,13.43522890058286,60,20.640728040695954
2001-01-08 09:00:00,14.470505080992943,60,29.190397532406863
2001-01-08 10:00:00,15.43522890058286,60,35.75078967169701
2001-01-08 11:00:00,16.26365602532905,60,39.87482457583437
2001-01-08 12:00:00,16.899330515720614,60,41.281456081391916
2001-01-08 13:00:00,17.298932205739135,60,39.87482457583437
2001-01-08 14:00:00,17.43522890058286,60,35.75078967169701
2001-01-08 15:00:00,17.298932205739135,60,29.190397532406866
2001-01-08 16:00:00,16.899330515720614,60,20.640728040695954
2001-01-08 17:00:00,16.263656025329052,60,10.684427043427515
2001-01-08 18:00:00,15.43522890058286,60,5.055520305421865e-15
2001-01-08 19:00:00,14.470505080992945,60,0.0
2001-01-08 20:00:00,13.43522890058286,60,0.0
2001-01-08 21:00:00,12.399952720172777,60,0.0
2001-01-08 22:00:00,11.435228900582862,60,0.0
2001-01-08 23:00:00,10.606801775836672,60,0.0
2001-01-09 00:00:00,10.01704992132708,60,0.0
2001-01-09 01:00:00,9.617448231308563,60,0.0
2001-01-09 02:00:00,9.481151536464836,60,0.0
2001-01-09 03:00:00,9.617448231308563,60,0.0
2001-01-09 04:00:00,10.017049921327082,60,0.0
2001-01-09 05:00:00,10.652724411718646,60,0.0
2001-01-09 06:00:00,11.481151536464836,60,0.0
2001-01-09 07:00:00,12.445875356054753,60,12.017456795430581
2001-01-09 08:00:00,13.481151536464836,60,23.215943770038923
2001-01-09 09:00:00,14.516427716874919,60,32.83230254288021
2001-01-09 10:00:00,15.481151536464836,60,40.21119415536957
2001-01-09 11:00:00,16.309578661211027,60,44.8497593383108
2001-01-09 12:00:00,16.94525315160259,60,46.43188754007785
2001-01-09 13:00:00,17.34485484162111,60,44.8497593383108
2001-01-09 14:00:00,17.481151536464836,60,40.21119415536957
2001-01-09 15:00:00,17.34485484162111,60,32.832302542880214
2001-01-09 16:00:00,16.94525315160259,60,23.215943770038923
2001-01-09 17:00:00,16.309578661211027,60,12.017456795430595
2001-01-09 18:00:00,15.481151536464836,60,5.6862662454326215e-15
2001-01-09 19:00:00,14.51642771687492,60,0.0
2001-01-09 20:00:00,13.481151536464836,60,0.0
2001-01-09 21:00:00,12.445875356054753,60,0.0
2001-01-09 22:00:00,11.481151536464838,60,0.0
2001-01-09 23:00:00,10.652724411718648,60,0.0
2001-01-10 00:00:00,10.065200554278844,60,0.0
2001-01-10 01:00:00,9.665598864260327,60,0.0
2001-01-10 02:00:00,9.5293021694166,60,0.0
2001-01-10 03:00:00,9.665598864260327,60,0.0
2001-01-10 04:00:00,10.065200554278846,60,0.0
2001-01-10 05:00:00,10.70087504467041,60,0.0
2001-01-10 06:00:00,11.5293021694166,60,0.0
2001-01-10 07:00:00,12.494025989006516,60,13.349596272993766
2001-01-10 08:00:00,13.5293021694166,60,25.78943962123394
2001-01-10 09:00:00,14.564578349826682,60,36.471775278351096
2001-01-10 10:00:00,15.5293021694166,60,44.66861972270705
2001-01-10 11:00:00,16.357729294162787,60,49.82137155134486
2001-01-10 12:00:00,16.993403784554353,60,51.578879242467885
2001-01-10 13:00:00,17.393005474572874,60,49.82137155134486
2001-01-10 14:00:00,17.5293021694166,60,44.66861972270705
2001-01-10 15:00:00,17.393005474572874,60,36.471775278351096
2001-01-10 16:00:00,16.993403784554353,60,25.78943962123394
2001-01-10 17:00:00,16.35772929416279,60,13.349596272993782
2001-01-10 18:00:00,15.5293021694166,60,6.316590936789615e-15
2001-01-10 19:00:00,14.564578349826684,60,0.0
2001-01-10 20:00:00,13.5293021694166,60,0.0
2001-01-10 21:00:00,12.494025989006516,60,0.0
2001-01-10 22:00:00,11.529302169416601,60,0.0
2001-01-10 23:00:00,10.700875044670411,60,0.0
2001-01-11 00:00:00,10.115564916228672,60,0.0
2001-01-11 01:00:00,9.715963226210155,60,0.0
2001-01-11 02:00:00,9.579666531366428,60,0.0
2001-01-11 03:00:00,9.715963226210155,60,0.0
2001-01-11 04:00:00,10.115564916228674,60,0.0
2001-01-11 05:00:00,10.751239406620238,60,0.0
2001-01-11 06:00:00,11.579666531366428,60,0.0
2001-01-11 07:00:00,12.544390350956345,60,14.68074678887005
2001-01-11 08:00:00,13.579666531366428,60,28.361024945159773
2001-01-11 09:00:00,14.61494271177651,60,40.108546120246615
2001-01-11 10:00:00,15.579666531366428,60,49.12273615974507
2001-01-11 11:00:00,16.40809365611262,60,54.78929290911667
2001-01-11 12:00:00,17.04376814650418,60,56.72204989031955
2001-01-11 13:00:00,17.443369836522702,60,54.78929290911667
2001-01-11 14:00:00,17.579666531366428,60,49.12273615974507
2001-01-11 15:00:00,17.443369836522702,60,40.10854612024662
2001-01-11 16:00:00,17.04376814650418,60,28.361024945159773
2001-01-11 17:00:00,16.40809365611262,60,14.680746788870065
2001-01-11 18:00:00,15.579666531366428,60,6.946447683925632e-15
2001-01-11 19:00:00,14.614942711776512,60,0.0
2001-01-11 20:00:00,13.579666531366428,60,0.0
2001-01-11 21:00:00,12.544390350956345,60,0.0
2001-01-11 22:00:00,11.57966653136643,60,0.0
2001-01-11 23:00:00,10.75123940662024,60,0.0
2001-01-12 00:00:00,10.168128083129167,60,0.0
2001-01-12 01:00:00,9.76852639311065,60,0.0
2001-01-12 02:00:00,9.632229698266922,60,0.0
2001-01-12 03:00:00,9.76852639311065,60,0.0
2001-01-12 04:00:00,10.168128083129169,60,0.0
2001-01-12 05:00:00,10.803802573520732,60,0.0
2001-01-12 06:00:00,11.632229698266922,60,0.0
2001-01-12 07:00:00,12.59695351785684,60,16.010809729076453
2001-01-12 08:00:00,13.632229698266922,60,30.93050923423045
2001-01-12 09:00:00,14.667505878677005,60,43.74234565015496
2001-01-12 10:00:00,15.632229698266922,60,53.57321349766548
2001-01-12 11:00:00,16.46065682301311,60,59.753155379231416
2001-01-12 12:00:00,17.096331313404676,60,61.861018468460905
2001-01-12 13:00:00,17.495933003423197,60,59.753155379231416
2001-01-12 14:00:00,17.632229698266922,60,53.57321349766548
2001-01-12 15:00:00,17.495933003423197,60,43.74234565015497
2001-01-12 16:00:00,17.096331313404676,60,30.93050923423045
2001-01-12 17:00:00,16.460656823013114,60,16.01080972907647
2001-01-12 18:00:00,15.632229698266922,60,7.575789825939596e-15
2001-01-12 19:00:00,14.667505878677007,60,0.0
2001-01-12 20:00:00,13.632229698266922,60,0.0
2001-01-12 21:00:00,12.59695351785684,60,0.0
2001-01-12 22:00:00,11.632229698266924,60,0.0
2001-01-12 23:00:00,10.803802573520734,60,0.0
2001-01-13 00:00:00,10.222874479379575,60,0.0
2001-01-13 01:00:00,9.823272789361058,60,0.0
2001-01-13 02:00:00,9.68697609451733,60,0.0
2001-01-13 03:00:00,9.823272789361058,60,0.0
2001-01-13 04:00:00,10.222874479379577,60,0.0
2001-01-13 05:00:00,10.85854896977114,60,0.0
2001-01-13 06:00:00,11.68697609451733,60,0.0
2001-01-13 07:00:00,12.651699914107247,60,17.339686560199517
2001-01-13 08:00:00,13.68697609451733,60,33.49770213650834
2001-01-13 09:00:00,14.722252274927413,60,47.3729046697843
2001-01-13 10:00:00,15.68697609451733,60,58.01972203724098
2001-01-13 11:00:00,16.51540321926352,60,64.71259122998381
2001-01-13 12:00:00,17.151077709655084,60,66.99540427301669
2001-01-13 13:00:00,17.550679399673605,60,64.71259122998381
2001-01-13 14:00:00,17.68697609451733,60,58.01972203724098
2001-01-13 15:00:00,17.550679399673605,60,47.372904669784305
2001-01-13 16:00:00,17.151077709655084,60,33.49770213650834
2001-01-13 17:00:00,16.515403219263522,60,17.339686560199535
2001-01-13 18:00:00,15.68697609451733,60,8.20457074005328e-15
2001-01-13 19:00:00,14.722252274927415,60,0.0
2001-01-13 20:00:00,13.68697609451733,60,0.0
2001-01-13 21:00:00,12.651699914107247,60,0.0
2001-01-13 22:00:00,11.686976094517332,60,0.0
2001-01-13 23:00:00,10.858548969771142,60,0.0
2001-01-14 00:00:00,10.279787882441157,60,0.0
2001-01-14 01:00:00,9.88018619242264,60,0.0
2001-01-14 02:00:00,9.743889497578913,60,0.0
2001-01-14 03:00:00,9.88018619242264,60,0.0
2001-01-14 04:00:00,10.279787882441159,60,0.0
2001-01-14 05:00:00,10.915462372832723,60,0.0
2001-01-14 06:00:00,11.743889497578913,60,0.0
2001-01-14 07:00:00,12.70861331716883,60,18.667278836694845
2001-01-14 08:00:00,13.743889497578913,60,36.062413469805804
2001-01-14 09:00:00,14.779165677988995,60,50.99995422090556
2001-01-14 10:00:00,15.743889497578913,60,62.46193237325991
2001-01-14 11:00:00,16.572316622325104,60,69.66723305760041
2001-01-14 12:00:00,17.207991112716666,60,72.12482693961162
2001-01-14 13:00:00,17.607592802735187,60,69.66723305760041
2001-01-14 14:00:00,17.743889497578913,60,62.46193237325991
2001-01-14 15:00:00,17.607592802735187,60,50.999954220905565
2001-01-14 16:00:00,17.207991112716666,60,36.062413469805804
2001-01-14 17:00:00,16.572316622325104,60,18.667278836694866
2001-01-14 18:00:00,15.743889497578913,60,8.832743845065216e-15
2001-01-14 19:00:00,14.779165677988997,60,0.0
2001-01-14 20:00:00,13.743889497578913,60,0.0
2001-01-14 21:00:00,12.70861331716883,60,0.0
2001-01-14 22:00:00,11.743889497578914,60,0.0
2001-01-14 23:00:00,10.915462372832724,60,0.0
2001-01-15 00:00:00,10.338851427644299,60,0.0
2001-01-15 01:00:00,9.939249737625781,60,0.0
2001-01-15 02:00:00,9.802953042782054,60,0.0
2001-01-15 03:00:00,9.939249737625781,60,0.0
2001-01-15 04:00:00,10.3388514276443,60,0.0
2001-01-15 05:00:00,10.974525918035864,60,0.0
2001-01-15 06:00:00,11.802953042782054,60,0.0
2001-01-15 07:00:00,12.767676862371971,60,19.993488208180107
2001-01-15 08:00:00,13.802953042782054,60,38.624453235774226
2001-01-15 09:00:00,14.838229223192137,60,54.62322560527729
2001-01-15 10:00:00,15.802953042782054,60,66.8995154189291
2001-01-15 11:00:00,16.631380167528242,60,74.6167138134574
2001-01-15 12:00:00,17.267054657919807,60,77.24890647154847
2001-01-15 13:00:00,17.66665634793833,60,74.6167138134574
2001-01-15 14:00:00,17.802953042782054,60,66.8995154189291
2001-01-15 15:00:00,17.66665634793833,60,54.6232256052773
2001-01-15 16:00:00,17.267054657919807,60,38.624453235774226
2001-01-15 17:00:00,16.631380167528246,60,19.993488208180132
2001-01-15 18:00:00,15.802953042782054,60,9.460262604801508e-15
2001-01-15 19:00:00,14.838229223192139,60,0.0
2001-01-15 20:00:00,13.802953042782054,60,0.0
2001-01-15 21:00:00,12.767676862371971,60,0.0
2001-01-15 22:00:00,11.802953042782056,60,0.0
2001-01-15 23:00:00,10.974525918035866,60,0.0
2001-01-16 00:00:00,10.400047613185857,60,0.0
2001-01-16 01:00:00,10.000445923167339,60,0.0
2001-01-16 02:00:00,9.864149228323612,60,0.0
2001-01-16 03:00:00,10.000445923167339,60,0.0
2001-01-16 04:00:00,10.400047613185858,60,0.0
2001-01-16 05:00:00,11.035722103577422,60,0.0
2001-01-16 06:00:00,11.864149228323612,60,0.0
2001-01-16 07:00:00,12.828873047913529,60,21.318216426721047
2001-01-16 08:00:00,13.864149228323612,60,41.183631633979424
2001-01-16 09:00:00,14.899425408733695,60,58.24245040455134
2001-01-16 10:00:00,15.864149228323612,60,71.33214243025324
2001-01-16 11:00:00,16.692576353069803,60,79.56066683127239
2001-01-16 12:00:00,17.328250843461365,60,82.36726326795886
2001-01-16 13:00:00,17.727852533479886,60,79.56066683127239
2001-01-16 14:00:00,17.864149228323612,60,71.33214243025324
2001-01-16 15:00:00,17.727852533479886,60,58.24245040455135
2001-01-16 16:00:00,17.328250843461365,60,41.183631633979424
2001-01-16 17:00:00,16.692576353069803,60,21.31821642672107
2001-01-16 18:00:00,15.864149228323612,60,1.0087080531563319e-14
2001-01-16 19:00:00,14.899425408733697,60,0.0
2001-01-16 20:00:00,13.864149228323612,60,0.0
2001-01-16 21:00:00,12.828873047913529,60,0.0
2001-01-16 22:00:00,11.864149228323614,60,0.0
2001-01-16 23:00:00,11.035722103577424,60,0.0
2001-01-17 00:00:00,10.463358305315337,60,0.0
2001-01-17 01:00:00,10.06375661529682,60,0.0
2001-01-17 02:00:00,9.927459920453092,60,0.0
2001-01-17 03:00:00,10.06375661529682,60,0.0
2001-01-17 04:00:00,10.463358305315339,60,0.0
2001-01-17 05:00:00,11.099032795706902,60,0.0
2001-01-17 06:00:00,11.927459920453092,60,0.0
2001-01-17 07:00:00,12.89218374004301,60,22.641365354109805
2001-01-17 08:00:00,13.927459920453092,60,43.73975907596238
2001-01-17 09:00:00,14.962736100863175,60,61.85736050015768
2001-01-17 10:00:00,15.927459920453092,60,75.75948503038879
2001-01-17 11:00:00,16.75588704519928,60,84.49872585426749
2001-01-17 12:00:00,17.391561535590846,60,87.47951815192478
2001-01-17 13:00:00,17.791163225609367,60,84.49872585426749
2001-01-17 14:00:00,17.927459920453092,60,75.75948503038879
2001-01-17 15:00:00,17.791163225609367,60,61.8573605001577
2001-01-17 16:00:00,17.391561535590846,60,43.73975907596238
2001-01-17 17:00:00,16.755887045199284,60,22.64136535410983
2001-01-17 18:00:00,15.927459920453092,60,1.0713151189570746e-14
2001-01-17 19:00:00,14.962736100863177,60,0.0
2001-01-17 20:00:00,13.927459920453092,60,0.0
2001-01-17 21:00:00,12.89218374004301,60,0.0
2001-01-17 22:00:00,11.927459920453094,60,0.0
2001-01-17 23:00:00,11.099032795706904,60,0.0
2001-01-18 00:00:00,10.528764743708303,60,0.0
2001-01-18 01:00:00,10.129163053689785,60,0.0
2001-01-18 02:00:00,9.992866358846058,60,0.0
2001-01-18 03:00:00,10.129163053689785,60,0.0
2001-01-18 04:00:00,10.528764743708305,60,0.0
2001-01-18 05:00:00,11.164439234099868,60,0.0
2001-01-18 06:00:00,11.992866358846058,60,0.0
2001-01-18 07:00:00,12.957590178435975,60,23.962836969135225
2001-01-18 08:00:00,13.992866358846058,60,46.29264619928434
2001-01-18 09:00:00,15.028142539256141,60,65.46768809316724
2001-01-18 10:00:00,15.992866358846058,60,80.18121523397078
2001-01-18 11:00:00,16.82129348359225,60,89.43052506230246
2001-01-18 12:00:00,17.45696797398381,60,92.5852923985687
2001-01-18 13:00:00,17.856569664002333,60,89.43052506230246
2001-01-18 14:00:00,17.992866358846058,60,80.18121523397078
2001-01-18 15:00:00,17.856569664002333,60,65.46768809316724
2001-01-18 16:00:00,17.45696797398381,60,46.29264619928434
2001-01-18 17:00:00,16.82129348359225,60,23.96283696913525
2001-01-18 18:00:00,15.992866358846058,60,1.1338428198402892e-14
2001-01-18 19:00:00,15.028142539256143,60,0.0
2001-01-18 20:00:00,13.992866358846058,60,0.0
2001-01-18 21:00:00,12.957590178435975,60,0.0
2001-01-18 22:00:00,11.99286635884606,60,0.0
2001-01-18 23:00:00,11.16443923409987,60,0.0
2001-01-19 00:00:00,10.59624754702547,60,0.0
2001-01-19 01:00:00,10.196645857006953,60,0.0
2001-01-19 02:00:00,10.060349162163226,60,0.0
2001-01-19 03:00:00,10.196645857006953,60,0.0
2001-01-19 04:00:00,10.59624754702547,60,0.0
2001-01-19 05:00:00,11.231922037417036,60,0.0
2001-01-19 06:00:00,12.060349162163226,60,0.0
2001-01-19 07:00:00,13.025072981753143,60,25.28253337484439
2001-01-19 08:00:00,14.060349162163226,60,48.84210388155502
2001-01-19 09:00:00,15.095625342573308,60,69.0731657241307
2001-01-19 10:00:00,16.060349162163224,60,84.59700547141038
2001-01-19 11:00:00,16.888776286909415,60,94.3556990989751
2001-01-19 12:00:00,17.52445077730098,60,97.68420776311005
2001-01-19 13:00:00,17.9240524673195,60,94.3556990989751
2001-01-19 14:00:00,18.060349162163227,60,84.59700547141038
2001-01-19 15:00:00,17.9240524673195,60,69.07316572413072
2001-01-19 16:00:00,17.52445077730098,60,48.84210388155502
2001-01-19 17:00:00,16.888776286909415,60,25.28253337484442
2001-01-19 18:00:00,16.060349162163224,60,1.1962865236433776e-14
2001-01-19 19:00:00,15.09562534257331,60,0.0
2001-01-19 20:00:00,14.060349162163226,60,0.0
2001-01-19 21:00:00,13.025072981753143,60,0.0
2001-01-19 22:00:00,12.060349162163227,60,0.0
2001-01-19 23:00:00,11.231922037417037,60,0.0
2001-01-20 00:00:00,10.665786718655822,60,0.0
2001-01-20 01:00:00,10.266185028637304,60,0.0
2001-01-20 02:00:00,10.129888333793577,60,0.0
2001-01-20 03:00:00,10.266185028637304,60,0.0
2001-01-20 04:00:00,10.665786718655824,60,0.0
2001-01-20 05:00:00,11.301461209047387,60,0.0
2001-01-20 06:00:00,12.129888333793577,60,0.0
2001-01-20 07:00:00,13.094612153383494,60,26.600356805795062
2001-01-20 08:00:00,14.129888333793577,60,51.387943254443265
2001-01-20 09:00:00,15.16516451420366,60,72.67352629289267
2001-01-20 10:00:00,16.129888333793577,60,89.00652861316212
2001-01-20 11:00:00,16.958315458539765,60,99.27388309868775
2001-01-20 12:00:00,17.59398994893133,60,102.77588650888656
2001-01-20 13:00:00,17.99359163894985,60,99.27388309868775
2001-01-20 14:00:00,18.129888333793577,60,89.00652861316212
2001-01-20 15:00:00,17.99359163894985,60,72.67352629289269
2001-01-20 16:00:00,17.59398994893133,60,51.387943254443265
2001-01-20 17:00:00,16.95831545853977,60,26.60035680579509
2001-01-20 18:00:00,16.129888333793577,60,1.2586416044263956e-14
2001-01-20 19:00:00,15.165164514203662,60,0.0
2001-01-20 20:00:00,14.129888333793577,60,0.0
2001-01-20 21:00:00,13.094612153383494,60,0.0
2001-01-20 22:00:00,12.129888333793579,60,0.0
2001-01-20 23:00:00,11.301461209047389,60,0.0
2001-01-21 00:00:00,10.737361652642022,60,0.0
2001-01-21 01:00:00,10.337759962623505,60,0.0
2001-01-21 02:00:00,10.201463267779777,60,0.0
2001-01-21 03:00:00,10.337759962623505,60,0.0
2001-01-21 04:00:00,10.737361652642022,60,0.0
2001-01-21 05:00:00,11.373036143033588,60,0.0
2001-01-21 06:00:00,12.201463267779777,60,0.0
2001-01-21 07:00:00,13.166187087369694,60,27.916209635298255
2001-01-21 08:00:00,14.201463267779777,60,53.929975717668626
2001-01-21 09:00:00,15.23673944818986,60,76.26850307837867
2001-01-21 10:00:00,16.201463267779776,60,93.4094579939579
2001-01-21 11:00:00,17.029890392525967,60,104.18471271367693
2001-01-21 12:00:00,17.665564882917533,60,107.85995143533727
2001-01-21 13:00:00,18.06516657293605,60,104.18471271367693
2001-01-21 14:00:00,18.20146326777978,60,93.4094579939579
2001-01-21 15:00:00,18.06516657293605,60,76.26850307837867
2001-01-21 16:00:00,17.665564882917533,60,53.929975717668626
2001-01-21 17:00:00,17.029890392525967,60,27.916209635298287
2001-01-21 18:00:00,16.201463267779776,60,1.3209034428147475e-14
2001-01-21 19:00:00,15.236739448189862,60,0.0
2001-01-21 20:00:00,14.201463267779777,60,0.0
2001-01-21 21:00:00,13.166187087369694,60,0.0
2001-01-21 22:00:00,12.20146326777978,60,0.0
2001-01-21 23:00:00,11.37303614303359,60,0.0
2001-01-22 00:00:00,10.81095113978642,60,0.0
2001-01-22 01:00:00,10.411349449767902,60,0.0
2001-01-22 02:00:00,10.275052754924175,60,0.0
2001-01-22 03:00:00,10.411349449767902,60,0.0
2001-01-22 04:00:00,10.810951139786422,60,0.0
2001-01-22 05:00:00,11.446625630177985,60,0.0
2001-01-22 06:00:00,12.275052754924175,60,0.0
2001-01-22 07:00:00,13.239776574514092,60,29.229994382650624
2001-01-22 08:00:00,14.275052754924175,60,56.46801295297325
2001-01-22 09:00:00,15.310328935334258,60,79.85782975835437
2001-01-22 10:00:00,16.275052754924175,60,97.80546743700715
2001-01-22 11:00:00,17.103479879670367,60,109.087824141005
2001-01-22 12:00:00,17.73915437006193,60,112.93602590594651
2001-01-22 13:00:00,18.13875606008045,60,109.087824141005
2001-01-22 14:00:00,18.275052754924175,60,97.80546743700715
2001-01-22 15:00:00,18.13875606008045,60,79.85782975835438
2001-01-22 16:00:00,17.73915437006193,60,56.46801295297325
2001-01-22 17:00:00,17.103479879670367,60,29.229994382650656
2001-01-22 18:00:00,16.275052754924175,60,1.3830674263413996e-14
2001-01-22 19:00:00,15.31032893533426,60,0.0
2001-01-22 20:00:00,14.275052754924175,60,0.0
2001-01-22 21:00:00,13.239776574514092,60,0.0
2001-01-22 22:00:00,12.275052754924177,60,0.0
2001-01-22 23:00:00,11.446625630177987,60,0.0
2001-01-23 00:00:00,10.886533373935782,60,0.0
2001-01-23 01:00:00,10.486931683917264,60,0.0
2001-01-23 02:00:00,10.350634989073537,60,0.0
2001-01-23 03:00:00,10.486931683917264,60,0.0
2001-01-23 04:00:00,10.886533373935784,60,0.0
2001-01-23 05:00:00,11.522207864327347,60,0.0
2001-01-23 06:00:00,12.350634989073537,60,0.0
2001-01-23 07:00:00,13.315358808663454,60,30.541613720356025
2001-01-23 08:00:00,14.350634989073537,60,59.00186693807287
2001-01-23 09:00:00,15.38591116948362,60,83.44124042915539
2001-01-23 10:00:00,16.350634989073537,60,102.19423127816059
2001-01-23 11:00:00,17.179062113819725,60,113.98285414951141
2001-01-23 12:00:00,17.81473660421129,60,118.00373387614577
2001-01-23 13:00:00,18.21433829422981,60,113.98285414951141
2001-01-23 14:00:00,18.350634989073537,60,102.19423127816059
2001-01-23 15:00:00,18.21433829422981,60,83.4412404291554
2001-01-23 16:00:00,17.81473660421129,60,59.00186693807287
2001-01-23 17:00:00,17.17906211381973,60,30.54161372035606
2001-01-23 18:00:00,16.350634989073537,60,1.44512894978858e-14
2001-01-23 19:00:00,15.385911169483622,60,0.0
2001-01-23 20:00:00,14.350634989073537,60,0.0
2001-01-23 21:00:00,13.315358808663454,60,0.0
2001-01-23 22:00:00,12.350634989073539,60,0.0
2001-01-23 23:00:00,11.52220786432735,60,0.0
2001-01-24 00:00:00,10.964085958442931,60,0.0
2001-01-24 01:00:00,10.564484268424414,60,0.0
2001-01-24 02:00:00,10.428187573580686,60,0.0
2001-01-24 03:00:00,10.564484268424414,60,0.0
2001-01-24 04:00:00,10.964085958442933,60,0.0
2001-01-24 05:00:00,11.599760448834497,60,0.0
2001-01-24 06:00:00,12.428187573580686,60,0.0
2001-01-24 07:00:00,13.392911393170603,60,31.85097048133567
2001-01-24 08:00:00,14.428187573580686,60,61.53134996058575
2001-01-24 09:00:00,15.46346375399077,60,87.01846962538558
2001-01-24 10:00:00,16.428187573580686,60,106.57542439003578
2001-01-24 11:00:00,17.256614698326878,60,118.86944010672126
2001-01-24 12:00:00,17.89228918871844,60,123.06269992117151
2001-01-24 13:00:00,18.29189087873696,60,118.86944010672126
2001-01-24 14:00:00,18.428187573580686,60,106.57542439003578
2001-01-24 15:00:00,18.29189087873696,60,87.01846962538559
2001-01-24 16:00:00,17.89228918871844,60,61.53134996058575
2001-01-24 17:00:00,17.256614698326878,60,31.850970481335704
2001-01-24 18:00:00,16.428187573580686,60,1.5070834155289393e-14
2001-01-24 19:00:00,15.463463753990771,60,0.0
2001-01-24 20:00:00,14.428187573580686,60,0.0
2001-01-24 21:00:00,13.392911393170603,60,0.0
2001-01-24 22:00:00,12.428187573580688,60,0.0
2001-01-24 23:00:00,11.599760448834498,60,0.0
2001-01-25 00:00:00,11.043585912803357,60,0.0
2001-01-25 01:00:00,10.64398422278484,60,0.0
2001-01-25 02:00:00,10.507687527941112,60,0.0
2001-01-25 03:00:00,10.64398422278484,60,0.0
2001-01-25 04:00:00,11.043585912803358,60,0.0
2001-01-25 05:00:00,11.679260403194922,60,0.0
2001-01-25 06:00:00,12.507687527941112,60,0.0
2001-01-25 07:00:00,13.472411347531029,60,33.15796766612645
2001-01-25 08:00:00,14.507687527941112,60,64.0562746319388
2001-01-25 09:00:00,15.542963708351195,60,90.5892523395835
2001-01-25 10:00:00,16.507687527941112,60,110.94872220610341
2001-01-25 11:00:00,17.3361146526873,60,123.74722000570996
2001-01-25 12:00:00,17.971789143078865,60,128.1125492638776
2001-01-25 13:00:00,18.371390833097387,60,123.74722000570996
2001-01-25 14:00:00,18.507687527941112,60,110.94872220610341
2001-01-25 15:00:00,18.371390833097387,60,90.58925233958351
2001-01-25 16:00:00,17.971789143078865,60,64.0562746319388
2001-01-25 17:00:00,17.336114652687304,60,33.15796766612649
2001-01-25 18:00:00,16.507687527941112,60,1.5689262338661534e-14
2001-01-25 19:00:00,15.542963708351197,60,0.0
2001-01-25 20:00:00,14.507687527941112,60,0.0
2001-01-25 21:00:00,13.472411347531029,60,0.0
2001-01-25 22:00:00,12.507687527941114,60,0.0
2001-01-25 23:00:00,11.679260403194924,60,0.0
2001-01-26 00:00:00,11.125009679464833,60,0.0
2001-01-26 01:00:00,10.725407989446316,60,0.0
2001-01-26 02:00:00,10.589111294602588,60,0.0
2001-01-26 03:00:00,10.725407989446316,60,0.0
2001-01-26 04:00:00,11.125009679464835,60,0.0
2001-01-26 05:00:00,11.760684169856399,60,0.0
2001-01-26 06:00:00,12.589111294602588,60,0.0
2001-01-26 07:00:00,13.553835114192506,60,34.46250845006685
2001-01-26 08:00:00,14.589111294602588,60,66.57645390124964
2001-01-26 09:00:00,15.624387475012671,60,94.15332404185439
2001-01-26 10:00:00,16.58911129460259,60,115.31380074473158
2001-01-26 11:00:00,17.41753841934878,60,128.61583249192125
2001-01-26 12:00:00,18.053212909740342,60,133.1529078024993
2001-01-26 13:00:00,18.452814599758863,60,128.61583249192125
2001-01-26 14:00:00,18.58911129460259,60,115.31380074473158
2001-01-26 15:00:00,18.452814599758863,60,94.1533240418544
2001-01-26 16:00:00,18.053212909740342,60,66.57645390124964
2001-01-26 17:00:00,17.41753841934878,60,34.46250845006689
2001-01-26 18:00:00,16.58911129460259,60,1.630652823374934e-14
2001-01-26 19:00:00,15.624387475012673,60,0.0
2001-01-26 20:00:00,14.589111294602588,60,0.0
2001-01-26 21:00:00,13.553835114192506,60,0.0
2001-01-26 22:00:00,12.58911129460259,60,0.0
2001-01-26 23:00:00,11.7606841698564,60,0.0
2001-01-27 00:00:00,11.208333130808027,60,0.0
2001-01-27 01:00:00,10.80873144078951,60,0.0
2001-01-27 02:00:00,10.672434745945782,60,0.0
2001-01-27 03:00:00,10.80873144078951,60,0.0
2001-01-27 04:00:00,11.208333130808029,60,0.0
2001-01-27 05:00:00,11.844007621199593,60,0.0
2001-01-27 06:00:00,12.672434745945782,60,0.0
2001-01-27 07:00:00,13.6371585655357,60,35.764496190469856
2001-01-27 08:00:00,14.672434745945782,60,69.09170106918366
2001-01-27 09:00:00,15.707710926355865,60,97.7104206994672
2001-01-27 10:00:00,16.672434745945782,60,119.67033663318703
2001-01-27 11:00:00,17.50086187069197,60,133.47491688993705
2001-01-27 12:00:00,18.136536361083536,60,138.18340213836734
2001-01-27 13:00:00,18.536138051102057,60,133.47491688993705
2001-01-27 14:00:00,18.672434745945782,60,119.67033663318703
2001-01-27 15:00:00,18.536138051102057,60,97.7104206994672
2001-01-27 16:00:00,18.136536361083536,60,69.09170106918366
2001-01-27 17:00:00,17.500861870691974,60,35.7644961904699
2001-01-27 18:00:00,16.672434745945782,60,1.6922586112404308e-14
2001-01-27 19:00:00,15.707710926355867,60,0.0
2001-01-27 20:00:00,14.672434745945782,60,0.0
2001-01-27 21:00:00,13.6371585655357,60,0.0
2001-01-27 22:00:00,12.672434745945784,60,0.0
2001-01-27 23:00:00,11.844007621199594,60,0.0
2001-01-28 00:00:00,11.293531576296042,60,0.0
2001-01-28 01:00:00,10.893929886277524,60,0.0
2001-01-28 02:00:00,10.757633191433797,60,0.0
2001-01-28 03:00:00,10.893929886277524,60,0.0
2001-01-28 04:00:00,11.293531576296044,60,0.0
2001-01-28 05:00:00,11.929206066687607,60,0.0
2001-01-28 06:00:00,12.757633191433797,60,0.0
2001-01-28 07:00:00,13.722357011023714,60,37.06383443378243
2001-01-28 08:00:00,14.757633191433797,60,71.60182980178502
2001-01-28 09:00:00,15.79290937184388,60,101.26027879641444
2001-01-28 10:00:00,16.757633191433797,60,124.01800713159108
2001-01-28 11:00:00,17.58606031617999,60,138.32411323019687
2001-01-28 12:00:00,18.22173480657155,60,143.20365960357006
2001-01-28 13:00:00,18.62133649659007,60,138.32411323019687
2001-01-28 14:00:00,18.757633191433797,60,124.01800713159108
2001-01-28 15:00:00,18.62133649659007,60,101.26027879641445
2001-01-28 16:00:00,18.22173480657155,60,71.60182980178502
2001-01-28 17:00:00,17.58606031617999,60,37.06383443378247
2001-01-28 18:00:00,16.757633191433797,60,1.753739033596992e-14
2001-01-28 19:00:00,15.792909371843882,60,0.0
2001-01-28 20:00:00,14.757633191433797,60,0.0
2001-01-28 21:00:00,13.722357011023714,60,0.0
2001-01-28 22:00:00,12.757633191433799,60,0.0
2001-01-28 23:00:00,11.929206066687609,60,0.0
2001-01-29 00:00:00,11.380579769790742,60,0.0
2001-01-29 01:00:00,10.980978079772225,60,0.0
2001-01-29 02:00:00,10.844681384928498,60,0.0
2001-01-29 03:00:00,10.980978079772225,60,0.0
2001-01-29 04:00:00,11.380579769790742,60,0.0
2001-01-29 05:00:00,12.016254260182308,60,0.0
2001-01-29 06:00:00,12.844681384928498,60,0.0
2001-01-29 07:00:00,13.809405204518415,60,38.36042692273097
2001-01-29 08:00:00,14.844681384928498,60,74.10665414428067
2001-01-29 09:00:00,15.87995756533858,60,104.80263535293406
2001-01-29 10:00:00,16.844681384928496,60,128.35649015682884
2001-01-29 11:00:00,17.673108509674687,60,143.16306227566506
2001-01-29 12:00:00,18.308783000066253,60,148.21330828856136
2001-01-29 13:00:00,18.70838469008477,60,143.16306227566506
2001-01-29 14:00:00,18.8446813849285,60,128.35649015682884
2001-01-29 15:00:00,18.70838469008477,60,104.80263535293408
2001-01-29 16:00:00,18.308783000066253,60,74.10665414428067
2001-01-29 17:00:00,17.673108509674687,60,38.360426922731016
2001-01-29 18:00:00,16.844681384928496,60,1.8150895358662654e-14
2001-01-29 19:00:00,15.879957565338582,60,0.0
2001-01-29 20:00:00,14.844681384928498,60,0.0
2001-01-29 21:00:00,13.809405204518415,60,0.0
2001-01-29 22:00:00,12.8446813849285,60,0.0
2001-01-29 23:00:00,12.01625426018231,60,0.0
2001-01-30 00:00:00,11.469451917033746,60,0.0
2001-01-30 01:00:00,11.069850227015229,60,0.0
2001-01-30 02:00:00,10.933553532171501,60,0.0
2001-01-30 03:00:00,11.069850227015229,60,0.0
2001-01-30 04:00:00,11.469451917033748,60,0.0
2001-01-30 05:00:00,12.105126407425312,60,0.0
2001-01-30 06:00:00,12.933553532171501,60,0.0
2001-01-30 07:00:00,13.898277351761418,60,39.65417760345221
2001-01-30 08:00:00,14.933553532171501,60,76.60598853485608
2001-01-30 09:00:00,15.968829712581584,60,108.3372279449913
2001-01-30 10:00:00,16.9335535321715,60,132.68546430640967
2001-01-30 11:00:00,17.761980656917693,60,147.99140554844354
2001-01-30 12:00:00,18.397655147309255,60,153.2119770697122
2001-01-30 13:00:00,18.797256837327776,60,147.99140554844354
2001-01-30 14:00:00,18.9335535321715,60,132.68546430640967
2001-01-30 15:00:00,18.797256837327776,60,108.33722794499131
2001-01-30 16:00:00,18.397655147309255,60,76.60598853485608
2001-01-30 17:00:00,17.761980656917693,60,39.65417760345226
2001-01-30 18:00:00,16.9335535321715,60,1.876305573094607e-14
2001-01-30 19:00:00,15.968829712581586,60,0.0
2001-01-30 20:00:00,14.933553532171501,60,0.0
2001-01-30 21:00:00,13.898277351761418,60,0.0
2001-01-30 22:00:00,12.933553532171503,60,0.0
2001-01-30 23:00:00,12.105126407425313,60,0.0
2001-01-31 00:00:00,11.560121683289802,60,0.0
2001-01-31 01:00:00,11.160519993271285,60,0.0
2001-01-31 02:00:00,11.024223298427557,60,0.0
2001-01-31 03:00:00,11.160519993271285,60,0.0
2001-01-31 04:00:00,11.560121683289804,60,0.0
2001-01-31 05:00:00,12.195796173681368,60,0.0
2001-01-31 06:00:00,13.024223298427557,60,0.0
2001-01-31 07:00:00,13.988947118017474,60,40.94499063260908
2001-01-31 08:00:00,15.024223298427557,60,79.09964781840215
2001-01-31 09:00:00,16.05949947883764,60,111.86379472371974
2001-01-31 10:00:00,17.024223298427557,60,137.00460888227727
2001-01-31 11:00:00,17.85265042317375,60,152.8087853563288
2001-01-31 12:00:00,18.48832491356531,60,158.19929563680432
2001-01-31 13:00:00,18.887926603583832,60,152.8087853563288
2001-01-31 14:00:00,19.024223298427557,60,137.00460888227727
2001-01-31 15:00:00,18.887926603583832,60,111.86379472371975
2001-01-31 16:00:00,18.48832491356531,60,79.09964781840215
2001-01-31 17:00:00,17.85265042317375,60,40.94499063260912
2001-01-31 18:00:00,17.024223298427557,60,1.9373826102897826e-14
2001-01-31 19:00:00,16.05949947883764,60,0.0
2001-01-31 20:00:00,15.024223298427557,60,0.0
2001-01-31 21:00:00,13.988947118017474,60,0.0
2001-01-31 22:00:00,13.02422329842756,60,0.0
2001-01-31 23:00:00,12.19579617368137,60,0.0
2001-02-01 00:00:00,11.652562201150362,60,0.0
2001-02-01 01:00:00,11.252960511131844,60,0.0
2001-02-01 02:00:00,11.116663816288117,60,0.0
2001-02-01 03:00:00,11.252960511131844,60,0.0
2001-02-01 04:00:00,11.652562201150364,60,0.0
2001-02-01 05:00:00,12.288236691541927,60,0.0
2001-02-01 06:00:00,13.116663816288117,60,0.0
2001-02-01 07:00:00,14.081387635878034,60,42.23277038449086
2001-02-01 08:00:00,15.116663816288117,60,81.58744726023164
2001-02-01 09:00:00,16.1519399966982,60,115.38207443481922
2001-02-01 10:00:00,17.116663816288117,60,141.31360391456744
2001-02-01 11:00:00,17.94509094103431,60,157.61484481931006
2001-02-01 12:00:00,18.58076543142587,60,163.1748945204633
2001-02-01 13:00:00,18.98036712144439,60,157.61484481931006
2001-02-01 14:00:00,19.116663816288117,60,141.31360391456744
2001-02-01 15:00:00,18.98036712144439,60,115.38207443481923
2001-02-01 16:00:00,18.58076543142587,60,81.58744726023164
2001-02-01 17:00:00,17.94509094103431,60,42.232770384490905
2001-02-01 18:00:00,17.116663816288117,60,1.9983161227569236e-14
2001-02-01 19:00:00,16.1519399966982,60,0.0
2001-02-01 20:00:00,15.116663816288117,60,0.0
2001-02-01 21:00:00,14.081387635878034,60,0.0
2001-02-01 22:00:00,13.116663816288119,60,0.0
2001-02-01 23:00:00,12.288236691541929,60,0.0
2001-02-02 00:00:00,11.746746078494946,60,0.0
2001-02-02 01:00:00,11.347144388476428,60,0.0
2001-02-02 02:00:00,11.2108476936327,60,0.0
2001-02-02 03:00:00,11.347144388476428,60,0.0
2001-02-02 04:00:00,11.746746078494947,60,0.0
2001-02-02 05:00:00,12.382420568886511,60,0.0
2001-02-02 06:00:00,13.2108476936327,60,0.0
2001-02-02 07:00:00,14.175571513222618,60,43.51742145809746
2001-02-02 08:00:00,15.2108476936327,60,84.06920255976482
2001-02-02 09:00:00,16.246123874042784,60,118.89180643791035
2001-02-02 10:00:00,17.2108476936327,60,145.61213018531222
2001-02-02 11:00:00,18.039274818378892,60,162.40922789600782
2001-02-02 12:00:00,18.674949308770454,60,168.13840511952966
2001-02-02 13:00:00,19.074550998788975,60,162.40922789600782
2001-02-02 14:00:00,19.2108476936327,60,145.61213018531222
2001-02-02 15:00:00,19.074550998788975,60,118.89180643791036
2001-02-02 16:00:00,18.674949308770454,60,84.06920255976482
2001-02-02 17:00:00,18.039274818378892,60,43.5174214580975
2001-02-02 18:00:00,17.2108476936327,60,2.0591015964337297e-14
2001-02-02 19:00:00,16.246123874042784,60,0.0
2001-02-02 20:00:00,15.2108476936327,60,0.0
2001-02-02 21:00:00,14.175571513222618,60,0.0
2001-02-02 22:00:00,13.210847693632703,60,0.0
2001-02-02 23:00:00,12.382420568886513,60,0.0
2001-02-03 00:00:00,11.842645406608048,60,0.0
2001-02-03 01:00:00,11.44304371658953,60,0.0
2001-02-03 02:00:00,11.306747021745803,60,0.0
2001-02-03 03:00:00,11.44304371658953,60,0.0
2001-02-03 04:00:00,11.84264540660805,60,0.0
2001-02-03 05:00:00,12.478319896999613,60,0.0
2001-02-03 06:00:00,13.306747021745803,60,0.0
2001-02-03 07:00:00,14.27147084133572,60,44.79884868420675
2001-02-03 08:00:00,15.306747021745803,60,86.54472986418268
2001-02-03 09:00:00,16.342023202155886,60,122.39273072584298
2001-02-03 10:00:00,17.306747021745803,60,149.89986925208797
2001-02-03 11:00:00,18.13517414649199,60,167.19157941004974
2001-02-03 12:00:00,18.770848636883557,60,173.0894597283654
2001-02-03 13:00:00,19.170450326902078,60,167.19157941004974
2001-02-03 14:00:00,19.306747021745803,60,149.89986925208797
2001-02-03 15:00:00,19.170450326902078,60,122.392730725843
2001-02-03 16:00:00,18.770848636883557,60,86.54472986418268
2001-02-03 17:00:00,18.135174146491995,60,44.7988486842068
2001-02-03 18:00:00,17.306747021745803,60,2.1197345282248735e-14
2001-02-03 19:00:00,16.342023202155886,60,0.0
2001-02-03 20:00:00,15.306747021745803,60,0.0
2001-02-03 21:00:00,14.27147084133572,60,0.0
2001-02-03 22:00:00,13.306747021745805,60,0.0
2001-02-03 23:00:00,12.478319896999615,60,0.0
2001-02-04 00:00:00,11.940231768449069,60,0.0
2001-02-04 01:00:00,11.540630078430551,60,0.0
2001-02-04 02:00:00,11.404333383586824,60,0.0
2001-02-04 03:00:00,11.540630078430551,60,0.0
2001-02-04 04:00:00,11.94023176844907,60,0.0
2001-02-04 05:00:00,12.575906258840634,60,0.0
2001-02-04 06:00:00,13.404333383586824,60,0.0
2001-02-04 07:00:00,14.369057203176741,60,46.07695713242494
2001-02-04 08:00:00,15.404333383586824,60,89.01384578204706
2001-02-04 09:00:00,16.439609563996907,60,125.88458794395808
2001-02-04 10:00:00,17.404333383586824,60,154.17650347160614
2001-02-04 11:00:00,18.232760508333016,60,171.96154507638303
2001-02-04 12:00:00,18.868434998724577,60,178.02769156409414
2001-02-04 13:00:00,19.2680366887431,60,171.96154507638303
2001-02-04 14:00:00,19.404333383586824,60,154.17650347160614
2001-02-04 15:00:00,19.2680366887431,60,125.8845879439581
2001-02-04 16:00:00,18.868434998724577,60,89.01384578204706
2001-02-04 17:00:00,18.232760508333016,60,46.07695713242499
2001-02-04 18:00:00,17.404333383586824,60,2.1802104263356015e-14
2001-02-04 19:00:00,16.439609563996907,60,0.0
2001-02-04 20:00:00,15.404333383586824,60,0.0
2001-02-04 21:00:00,14.369057203176741,60,0.0
2001-02-04 22:00:00,13.404333383586826,60,0.0
2001-02-04 23:00:00,12.575906258840636,60,0.0
2001-02-05 00:00:00,12.03947624707291,60,0.0
2001-02-05 01:00:00,11.639874557054393,60,0.0
2001-02-05 02:00:00,11.503577862210665,60,0.0
2001-02-05 03:00:00,11.639874557054393,60,0.0
2001-02-05 04:00:00,12.039476247072912,60,0.0
2001-02-05 05:00:00,12.675150737464476,60,0.0
2001-02-05 06:00:00,13.503577862210665,60,0.0
2001-02-05 07:00:00,14.468301681800583,60,47.351652118219164
2001-02-05 08:00:00,15.503577862210665,60,91.4763673968867
2001-02-05 09:00:00,16.53885404262075,60,129.3671194093012
2001-02-05 10:00:00,17.503577862210665,60,158.44171602324496
2001-02-05 11:00:00,18.332004986956854,60,176.71877152752037
2001-02-05 12:00:00,18.96767947734842,60,182.95273479377343
2001-02-05 13:00:00,19.36728116736694,60,176.71877152752037
2001-02-05 14:00:00,19.503577862210665,60,158.44171602324496
2001-02-05 15:00:00,19.36728116736694,60,129.3671194093012
2001-02-05 16:00:00,18.96767947734842,60,91.4763673968867
2001-02-05 17:00:00,18.332004986956857,60,47.35165211821922
2001-02-05 18:00:00,17.503577862210665,60,2.2405248106044924e-14
2001-02-05 19:00:00,16.53885404262075,60,0.0
2001-02-05 20:00:00,15.503577862210665,60,0.0
2001-02-05 21:00:00,14.468301681800583,60,0.0
2001-02-05 22:00:00,13.503577862210667,60,0.0
2001-02-05 23:00:00,12.675150737464477,60,0.0
2001-02-06 00:00:00,12.140349434198681,60,0.0
2001-02-06 01:00:00,11.740747744180164,60,0.0
2001-02-06 02:00:00,11.604451049336436,60,0.0
2001-02-06 03:00:00,11.740747744180164,60,0.0
2001-02-06 04:00:00,12.140349434198683,60,0.0
2001-02-06 05:00:00,12.776023924590246,60,0.0
2001-02-06 06:00:00,13.604451049336436,60,0.0
2001-02-06 07:00:00,14.569174868926353,60,48.6228392099319
2001-02-06 08:00:00,15.604451049336436,60,93.93211228074794
2001-02-06 09:00:00,16.63972722974652,60,132.84006712978612
2001-02-06 10:00:00,17.604451049336436,60,162.69519093251995
2001-02-06 11:00:00,18.432878174082624,60,181.46290633971802
2001-02-06 12:00:00,19.06855266447419,60,187.86422456149592
2001-02-06 13:00:00,19.46815435449271,60,181.46290633971802
2001-02-06 14:00:00,19.604451049336436,60,162.69519093251995
2001-02-06 15:00:00,19.46815435449271,60,132.84006712978612
2001-02-06 16:00:00,19.06855266447419,60,93.93211228074794
2001-02-06 17:00:00,18.432878174082628,60,48.62283920993195
2001-02-06 18:00:00,17.604451049336436,60,2.3006732128353554e-14
2001-02-06 19:00:00,16.63972722974652,60,0.0
2001-02-06 20:00:00,15.604451049336436,60,0.0
2001-02-06 21:00:00,14.569174868926353,60,0.0
2001-02-06 22:00:00,13.604451049336438,60,0.0
2001-02-06 23:00:00,12.776023924590248,60,0.0
2001-02-07 00:00:00,12.242821438924018,60,0.0
2001-02-07 01:00:00,11.8432197489055,60,0.0
2001-02-07 02:00:00,11.706923054061773,60,0.0
2001-02-07 03:00:00,11.8432197489055,60,0.0
2001-02-07 04:00:00,12.242821438924018,60,0.0
2001-02-07 05:00:00,12.878495929315584,60,0.0
2001-02-07 06:00:00,13.706923054061773,60,0.0
2001-02-07 07:00:00,14.67164687365169,60,49.89042423577659
2001-02-07 08:00:00,15.706923054061773,60,96.3808985077093
2001-02-07 09:00:00,16.742199234471855,60,136.3031738233073
2001-02-07 10:00:00,17.70692305406177,60,166.93661309449195
2001-02-07 11:00:00,18.535350178807963,60,186.1935980590839
2001-02-07 12:00:00,19.17102466919953,60,192.76179701541867
2001-02-07 13:00:00,19.570626359218046,60,186.1935980590839
2001-02-07 14:00:00,19.706923054061775,60,166.93661309449195
2001-02-07 15:00:00,19.570626359218046,60,136.30317382330733
2001-02-07 16:00:00,19.17102466919953,60,96.3808985077093
2001-02-07 17:00:00,18.535350178807963,60,49.89042423577665
2001-02-07 18:00:00,17.70692305406177,60,2.3606511771282427e-14
2001-02-07 19:00:00,16.742199234471858,60,0.0
2001-02-07 20:00:00,15.706923054061773,60,0.0
2001-02-07 21:00:00,14.67164687365169,60,0.0
2001-02-07 22:00:00,13.706923054061775,60,0.0
2001-02-07 23:00:00,12.878495929315585,60,0.0
2001-02-08 00:00:00,12.346861896582395,60,0.0
2001-02-08 01:00:00,11.947260206563877,60,0.0
2001-02-08 02:00:00,11.81096351172015,60,0.0
2001-02-08 03:00:00,11.947260206563877,60,0.0
2001-02-08 04:00:00,12.346861896582396,60,0.0
2001-02-08 05:00:00,12.98253638697396,60,0.0
2001-02-08 06:00:00,13.81096351172015,60,0.0
2001-02-08 07:00:00,14.775687331310067,60,51.15431329081414
2001-02-08 08:00:00,15.81096351172015,60,98.82254466735901
2001-02-08 09:00:00,16.846239692130233,60,139.75618293680012
2001-02-08 10:00:00,17.81096351172015,60,171.16566829711067
2001-02-08 11:00:00,18.639390636466338,60,190.91049622761426
2001-02-08 12:00:00,19.275065126857903,60,197.64508933471808
2001-02-08 13:00:00,19.674666816876424,60,190.91049622761426
2001-02-08 14:00:00,19.81096351172015,60,171.16566829711067
2001-02-08 15:00:00,19.674666816876424,60,139.75618293680014
2001-02-08 16:00:00,19.275065126857903,60,98.82254466735901
2001-02-08 17:00:00,18.63939063646634,60,51.154313290814194
2001-02-08 18:00:00,17.81096351172015,60,2.4204542602095514e-14
2001-02-08 19:00:00,16.846239692130233,60,0.0
2001-02-08 20:00:00,15.81096351172015,60,0.0
2001-02-08 21:00:00,14.775687331310067,60,0.0
2001-02-08 22:00:00,13.810963511720152,60,0.0
2001-02-08 23:00:00,12.982536386973962,60,0.0
2001-02-09 00:00:00,12.452439977740825,60,0.0
2001-02-09 01:00:00,12.052838287722308,60,0.0
2001-02-09 02:00:00,11.91654159287858,60,0.0
2001-02-09 03:00:00,12.052838287722308,60,0.0
2001-02-09 04:00:00,12.452439977740827,60,0.0
2001-02-09 05:00:00,13.08811446813239,60,0.0
2001-02-09 06:00:00,13.91654159287858,60,0.0
2001-02-09 07:00:00,14.881265412468498,60,52.41441274390944
2001-02-09 08:00:00,15.91654159287858,60,101.25686987823397
2001-02-09 09:00:00,16.951817773288663,60,143.19883866524623
2001-02-09 10:00:00,17.91654159287858,60,175.3820432444919
2001-02-09 11:00:00,18.744968717624772,60,195.61325140915568
2001-02-09 12:00:00,19.380643208016334,60,202.51373975646797
2001-02-09 13:00:00,19.780244898034855,60,195.61325140915568
2001-02-09 14:00:00,19.91654159287858,60,175.3820432444919
2001-02-09 15:00:00,19.780244898034855,60,143.19883866524623
2001-02-09 16:00:00,19.380643208016334,60,101.25686987823397
2001-02-09 17:00:00,18.744968717624772,60,52.414412743909494
2001-02-09 18:00:00,17.91654159287858,60,2.480078031761186e-14
2001-02-09 19:00:00,16.951817773288663,60,0.0
2001-02-09 20:00:00,15.91654159287858,60,0.0
2001-02-09 21:00:00,14.881265412468498,60,0.0
2001-02-09 22:00:00,13.916541592878582,60,0.0
2001-02-09 23:00:00,13.088114468132392,60,0.0
2001-02-10 00:00:00,12.559524397335304,60,0.0
2001-02-10 01:00:00,12.159922707316786,60,0.0
2001-02-10 02:00:00,12.02362601247306,60,0.0
2001-02-10 03:00:00,12.159922707316786,60,0.0
2001-02-10 04:00:00,12.559524397335306,60,0.0
2001-02-10 05:00:00,13.19519888772687,60,0.0
2001-02-10 06:00:00,14.02362601247306,60,0.0
2001-02-10 07:00:00,14.988349832062976,60,53.6706292446678
2001-02-10 08:00:00,16.02362601247306,60,103.68369380121995
2001-02-10 09:00:00,17.058902192883142,60,146.63088597062446
2001-02-10 10:00:00,18.02362601247306,60,179.58542558012724
2001-02-10 11:00:00,18.85205313721925,60,200.30151521529228
2001-02-10 12:00:00,19.487727627610813,60,207.36738760243995
2001-02-10 13:00:00,19.887329317629334,60,200.30151521529228
2001-02-10 14:00:00,20.02362601247306,60,179.58542558012724
2001-02-10 15:00:00,19.887329317629334,60,146.6308859706245
2001-02-10 16:00:00,19.487727627610813,60,103.68369380121995
2001-02-10 17:00:00,18.85205313721925,60,53.670629244667865
2001-02-10 18:00:00,18.02362601247306,60,2.539518074748766e-14
2001-02-10 19:00:00,17.058902192883142,60,0.0
2001-02-10 20:00:00,16.02362601247306,60,0.0
2001-02-10 21:00:00,14.988349832062976,60,0.0
2001-02-10 22:00:00,14.023626012473061,60,0.0
2001-02-10 23:00:00,13.195198887726871,60,0.0
2001-02-11 00:00:00,12.668083423941235,60,0.0
2001-02-11 01:00:00,12.268481733922718,60,0.0
2001-02-11 02:00:00,12.13218503907899,60,0.0
2001-02-11 03:00:00,12.268481733922718,60,0.0
2001-02-11 04:00:00,12.668083423941237,60,0.0
2001-02-11 05:00:00,13.3037579143328,60,0.0
2001-02-11 06:00:00,14.13218503907899,60,0.0
2001-02-11 07:00:00,15.096908858668908,60,54.92286973035058
2001-02-11 08:00:00,16.13218503907899,60,106.10283665291146
2001-02-11 09:00:00,17.167461219489073,60,150.05207060080454
2001-02-11 10:00:00,18.13218503907899,60,183.775503910024
2001-02-11 11:00:00,18.960612163825182,60,204.97494033115512
2001-02-11 12:00:00,19.596286654216744,60,212.20567330582298
2001-02-11 13:00:00,19.995888344235265,60,204.97494033115512
2001-02-11 14:00:00,20.13218503907899,60,183.775503910024
2001-02-11 15:00:00,19.995888344235265,60,150.05207060080457
2001-02-11 16:00:00,19.596286654216744,60,106.10283665291146
2001-02-11 17:00:00,18.960612163825182,60,54.92286973035064
2001-02-11 18:00:00,18.13218503907899,60,2.5987699857488503e-14
2001-02-11 19:00:00,17.167461219489073,60,0.0
2001-02-11 20:00:00,16.13218503907899,60,0.0
2001-02-11 21:00:00,15.096908858668908,60,0.0
2001-02-11 22:00:00,14.132185039078992,60,0.0
2001-02-11 23:00:00,13.303757914332802,60,0.0
2001-02-12 00:00:00,12.778084889176137,60,0.0
2001-02-12 01:00:00,12.37848319915762,60,0.0
2001-02-12 02:00:00,12.242186504313892,60,0.0
2001-02-12 03:00:00,12.37848319915762,60,0.0
2001-02-12 04:00:00,12.778084889176139,60,0.0
2001-02-12 05:00:00,13.413759379567702,60,0.0
2001-02-12 06:00:00,14.242186504313892,60,0.0
2001-02-12 07:00:00,15.20691032390381,60,56.17104143276924
2001-02-12 08:00:00,16.242186504313892,60,108.51411921893022
2001-02-12 09:00:00,17.277462684723975,60,153.46213910838208
2001-02-12 10:00:00,18.242186504313892,60,187.95196782577355
2001-02-12 11:00:00,19.070613629060084,60,209.63318054115132
2001-02-12 12:00:00,19.706288119451646,60,217.0282384378605
2001-02-12 13:00:00,20.105889809470167,60,209.63318054115132
2001-02-12 14:00:00,20.242186504313892,60,187.95196782577355
2001-02-12 15:00:00,20.105889809470167,60,153.46213910838208
2001-02-12 16:00:00,19.706288119451646,60,108.51411921893022
2001-02-12 17:00:00,19.070613629060084,60,56.1710414327693
2001-02-12 18:00:00,18.242186504313892,60,2.657829375275144e-14
2001-02-12 19:00:00,17.277462684723975,60,0.0
2001-02-12 20:00:00,16.242186504313892,60,0.0
2001-02-12 21:00:00,15.20691032390381,60,0.0
2001-02-12 22:00:00,14.242186504313894,60,0.0
2001-02-12 23:00:00,13.413759379567704,60,0.0
2001-02-13 00:00:00,12.889496197231837,60,0.0
2001-02-13 01:00:00,12.48989450721332,60,0.0
2001-02-13 02:00:00,12.353597812369593,60,0.0
2001-02-13 03:00:00,12.48989450721332,60,0.0
2001-02-13 04:00:00,12.88949619723184,60,0.0
2001-02-13 05:00:00,13.525170687623403,60,0.0
2001-02-13 06:00:00,14.353597812369593,60,0.0
2001-02-13 07:00:00,15.31832163195951,60,57.41505188515799
2001-02-13 08:00:00,16.353597812369593,60,110.9173628672019
2001-02-13 09:00:00,17.388873992779676,60,156.86083886945488
2001-02-13 10:00:00,18.353597812369593,60,192.1145079275473
2001-02-13 11:00:00,19.182024937115784,60,214.27589075461287
2001-02-13 12:00:00,19.817699427507346,60,221.83472573440386
2001-02-13 13:00:00,20.217301117525867,60,214.27589075461287
2001-02-13 14:00:00,20.353597812369593,60,192.1145079275473
2001-02-13 15:00:00,20.217301117525867,60,156.86083886945488
2001-02-13 16:00:00,19.817699427507346,60,110.9173628672019
2001-02-13 17:00:00,19.182024937115784,60,57.41505188515805
2001-02-13 18:00:00,18.353597812369593,60,2.7166918681036865e-14
2001-02-13 19:00:00,17.388873992779676,60,0.0
2001-02-13 20:00:00,16.353597812369593,60,0.0
2001-02-13 21:00:00,15.31832163195951,60,0.0
2001-02-13 22:00:00,14.353597812369594,60,0.0
2001-02-13 23:00:00,13.525170687623405,60,0.0
2001-02-14 00:00:00,13.002284334533302,60,0.0
2001-02-14 01:00:00,12.602682644514784,60,0.0
2001-02-14 02:00:00,12.466385949671057,60,0.0
2001-02-14 03:00:00,12.602682644514784,60,0.0
2001-02-14 04:00:00,13.002284334533304,60,0.0
2001-02-14 05:00:00,13.637958824924867,60,0.0
2001-02-14 06:00:00,14.466385949671057,60,0.0
2001-02-14 07:00:00,15.431109769260974,60,58.65480892902379
2001-02-14 08:00:00,16.466385949671057,60,113.31238956118942
2001-02-14 09:00:00,17.50166213008114,60,160.24791810233762
2001-02-14 10:00:00,18.466385949671057,60,196.2628158470174
2001-02-14 11:00:00,19.29481307441725,60,218.90272703136142
2001-02-14 12:00:00,19.93048756480881,60,226.6247791223789
2001-02-14 13:00:00,20.33008925482733,60,218.90272703136142
2001-02-14 14:00:00,20.466385949671057,60,196.2628158470174
2001-02-14 15:00:00,20.33008925482733,60,160.24791810233765
2001-02-14 16:00:00,19.93048756480881,60,113.31238956118942
2001-02-14 17:00:00,19.29481307441725,60,58.65480892902385
2001-02-14 18:00:00,18.466385949671057,60,2.7753531035969722e-14
2001-02-14 19:00:00,17.50166213008114,60,0.0
2001-02-14 20:00:00,16.466385949671057,60,0.0
2001-02-14 21:00:00,15.431109769260974,60,0.0
2001-02-14 22:00:00,14.466385949671059,60,0.0
2001-02-14 23:00:00,13.637958824924869,60,0.0
2001-02-15 00:00:00,13.116415879521286,60,0.0
2001-02-15 01:00:00,12.716814189502768,60,0.0
2001-02-15 02:00:00,12.580517494659041,60,0.0
2001-02-15 03:00:00,12.716814189502768,60,0.0
2001-02-15 04:00:00,13.116415879521288,60,0.0
2001-02-15 05:00:00,13.752090369912851,60,0.0
2001-02-15 06:00:00,14.580517494659041,60,0.0
2001-02-15 07:00:00,15.545241314248958,60,59.89022072097355
2001-02-15 08:00:00,16.58051749465904,60,115.6990218730821
2001-02-15 09:00:00,17.615793675069124,60,163.6231258862141
2001-02-15 10:00:00,18.58051749465904,60,200.3965842702011
2001-02-15 11:00:00,19.408944619405233,60,223.51334660718766
2001-02-15 12:00:00,20.044619109796795,60,231.39804374616423
2001-02-15 13:00:00,20.444220799815316,60,223.51334660718766
2001-02-15 14:00:00,20.58051749465904,60,200.3965842702011
2001-02-15 15:00:00,20.444220799815316,60,163.62312588621413
2001-02-15 16:00:00,20.044619109796795,60,115.6990218730821
2001-02-15 17:00:00,19.408944619405233,60,59.890220720973616
2001-02-15 18:00:00,18.58051749465904,60,2.8338087360269922e-14
2001-02-15 19:00:00,17.615793675069124,60,0.0
2001-02-15 20:00:00,16.58051749465904,60,0.0
2001-02-15 21:00:00,15.545241314248958,60,0.0
2001-02-15 22:00:00,14.580517494659043,60,0.0
2001-02-15 23:00:00,13.752090369912853,60,0.0
2001-02-16 00:00:00,13.231857012555848,60,0.0
2001-02-16 01:00:00,12.83225532253733,60,0.0
2001-02-16 02:00:00,12.695958627693603,60,0.0
2001-02-16 03:00:00,12.83225532253733,60,0.0
2001-02-16 04:00:00,13.23185701255585,60,0.0
2001-02-16 05:00:00,13.867531502947413,60,0.0
2001-02-16 06:00:00,14.695958627693603,60,0.0
2001-02-16 07:00:00,15.66068244728352,60,61.12119573951821
2001-02-16 08:00:00,16.695958627693603,60,118.07708299693999
2001-02-16 09:00:00,17.731234808103686,60,166.98621217972615
2001-02-16 10:00:00,18.695958627693603,60,204.51550696022733
2001-02-16 11:00:00,19.52438575243979,60,228.10740791924437
2001-02-16 12:00:00,20.160060242831356,60,236.15416599388004
2001-02-16 13:00:00,20.559661932849878,60,228.10740791924437
2001-02-16 14:00:00,20.695958627693603,60,204.51550696022733
2001-02-16 15:00:00,20.559661932849878,60,166.98621217972615
2001-02-16 16:00:00,20.160060242831356,60,118.07708299693999
2001-02-16 17:00:00,19.524385752439795,60,61.12119573951828
2001-02-16 18:00:00,18.695958627693603,60,2.892054434897179e-14
2001-02-16 19:00:00,17.731234808103686,60,0.0
2001-02-16 20:00:00,16.695958627693603,60,0.0
2001-02-16 21:00:00,15.66068244728352,60,0.0
2001-02-16 22:00:00,14.695958627693605,60,0.0
2001-02-16 23:00:00,13.867531502947415,60,0.0
2001-02-17 00:00:00,13.348573525937843,60,0.0
2001-02-17 01:00:00,12.948971835919325,60,0.0
2001-02-17 02:00:00,12.812675141075598,60,0.0
2001-02-17 03:00:00,12.948971835919325,60,0.0
2001-02-17 04:00:00,13.348573525937844,60,0.0
2001-02-17 05:00:00,13.984248016329408,60,0.0
2001-02-17 06:00:00,14.812675141075598,60,0.0
2001-02-17 07:00:00,15.777398960665515,60,62.34764279185266
2001-02-17 08:00:00,16.812675141075598,60,120.44639676179187
2001-02-17 09:00:00,17.84795132148568,60,170.33692783949692
2001-02-17 10:00:00,18.812675141075598,60,208.61927878002308
2001-02-17 11:00:00,19.641102265821786,60,232.6845706313496
2001-02-17 12:00:00,20.27677675621335,60,240.8927935235838
2001-02-17 13:00:00,20.676378446231872,60,232.6845706313496
2001-02-17 14:00:00,20.812675141075598,60,208.61927878002308
2001-02-17 15:00:00,20.676378446231872,60,170.33692783949695
2001-02-17 16:00:00,20.27677675621335,60,120.44639676179187
2001-02-17 17:00:00,19.64110226582179,60,62.34764279185272
2001-02-17 18:00:00,18.812675141075598,60,2.9500858852632115e-14
2001-02-17 19:00:00,17.84795132148568,60,0.0
2001-02-17 20:00:00,16.812675141075598,60,0.0
2001-02-17 21:00:00,15.777398960665515,60,0.0
2001-02-17 22:00:00,14.8126751410756,60,0.0
2001-02-17 23:00:00,13.98424801632941,60,0.0
2001-02-18 00:00:00,13.46653083404541,60,0.0
2001-02-18 01:00:00,13.066929144026892,60,0.0
2001-02-18 02:00:00,12.930632449183165,60,0.0
2001-02-18 03:00:00,13.066929144026892,60,0.0
2001-02-18 04:00:00,13.466530834045411,60,0.0
2001-02-18 05:00:00,14.102205324436975,60,0.0
2001-02-18 06:00:00,14.930632449183165,60,0.0
2001-02-18 07:00:00,15.895356268773082,60,63.569471020611566
2001-02-18 08:00:00,16.930632449183165,60,122.80678764468641
2001-02-18 09:00:00,17.965908629593248,60,173.67502463858818
2001-02-18 10:00:00,18.930632449183165,60,212.70759571491877
2001-02-18 11:00:00,19.759059573929356,60,237.24449565919974
2001-02-18 12:00:00,20.394734064320918,60,245.61357528937285
2001-02-18 13:00:00,20.79433575433944,60,237.24449565919974
2001-02-18 14:00:00,20.930632449183165,60,212.70759571491877
2001-02-18 15:00:00,20.79433575433944,60,173.67502463858818
2001-02-18 16:00:00,20.394734064320918,60,122.80678764468641
2001-02-18 17:00:00,19.759059573929356,60,63.56947102061164
2001-02-18 18:00:00,18.930632449183165,60,3.007898788052679e-14
2001-02-18 19:00:00,17.965908629593248,60,0.0
2001-02-18 20:00:00,16.930632449183165,60,0.0
2001-02-18 21:00:00,15.895356268773082,60,0.0
2001-02-18 22:00:00,14.930632449183166,60,0.0
2001-02-18 23:00:00,14.102205324436976,60,0.0
2001-02-19 00:00:00,13.585693983582425,60,0.0
2001-02-19 01:00:00,13.186092293563908,60,0.0
2001-02-19 02:00:00,13.04979559872018,60,0.0
2001-02-19 03:00:00,13.186092293563908,60,0.0
2001-02-19 04:00:00,13.585693983582427,60,0.0
2001-02-19 05:00:00,14.22136847397399,60,0.0
2001-02-19 06:00:00,15.04979559872018,60,0.0
2001-02-19 07:00:00,16.014519418310098,60,64.7865899106002
2001-02-19 08:00:00,17.04979559872018,60,125.15808078369501
2001-02-19 09:00:00,18.085071779130264,60,177.00025528488896
2001-02-19 10:00:00,19.04979559872018,60,216.78015489516977
2001-02-19 11:00:00,19.878222723466372,60,241.78684519548918
2001-02-19 12:00:00,20.513897213857934,60,250.31616156739008
2001-02-19 13:00:00,20.913498903876455,60,241.78684519548918
2001-02-19 14:00:00,21.04979559872018,60,216.78015489516977
2001-02-19 15:00:00,20.913498903876455,60,177.000255284889
2001-02-19 16:00:00,20.513897213857934,60,125.15808078369501
2001-02-19 17:00:00,19.878222723466372,60,64.78658991060027
2001-02-19 18:00:00,19.04979559872018,60,3.06548886038356e-14
2001-02-19 19:00:00,18.085071779130264,60,0.0
2001-02-19 20:00:00,17.04979559872018,60,0.0
2001-02-19 21:00:00,16.014519418310098,60,0.0
2001-02-19 22:00:00,15.049795598720182,60,0.0
2001-02-19 23:00:00,14.221368473973993,60,0.0
2001-02-20 00:00:00,13.706027663935936,60,0.0
2001-02-20 01:00:00,13.306425973917419,60,0.0
2001-02-20 02:00:00,13.170129279073691,60,0.0
2001-02-20 03:00:00,13.306425973917419,60,0.0
2001-02-20 04:00:00,13.706027663935938,60,0.0
2001-02-20 05:00:00,14.341702154327502,60,0.0
2001-02-20 06:00:00,15.170129279073691,60,0.0
2001-02-20 07:00:00,16.13485309866361,60,65.99890929549998
2001-02-20 08:00:00,17.17012927907369,60,127.50010199086616
2001-02-20 09:00:00,18.205405459483774,60,180.3123734394358
2001-02-20 10:00:00,19.17012927907369,60,220.836654618394
2001-02-20 11:00:00,19.998556403819883,60,246.3112827349358
2001-02-20 12:00:00,20.634230894211445,60,255.00020398173237
2001-02-20 13:00:00,21.033832584229966,60,246.3112827349358
2001-02-20 14:00:00,21.17012927907369,60,220.836654618394
2001-02-20 15:00:00,21.033832584229966,60,180.31237343943582
2001-02-20 16:00:00,20.634230894211445,60,127.50010199086616
2001-02-20 17:00:00,19.998556403819883,60,65.99890929550006
2001-02-20 18:00:00,19.17012927907369,60,3.1228518358815066e-14
2001-02-20 19:00:00,18.205405459483774,60,0.0
2001-02-20 20:00:00,17.17012927907369,60,0.0
2001-02-20 21:00:00,16.13485309866361,60,0.0
2001-02-20 22:00:00,15.170129279073693,60,0.0
2001-02-20 23:00:00,14.341702154327503,60,0.0
2001-02-21 00:00:00,13.827496217639437,60,0.0
2001-02-21 01:00:00,13.42789452762092,60,0.0
2001-02-21 02:00:00,13.291597832777192,60,0.0
2001-02-21 03:00:00,13.42789452762092,60,0.0
2001-02-21 04:00:00,13.827496217639439,60,0.0
2001-02-21 05:00:00,14.463170708031003,60,0.0
2001-02-21 06:00:00,15.291597832777192,60,0.0
2001-02-21 07:00:00,16.25632165236711,60,67.20633936454811
2001-02-21 08:00:00,17.291597832777192,60,129.83267776512932
2001-02-21 09:00:00,18.326874013187275,60,183.6111337346617
2001-02-21 10:00:00,19.291597832777192,60,224.87679437192213
2001-02-21 11:00:00,20.120024957523384,60,250.81747309920982
2001-02-21 12:00:00,20.755699447914946,60,259.6653555302587
2001-02-21 13:00:00,21.155301137933467,60,250.81747309920982
2001-02-21 14:00:00,21.291597832777192,60,224.87679437192213
2001-02-21 15:00:00,21.155301137933467,60,183.61113373466173
2001-02-21 16:00:00,20.755699447914946,60,129.83267776512932
2001-02-21 17:00:00,20.120024957523384,60,67.20633936454819
2001-02-21 18:00:00,19.291597832777192,60,3.179983464995908e-14
2001-02-21 19:00:00,18.326874013187275,60,0.0
2001-02-21 20:00:00,17.291597832777192,60,0.0
2001-02-21 21:00:00,16.25632165236711,60,0.0
2001-02-21 22:00:00,15.291597832777194,60,0.0
2001-02-21 23:00:00,14.463170708031004,60,0.0
2001-02-22 00:00:00,13.95006365093896,60,0.0
2001-02-22 01:00:00,13.550461960920442,60,0.0
2001-02-22 02:00:00,13.414165266076715,60,0.0
2001-02-22 03:00:00,13.550461960920442,60,0.0
2001-02-22 04:00:00,13.950063650938962,60,0.0
2001-02-22 05:00:00,14.585738141330525,60,0.0
2001-02-22 06:00:00,15.414165266076715,60,0.0
2001-02-22 07:00:00,16.378889085666632,60,68.408790669191
2001-02-22 08:00:00,17.414165266076715,60,132.15563530514845
2001-02-22 09:00:00,18.449441446486798,60,186.89629179257358
2001-02-22 10:00:00,19.414165266076715,60,228.90027485506045
2001-02-22 11:00:00,20.242592390822907,60,255.30508246176458
2001-02-22 12:00:00,20.87826688121447,60,264.31127061029696
2001-02-22 13:00:00,21.27786857123299,60,255.30508246176458
2001-02-22 14:00:00,21.414165266076715,60,228.90027485506045
2001-02-22 15:00:00,21.27786857123299,60,186.8962917925736
2001-02-22 16:00:00,20.87826688121447,60,132.15563530514845
2001-02-22 17:00:00,20.242592390822907,60,68.40879066919109
2001-02-22 18:00:00,19.414165266076715,60,3.2368795153147e-14
2001-02-22 19:00:00,18.449441446486798,60,0.0
2001-02-22 20:00:00,17.414165266076715,60,0.0
2001-02-22 21:00:00,16.378889085666632,60,0.0
2001-02-22 22:00:00,15.414165266076717,60,0.0
2001-02-22 23:00:00,14.585738141330527,60,0.0
2001-02-23 00:00:00,14.073693644458794,60,0.0
2001-02-23 01:00:00,13.674091954440277,60,0.0
2001-02-23 02:00:00,13.53779525959655,60,0.0
2001-02-23 03:00:00,13.674091954440277,60,0.0
2001-02-23 04:00:00,14.073693644458796,60,0.0
2001-02-23 05:00:00,14.70936813485036,60,0.0
2001-02-23 06:00:00,15.53779525959655,60,0.0
2001-02-23 07:00:00,16.502519079186467,60,69.60617412971071
2001-02-23 08:00:00,17.53779525959655,60,134.46880252212316
2001-02-23 09:00:00,18.573071440006633,60,190.16760424285604
2001-02-23 10:00:00,19.53779525959655,60,232.90679800126335
2001-02-23 11:00:00,20.36622238434274,60,259.77377837256677
2001-02-23 12:00:00,21.001896874734303,60,268.93760504424637
2001-02-23 13:00:00,21.401498564752824,60,259.77377837256677
2001-02-23 14:00:00,21.53779525959655,60,232.90679800126335
2001-02-23 15:00:00,21.401498564752824,60,190.16760424285607
2001-02-23 16:00:00,21.001896874734303,60,134.46880252212316
2001-02-23 17:00:00,20.36622238434274,60,69.6061741297108
2001-02-23 18:00:00,19.53779525959655,60,3.293535771877914e-14
2001-02-23 19:00:00,18.573071440006633,60,0.0
2001-02-23 20:00:00,17.53779525959655,60,0.0
2001-02-23 21:00:00,16.502519079186467,60,0.0
2001-02-23 22:00:00,15.537795259596551,60,0.0
2001-02-23 23:00:00,14.709368134850362,60,0.0
2001-02-24 00:00:00,14.198349563963712,60,0.0
2001-02-24 01:00:00,13.798747873945194,60,0.0
2001-02-24 02:00:00,13.662451179101467,60,0.0
2001-02-24 03:00:00,13.798747873945194,60,0.0
2001-02-24 04:00:00,14.198349563963713,60,0.0
2001-02-24 05:00:00,14.834024054355277,60,0.0
2001-02-24 06:00:00,15.662451179101467,60,0.0
2001-02-24 07:00:00,16.627174998691384,60,70.79840104182414
2001-02-24 08:00:00,17.662451179101467,60,136.77200805253761
2001-02-24 09:00:00,18.69772735951155,60,193.4248287409009
2001-02-24 10:00:00,19.662451179101467,60,236.89606700021483
2001-02-24 11:00:00,20.49087830384766,60,264.223229782725
2001-02-24 12:00:00,21.12655279423922,60,273.5440161050753
2001-02-24 13:00:00,21.52615448425774,60,264.223229782725
2001-02-24 14:00:00,21.662451179101467,60,236.89606700021483
2001-02-24 15:00:00,21.52615448425774,60,193.42482874090092
2001-02-24 16:00:00,21.12655279423922,60,136.77200805253761
2001-02-24 17:00:00,20.49087830384766,60,70.79840104182422
2001-02-24 18:00:00,19.662451179101467,60,3.349948037489925e-14
2001-02-24 19:00:00,18.69772735951155,60,0.0
2001-02-24 20:00:00,17.662451179101467,60,0.0
2001-02-24 21:00:00,16.627174998691384,60,0.0
2001-02-24 22:00:00,15.662451179101469,60,0.0
2001-02-24 23:00:00,14.834024054355279,60,0.0
2001-02-25 00:00:00,14.32399447121446,60,0.0
2001-02-25 01:00:00,13.924392781195943,60,0.0
2001-02-25 02:00:00,13.788096086352216,60,0.0
2001-02-25 03:00:00,13.924392781195943,60,0.0
2001-02-25 04:00:00,14.323994471214462,60,0.0
2001-02-25 05:00:00,14.959668961606026,60,0.0
2001-02-25 06:00:00,15.788096086352216,60,0.0
2001-02-25 07:00:00,16.752819905942133,60,71.9853830832544
2001-02-25 08:00:00,17.788096086352216,60,139.06508127085525
2001-02-25 09:00:00,18.8233722667623,60,196.66772398576018
2001-02-25 10:00:00,19.788096086352216,60,240.86778631981642
2001-02-25 11:00:00,20.616523211098404,60,268.6531070690146
2001-02-25 12:00:00,21.25219770148997,60,278.13016254171055
2001-02-25 13:00:00,21.65179939150849,60,268.6531070690146
2001-02-25 14:00:00,21.788096086352216,60,240.86778631981642
2001-02-25 15:00:00,21.65179939150849,60,196.6677239857602
2001-02-25 16:00:00,21.25219770148997,60,139.06508127085525
2001-02-25 17:00:00,20.616523211098407,60,71.98538308325449
2001-02-25 18:00:00,19.788096086352216,60,3.406112133030389e-14
2001-02-25 19:00:00,18.8233722667623,60,0.0
2001-02-25 20:00:00,17.788096086352216,60,0.0
2001-02-25 21:00:00,16.752819905942133,60,0.0
2001-02-25 22:00:00,15.788096086352217,60,0.0
2001-02-25 23:00:00,14.959668961606027,60,0.0
2001-02-26 00:00:00,14.45059113491339,60,0.0
2001-02-26 01:00:00,14.050989444894872,60,0.0
2001-02-26 02:00:00,13.914692750051145,60,0.0
2001-02-26 03:00:00,14.050989444894872,60,0.0
2001-02-26 04:00:00,14.450591134913392,60,0.0
2001-02-26 05:00:00,15.086265625304955,60,0.0
2001-02-26 06:00:00,15.914692750051145,60,0.0
2001-02-26 07:00:00,16.879416569641062,60,73.16703232027393
2001-02-26 08:00:00,17.914692750051145,60,141.3478523021591
2001-02-26 09:00:00,18.949968930461228,60,199.89604973802253
2001-02-26 10:00:00,19.914692750051145,60,244.82166172808112
2001-02-26 11:00:00,20.743119874797337,60,273.06308205829646
2001-02-26 12:00:00,21.3787943651889,60,282.6957046043183
2001-02-26 13:00:00,21.77839605520742,60,273.06308205829646
2001-02-26 14:00:00,21.914692750051145,60,244.82166172808112
2001-02-26 15:00:00,21.77839605520742,60,199.89604973802255
2001-02-26 16:00:00,21.3787943651889,60,141.3478523021591
2001-02-26 17:00:00,20.743119874797337,60,73.16703232027402
2001-02-26 18:00:00,19.914692750051145,60,3.46202389776384e-14
2001-02-26 19:00:00,18.949968930461228,60,0.0
2001-02-26 20:00:00,17.914692750051145,60,0.0
2001-02-26 21:00:00,16.879416569641062,60,0.0
2001-02-26 22:00:00,15.914692750051147,60,0.0
2001-02-26 23:00:00,15.086265625304957,60,0.0
2001-02-27 00:00:00,14.57810204173686,60,0.0
2001-02-27 01:00:00,14.178500351718343,60,0.0
2001-02-27 02:00:00,14.042203656874616,60,0.0
2001-02-27 03:00:00,14.178500351718343,60,0.0
2001-02-27 04:00:00,14.578102041736862,60,0.0
2001-02-27 05:00:00,15.213776532128426,60,0.0
2001-02-27 06:00:00,16.042203656874616,60,0.0
2001-02-27 07:00:00,17.006927476464533,60,74.34326121421873
2001-02-27 08:00:00,18.042203656874616,60,143.62015203473652
2001-02-27 09:00:00,19.0774798372847,60,203.10956683761026
2001-02-27 10:00:00,20.042203656874616,60,248.75740031493035
2001-02-27 11:00:00,20.870630781620804,60,277.452828051829
2001-02-27 12:00:00,21.50630527201237,60,287.2403040694731
2001-02-27 13:00:00,21.90590696203089,60,277.452828051829
2001-02-27 14:00:00,22.042203656874616,60,248.75740031493035
2001-02-27 15:00:00,21.90590696203089,60,203.1095668376103
2001-02-27 16:00:00,21.50630527201237,60,143.62015203473652
2001-02-27 17:00:00,20.870630781620807,60,74.34326121421881
2001-02-27 18:00:00,20.042203656874616,60,3.5176791896479265e-14
2001-02-27 19:00:00,19.0774798372847,60,0.0
2001-02-27 20:00:00,18.042203656874616,60,0.0
2001-02-27 21:00:00,17.006927476464533,60,0.0
2001-02-27 22:00:00,16.042203656874616,60,0.0
2001-02-27 23:00:00,15.213776532128428,60,0.0
2001-02-28 00:00:00,14.70648940745127,60,0.0
2001-02-28 01:00:00,14.306887717432753,60,0.0
2001-02-28 02:00:00,14.170591022589026,60,0.0
2001-02-28 03:00:00,14.306887717432753,60,0.0
2001-02-28 04:00:00,14.706489407451272,60,0.0
2001-02-28 05:00:00,15.342163897842836,60,0.0
2001-02-28 06:00:00,16.170591022589026,60,0.0
2001-02-28 07:00:00,17.135314842178943,60,75.51398262797335
2001-02-28 08:00:00,18.170591022589026,60,145.881812132607
2001-02-28 09:00:00,19.20586720299911,60,206.30803722149676
2001-02-28 10:00:00,20.170591022589026,60,252.67471051389325
2001-02-28 11:00:00,20.999018147335214,60,281.8220198494701
2001-02-28 12:00:00,21.63469263772678,60,291.76362426521405
2001-02-28 13:00:00,22.0342943277453,60,281.8220198494701
2001-02-28 14:00:00,22.170591022589026,60,252.67471051389325
2001-02-28 15:00:00,22.0342943277453,60,206.3080372214968
2001-02-28 16:00:00,21.63469263772678,60,145.881812132607
2001-02-28 17:00:00,20.999018147335217,60,75.51398262797343
2001-02-28 18:00:00,20.170591022589026,60,3.573073885640254e-14
2001-02-28 19:00:00,19.20586720299911,60,0.0
2001-02-28 20:00:00,18.170591022589026,60,0.0
2001-02-28 21:00:00,17.135314842178943,60,0.0
2001-02-28 22:00:00,16.170591022589026,60,0.0
2001-02-28 23:00:00,15.342163897842838,60,0.0
2001-03-01 00:00:00,14.835715188109338,60,0.0
2001-03-01 01:00:00,14.43611349809082,60,0.0
2001-03-01 02:00:00,14.299816803247094,60,0.0
2001-03-01 03:00:00,14.43611349809082,60,0.0
2001-03-01 04:00:00,14.83571518810934,60,0.0
2001-03-01 05:00:00,15.471389678500904,60,0.0
2001-03-01 06:00:00,16.299816803247094,60,0.0
2001-03-01 07:00:00,17.26454062283701,60,76.67910983242628
2001-03-01 08:00:00,18.299816803247094,60,148.13266504799313
2001-03-01 09:00:00,19.335092983657177,60,209.49122394134287
2001-03-01 10:00:00,20.299816803247094,60,256.5733021237066
2001-03-01 11:00:00,21.12824392799328,60,286.17033377376913
2001-03-01 12:00:00,21.763918418384847,60,296.2653300959863
2001-03-01 13:00:00,22.163520108403368,60,286.17033377376913
2001-03-01 14:00:00,22.299816803247094,60,256.5733021237066
2001-03-01 15:00:00,22.163520108403368,60,209.4912239413429
2001-03-01 16:00:00,21.763918418384847,60,148.13266504799313
2001-03-01 17:00:00,21.128243927993285,60,76.67910983242636
2001-03-01 18:00:00,20.299816803247094,60,3.6282038820038364e-14
2001-03-01 19:00:00,19.335092983657177,60,0.0
2001-03-01 20:00:00,18.299816803247094,60,0.0
2001-03-01 21:00:00,17.26454062283701,60,0.0
2001-03-01 22:00:00,16.299816803247094,60,0.0
2001-03-01 23:00:00,15.471389678500906,60,0.0
2001-03-02 00:00:00,14.965741091323329,60,0.0
2001-03-02 01:00:00,14.566139401304811,60,0.0
2001-03-02 02:00:00,14.429842706461084,60,0.0
2001-03-02 03:00:00,14.566139401304811,60,0.0
2001-03-02 04:00:00,14.96574109132333,60,0.0
2001-03-02 05:00:00,15.601415581714894,60,0.0
2001-03-02 06:00:00,16.429842706461084,60,0.0
2001-03-02 07:00:00,17.394566526051,60,77.83855651289488
2001-03-02 08:00:00,18.429842706461084,60,150.37254403373265
2001-03-02 09:00:00,19.465118886871167,60,212.65889118105017
2001-03-02 10:00:00,20.429842706461084,60,260.4528863298132
2001-03-02 11:00:00,21.258269831207272,60,290.49744769394505
2001-03-02 12:00:00,21.893944321598838,60,300.74508806746536
2001-03-02 13:00:00,22.29354601161736,60,290.49744769394505
2001-03-02 14:00:00,22.429842706461084,60,260.4528863298132
2001-03-02 15:00:00,22.29354601161736,60,212.6588911810502
2001-03-02 16:00:00,21.893944321598838,60,150.37254403373265
2001-03-02 17:00:00,21.258269831207276,60,77.83855651289497
2001-03-02 18:00:00,20.429842706461084,60,3.6830650946111027e-14
2001-03-02 19:00:00,19.465118886871167,60,0.0
2001-03-02 20:00:00,18.429842706461084,60,0.0
2001-03-02 21:00:00,17.394566526051,60,0.0
2001-03-02 22:00:00,16.429842706461084,60,0.0
2001-03-02 23:00:00,15.601415581714896,60,0.0
2001-03-03 00:00:00,15.096528587611934,60,0.0
2001-03-03 01:00:00,14.696926897593416,60,0.0
2001-03-03 02:00:00,14.560630202749689,60,0.0
2001-03-03 03:00:00,14.696926897593416,60,0.0
2001-03-03 04:00:00,15.096528587611935,60,0.0
2001-03-03 05:00:00,15.732203078003499,60,0.0
2001-03-03 06:00:00,16.56063020274969,60,0.0
2001-03-03 07:00:00,17.525354022339606,60,78.99223677551977
2001-03-03 08:00:00,18.56063020274969,60,152.6012831556313
2001-03-03 09:00:00,19.59590638315977,60,215.81080427423075
2001-03-03 10:00:00,20.56063020274969,60,264.3131757257582
2001-03-03 11:00:00,21.389057327495877,60,294.8030410497505
2001-03-03 12:00:00,22.024731817887442,60,305.2025663112627
2001-03-03 13:00:00,22.424333507905963,60,294.8030410497505
2001-03-03 14:00:00,22.56063020274969,60,264.3131757257582
2001-03-03 15:00:00,22.424333507905963,60,215.81080427423078
2001-03-03 16:00:00,22.024731817887442,60,152.6012831556313
2001-03-03 17:00:00,21.38905732749588,60,78.99223677551986
2001-03-03 18:00:00,20.56063020274969,60,3.737653459246456e-14
2001-03-03 19:00:00,19.59590638315977,60,0.0
2001-03-03 20:00:00,18.56063020274969,60,0.0
2001-03-03 21:00:00,17.525354022339606,60,0.0
2001-03-03 22:00:00,16.56063020274969,60,0.0
2001-03-03 23:00:00,15.7322030780035,60,0.0
2001-03-04 00:00:00,15.228038921817374,60,0.0
2001-03-04 01:00:00,14.828437231798857,60,0.0
2001-03-04 02:00:00,14.69214053695513,60,0.0
2001-03-04 03:00:00,14.828437231798857,60,0.0
2001-03-04 04:00:00,15.228038921817376,60,0.0
2001-03-04 05:00:00,15.86371341220894,60,0.0
2001-03-04 06:00:00,16.69214053695513,60,0.0
2001-03-04 07:00:00,17.656864356545046,60,80.14006515362802
2001-03-04 08:00:00,18.69214053695513,60,154.81871730475578
2001-03-04 09:00:00,19.727416717365212,60,218.94672972159185
2001-03-04 10:00:00,20.69214053695513,60,268.15388433448004
2001-03-04 11:00:00,21.52056766170132,60,299.0867948752199
2001-03-04 12:00:00,22.156242152092883,60,309.6374346095116
2001-03-04 13:00:00,22.555843842111404,60,299.0867948752199
2001-03-04 14:00:00,22.69214053695513,60,268.15388433448004
2001-03-04 15:00:00,22.555843842111404,60,218.94672972159188
2001-03-04 16:00:00,22.156242152092883,60,154.81871730475578
2001-03-04 17:00:00,21.52056766170132,60,80.1400651536281
2001-03-04 18:00:00,20.69214053695513,60,3.791964931907363e-14
2001-03-04 19:00:00,19.727416717365212,60,0.0
2001-03-04 20:00:00,18.69214053695513,60,0.0
2001-03-04 21:00:00,17.656864356545046,60,0.0
2001-03-04 22:00:00,16.69214053695513,60,0.0
2001-03-04 23:00:00,15.863713412208941,60,0.0
2001-03-05 00:00:00,15.360233124589401,60,0.0
2001-03-05 01:00:00,14.960631434570884,60,0.0
2001-03-05 02:00:00,14.824334739727156,60,0.0
2001-03-05 03:00:00,14.960631434570884,60,0.0
2001-03-05 04:00:00,15.360233124589403,60,0.0
2001-03-05 05:00:00,15.995907614980966,60,0.0
2001-03-05 06:00:00,16.824334739727156,60,0.0
2001-03-05 07:00:00,17.789058559317073,60,81.28195661406458
2001-03-05 08:00:00,18.824334739727156,60,157.02468220966506
2001-03-05 09:00:00,19.85961092013724,60,222.0664352082336
2001-03-05 10:00:00,20.824334739727156,60,271.9747276294967
2001-03-05 11:00:00,21.652761864473348,60,303.3483918222982
2001-03-05 12:00:00,22.28843635486491,60,314.0493644193302
2001-03-05 13:00:00,22.68803804488343,60,303.3483918222982
2001-03-05 14:00:00,22.824334739727156,60,271.9747276294967
2001-03-05 15:00:00,22.68803804488343,60,222.06643520823363
2001-03-05 16:00:00,22.28843635486491,60,157.02468220966506
2001-03-05 17:00:00,21.652761864473348,60,81.28195661406468
2001-03-05 18:00:00,20.824334739727156,60,3.8459954891039335e-14
2001-03-05 19:00:00,19.85961092013724,60,0.0
2001-03-05 20:00:00,18.824334739727156,60,0.0
2001-03-05 21:00:00,17.789058559317073,60,0.0
2001-03-05 22:00:00,16.824334739727156,60,0.0
2001-03-05 23:00:00,15.995907614980968,60,0.0
2001-03-06 00:00:00,15.493072023932749,60,0.0
2001-03-06 01:00:00,15.093470333914231,60,0.0
2001-03-06 02:00:00,14.957173639070504,60,0.0
2001-03-06 03:00:00,15.093470333914231,60,0.0
2001-03-06 04:00:00,15.49307202393275,60,0.0
2001-03-06 05:00:00,16.128746514324312,60,0.0
2001-03-06 06:00:00,16.957173639070504,60,0.0
2001-03-06 07:00:00,17.92189745866042,60,82.41782656349184
2001-03-06 08:00:00,18.957173639070504,60,159.21901444857994
2001-03-06 09:00:00,19.992449819480587,60,225.16968962085957
2001-03-06 10:00:00,20.957173639070504,60,275.7754225559837
2001-03-06 11:00:00,21.785600763816696,60,307.58751618435144
2001-03-06 12:00:00,22.421275254208258,60,318.43802889715994
2001-03-06 13:00:00,22.82087694422678,60,307.58751618435144
2001-03-06 14:00:00,22.957173639070504,60,275.7754225559837
2001-03-06 15:00:00,22.82087694422678,60,225.1696896208596
2001-03-06 16:00:00,22.421275254208258,60,159.21901444857994
2001-03-06 17:00:00,21.785600763816696,60,82.41782656349194
2001-03-06 18:00:00,20.957173639070504,60,3.899741128156993e-14
2001-03-06 19:00:00,19.992449819480587,60,0.0
2001-03-06 20:00:00,18.957173639070504,60,0.0
2001-03-06 21:00:00,17.92189745866042,60,0.0
2001-03-06 22:00:00,16.957173639070504,60,0.0
2001-03-06 23:00:00,16.128746514324316,60,0.0
2001-03-07 00:00:00,15.626516256814645,60,0.0
2001-03-07 01:00:00,15.226914566796127,60,0.0
2001-03-07 02:00:00,15.0906178719524,60,0.0
2001-03-07 03:00:00,15.226914566796127,60,0.0
2001-03-07 04:00:00,15.626516256814647,60,0.0
2001-03-07 05:00:00,16.262190747206212,60,0.0
2001-03-07 06:00:00,17.0906178719524,60,0.0
2001-03-07 07:00:00,18.055341691542317,60,83.54759085465635
2001-03-07 08:00:00,19.0906178719524,60,161.40155146148984
2001-03-07 09:00:00,20.125894052362483,60,228.256263064898
2001-03-07 10:00:00,21.0906178719524,60,279.5556875517433
2001-03-07 11:00:00,21.919044996698588,60,311.8038539195544
2001-03-07 12:00:00,22.554719487090154,60,322.8031029229798
2001-03-07 13:00:00,22.954321177108675,60,311.8038539195544
2001-03-07 14:00:00,23.0906178719524,60,279.5556875517433
2001-03-07 15:00:00,22.954321177108675,60,228.25626306489806
2001-03-07 16:00:00,22.554719487090154,60,161.40155146148984
2001-03-07 17:00:00,21.91904499669859,60,83.54759085465645
2001-03-07 18:00:00,21.0906178719524,60,3.953197867494608e-14
2001-03-07 19:00:00,20.125894052362483,60,0.0
2001-03-07 20:00:00,19.0906178719524,60,0.0
2001-03-07 21:00:00,18.055341691542317,60,0.0
2001-03-07 22:00:00,17.0906178719524,60,0.0
2001-03-07 23:00:00,16.262190747206212,60,0.0
2001-03-08 00:00:00,15.760526280828921,60,0.0
2001-03-08 01:00:00,15.360924590810404,60,0.0
2001-03-08 02:00:00,15.224627895966677,60,0.0
2001-03-08 03:00:00,15.360924590810404,60,0.0
2001-03-08 04:00:00,15.760526280828923,60,0.0
2001-03-08 05:00:00,16.396200771220485,60,0.0
2001-03-08 06:00:00,17.224627895966677,60,0.0
2001-03-08 07:00:00,18.189351715556594,60,84.67116579262256
2001-03-08 08:00:00,19.224627895966677,60,163.57213156219527
2001-03-08 09:00:00,20.25990407637676,60,231.32592688153275
2001-03-08 10:00:00,21.224627895966677,60,283.315242568063
2001-03-08 11:00:00,22.05305502071287,60,315.99709267415534
2001-03-08 12:00:00,22.68872951110443,60,327.1442631243906
2001-03-08 13:00:00,23.08833120112295,60,315.99709267415534
2001-03-08 14:00:00,23.224627895966677,60,283.315242568063
2001-03-08 15:00:00,23.08833120112295,60,231.32592688153278
2001-03-08 16:00:00,22.68872951110443,60,163.57213156219527
2001-03-08 17:00:00,22.05305502071287,60,84.67116579262266
2001-03-08 18:00:00,21.224627895966677,60,4.006361746947044e-14
2001-03-08 19:00:00,20.25990407637676,60,0.0
2001-03-08 20:00:00,19.224627895966677,60,0.0
2001-03-08 21:00:00,18.189351715556594,60,0.0
2001-03-08 22:00:00,17.224627895966677,60,0.0
2001-03-08 23:00:00,16.39620077122049,60,0.0
2001-03-09 00:00:00,15.89506238591329,60,0.0
2001-03-09 01:00:00,15.495460695894772,60,0.0
2001-03-09 02:00:00,15.359164001051045,60,0.0
2001-03-09 03:00:00,15.495460695894772,60,0.0
2001-03-09 04:00:00,15.895062385913292,60,0.0
2001-03-09 05:00:00,16.530736876304857,60,0.0
2001-03-09 06:00:00,17.359164001051045,60,0.0
2001-03-09 07:00:00,18.323887820640962,60,85.7884681409732
2001-03-09 08:00:00,19.359164001051045,60,165.73059395028585
2001-03-09 09:00:00,20.39444018146113,60,234.3784536646427
2001-03-09 10:00:00,21.359164001051045,60,287.0538090904624
2001-03-09 11:00:00,22.187591125797233,60,320.1669218056159
2001-03-09 12:00:00,22.8232656161888,60,331.46118790057176
2001-03-09 13:00:00,23.22286730620732,60,320.1669218056159
2001-03-09 14:00:00,23.359164001051045,60,287.0538090904624
2001-03-09 15:00:00,23.22286730620732,60,234.37845366464273
2001-03-09 16:00:00,22.8232656161888,60,165.73059395028585
2001-03-09 17:00:00,22.187591125797237,60,85.78846814097328
2001-03-09 18:00:00,21.359164001051045,60,4.059228828040146e-14
2001-03-09 19:00:00,20.39444018146113,60,0.0
2001-03-09 20:00:00,19.359164001051045,60,0.0
2001-03-09 21:00:00,18.323887820640962,60,0.0
2001-03-09 22:00:00,17.359164001051045,60,0.0
2001-03-09 23:00:00,16.530736876304857,60,0.0
2001-03-10 00:00:00,16.030084706116295,60,0.0
2001-03-10 01:00:00,15.630483016097775,60,0.0
2001-03-10 02:00:00,15.494186321254048,60,0.0
2001-03-10 03:00:00,15.630483016097775,60,0.0
2001-03-10 04:00:00,16.030084706116295,60,0.0
2001-03-10 05:00:00,16.665759196507857,60,0.0
2001-03-10 06:00:00,17.49418632125405,60,0.0
2001-03-10 07:00:00,18.458910140843965,60,86.89941512797549
2001-03-10 08:00:00,19.49418632125405,60,167.87677872305295
2001-03-10 09:00:00,20.52946250166413,60,237.41361727764854
2001-03-10 10:00:00,21.49418632125405,60,290.77111015932564
2001-03-10 11:00:00,22.32261344600024,60,324.313032405624
2001-03-10 12:00:00,22.9582879363918,60,335.75355744610596
2001-03-10 13:00:00,23.357889626410323,60,324.313032405624
2001-03-10 14:00:00,23.49418632125405,60,290.77111015932564
2001-03-10 15:00:00,23.357889626410323,60,237.41361727764857
2001-03-10 16:00:00,22.9582879363918,60,167.87677872305295
2001-03-10 17:00:00,22.32261344600024,60,86.89941512797559
2001-03-10 18:00:00,21.49418632125405,60,4.111795194287106e-14
2001-03-10 19:00:00,20.52946250166413,60,0.0
2001-03-10 20:00:00,19.49418632125405,60,0.0
2001-03-10 21:00:00,18.458910140843965,60,0.0
2001-03-10 22:00:00,17.49418632125405,60,0.0
2001-03-10 23:00:00,16.66575919650786,60,0.0
2001-03-11 00:00:00,16.165553231410424,60,0.0
2001-03-11 01:00:00,15.765951541391905,60,0.0
2001-03-11 02:00:00,15.629654846548178,60,0.0
2001-03-11 03:00:00,15.765951541391905,60,0.0
2001-03-11 04:00:00,16.165553231410424,60,0.0
2001-03-11 05:00:00,16.801227721801986,60,0.0
2001-03-11 06:00:00,17.629654846548178,60,0.0
2001-03-11 07:00:00,18.594378666138095,60,88.0039244527131
2001-03-11 08:00:00,19.629654846548178,60,170.01052688733526
2001-03-11 09:00:00,20.66493102695826,60,240.43119287026528
2001-03-11 10:00:00,21.629654846548178,60,294.46687039041944
2001-03-11 11:00:00,22.45808197129437,60,328.4351173229784
2001-03-11 12:00:00,23.09375646168593,60,340.0210537746706
2001-03-11 13:00:00,23.493358151704452,60,328.4351173229784
2001-03-11 14:00:00,23.629654846548178,60,294.46687039041944
2001-03-11 15:00:00,23.493358151704452,60,240.4311928702653
2001-03-11 16:00:00,23.09375646168593,60,170.01052688733526
2001-03-11 17:00:00,22.45808197129437,60,88.00392445271319
2001-03-11 18:00:00,21.629654846548178,60,4.164056951478604e-14
2001-03-11 19:00:00,20.66493102695826,60,0.0
2001-03-11 20:00:00,19.629654846548178,60,0.0
2001-03-11 21:00:00,18.594378666138095,60,0.0
2001-03-11 22:00:00,17.629654846548178,60,0.0
2001-03-11 23:00:00,16.80122772180199,60,0.0
2001-03-12 00:00:00,16.301427819547996,60,0.0
2001-03-12 01:00:00,15.901826129529477,60,0.0
2001-03-12 02:00:00,15.76552943468575,60,0.0
2001-03-12 03:00:00,15.901826129529477,60,0.0
2001-03-12 04:00:00,16.301427819547996,60,0.0
2001-03-12 05:00:00,16.93710230993956,60,0.0
2001-03-12 06:00:00,17.76552943468575,60,0.0
2001-03-12 07:00:00,18.730253254275667,60,89.10191429118304
2001-03-12 08:00:00,19.76552943468575,60,172.1316803712974
2001-03-12 09:00:00,20.800805615095832,60,243.43095689515948
2001-03-12 10:00:00,21.76552943468575,60,298.1408159952936
2001-03-12 11:00:00,22.593956559431938,60,332.5328711863425
2001-03-12 12:00:00,23.229631049823503,60,344.2633607425949
2001-03-12 13:00:00,23.629232739842024,60,332.5328711863425
2001-03-12 14:00:00,23.76552943468575,60,298.1408159952936
2001-03-12 15:00:00,23.629232739842024,60,243.4309568951595
2001-03-12 16:00:00,23.229631049823503,60,172.1316803712974
2001-03-12 17:00:00,22.59395655943194,60,89.10191429118314
2001-03-12 18:00:00,21.76552943468575,60,4.216010227971294e-14
2001-03-12 19:00:00,20.800805615095832,60,0.0
2001-03-12 20:00:00,19.76552943468575,60,0.0
2001-03-12 21:00:00,18.730253254275667,60,0.0
2001-03-12 22:00:00,17.76552943468575,60,0.0
2001-03-12 23:00:00,16.93710230993956,60,0.0
2001-03-13 00:00:00,16.43766820795613,60,0.0
2001-03-13 01:00:00,16.038066517937608,60,0.0
2001-03-13 02:00:00,15.901769823093883,60,0.0
2001-03-13 03:00:00,16.038066517937608,60,0.0
2001-03-13 04:00:00,16.43766820795613,60,0.0
2001-03-13 05:00:00,17.073342698347695,60,0.0
2001-03-13 06:00:00,17.901769823093883,60,0.0
2001-03-13 07:00:00,18.8664936426838,60,90.1933033023574
2001-03-13 08:00:00,19.901769823093883,60,174.24008203614025
2001-03-13 09:00:00,20.937046003503966,60,246.41268712451023
2001-03-13 10:00:00,21.901769823093883,60,301.7926748015642
2001-03-13 11:00:00,22.73019694784007,60,336.60599042686766
2001-03-13 12:00:00,23.365871438231636,60,348.48016407228056
2001-03-13 13:00:00,23.765473128250157,60,336.60599042686766
2001-03-13 14:00:00,23.901769823093883,60,301.7926748015642
2001-03-13 15:00:00,23.765473128250157,60,246.41268712451028
2001-03-13 16:00:00,23.365871438231636,60,174.24008203614025
2001-03-13 17:00:00,22.730196947840074,60,90.1933033023575
2001-03-13 18:00:00,21.901769823093883,60,4.267651174974628e-14
2001-03-13 19:00:00,20.937046003503966,60,0.0
2001-03-13 20:00:00,19.901769823093883,60,0.0
2001-03-13 21:00:00,18.8664936426838,60,0.0
2001-03-13 22:00:00,17.901769823093883,60,0.0
2001-03-13 23:00:00,17.073342698347695,60,0.0
2001-03-14 00:00:00,16.574234025667426,60,0.0
2001-03-14 01:00:00,16.174632335648905,60,0.0
2001-03-14 02:00:00,16.03833564080518,60,0.0
2001-03-14 03:00:00,16.174632335648905,60,0.0
2001-03-14 04:00:00,16.574234025667426,60,0.0
2001-03-14 05:00:00,17.209908516058988,60,0.0
2001-03-14 06:00:00,18.03833564080518,60,0.0
2001-03-14 07:00:00,19.003059460395097,60,91.27801063420928
2001-03-14 08:00:00,20.03833564080518,60,176.3355756877419
2001-03-14 09:00:00,21.073611821215263,60,249.37616266647203
2001-03-14 10:00:00,22.03833564080518,60,305.42217627307633
2001-03-14 11:00:00,22.86676276555137,60,340.65417330068135
2001-03-14 12:00:00,23.502437255942933,60,352.6711513754839
2001-03-14 13:00:00,23.902038945961454,60,340.65417330068135
2001-03-14 14:00:00,24.03833564080518,60,305.42217627307633
2001-03-14 15:00:00,23.902038945961454,60,249.37616266647208
2001-03-14 16:00:00,23.502437255942933,60,176.3355756877419
2001-03-14 17:00:00,22.86676276555137,60,91.27801063420938
2001-03-14 18:00:00,22.03833564080518,60,4.31897596683598e-14
2001-03-14 19:00:00,21.073611821215263,60,0.0
2001-03-14 20:00:00,20.03833564080518,60,0.0
2001-03-14 21:00:00,19.003059460395097,60,0.0
2001-03-14 22:00:00,18.03833564080518,60,0.0
2001-03-14 23:00:00,17.20990851605899,60,0.0
2001-03-15 00:00:00,16.711084805282766,60,0.0
2001-03-15 01:00:00,16.311483115264245,60,0.0
2001-03-15 02:00:00,16.17518642042052,60,0.0
2001-03-15 03:00:00,16.311483115264245,60,0.0
2001-03-15 04:00:00,16.711084805282766,60,0.0
2001-03-15 05:00:00,17.34675929567433,60,0.0
2001-03-15 06:00:00,18.17518642042052,60,0.0
2001-03-15 07:00:00,19.139910240010437,60,92.35595592970233
2001-03-15 08:00:00,20.17518642042052,60,178.41800608822896
2001-03-15 09:00:00,21.210462600830603,60,252.3211639815389
2001-03-15 10:00:00,22.17518642042052,60,309.02905152994595
2001-03-15 11:00:00,23.003613545166708,60,344.6771199112412
2001-03-15 12:00:00,23.639288035558273,60,356.83601217645804
2001-03-15 13:00:00,24.038889725576794,60,344.6771199112412
2001-03-15 14:00:00,24.17518642042052,60,309.02905152994595
2001-03-15 15:00:00,24.038889725576794,60,252.32116398153892
2001-03-15 16:00:00,23.639288035558273,60,178.41800608822896
2001-03-15 17:00:00,23.00361354516671,60,92.35595592970243
2001-03-15 18:00:00,22.17518642042052,60,4.369980801324053e-14
2001-03-15 19:00:00,21.210462600830603,60,0.0
2001-03-15 20:00:00,20.17518642042052,60,0.0
2001-03-15 21:00:00,19.139910240010437,60,0.0
2001-03-15 22:00:00,18.17518642042052,60,0.0
2001-03-15 23:00:00,17.34675929567433,60,0.0
2001-03-16 00:00:00,16.848179994962674,60,0.0
2001-03-16 01:00:00,16.448578304944153,60,0.0
2001-03-16 02:00:00,16.312281610100428,60,0.0
2001-03-16 03:00:00,16.448578304944153,60,0.0
2001-03-16 04:00:00,16.848179994962674,60,0.0
2001-03-16 05:00:00,17.483854485354236,60,0.0
2001-03-16 06:00:00,18.312281610100428,60,0.0
2001-03-16 07:00:00,19.277005429690345,60,93.42705933274382
2001-03-16 08:00:00,20.312281610100428,60,180.48721896747674
2001-03-16 09:00:00,21.34755779051051,60,255.24747289880816
2001-03-16 10:00:00,22.312281610100428,60,312.6130333684789
2001-03-16 11:00:00,23.14070873484662,60,348.674532231552
2001-03-16 12:00:00,23.77638322523818,60,360.9744379349535
2001-03-16 13:00:00,24.175984915256702,60,348.674532231552
2001-03-16 14:00:00,24.312281610100428,60,312.6130333684789
2001-03-16 15:00:00,24.175984915256702,60,255.24747289880818
2001-03-16 16:00:00,23.77638322523818,60,180.48721896747674
2001-03-16 17:00:00,23.14070873484662,60,93.42705933274392
2001-03-16 18:00:00,22.312281610100428,60,4.4206618999105575e-14
2001-03-16 19:00:00,21.34755779051051,60,0.0
2001-03-16 20:00:00,20.312281610100428,60,0.0
2001-03-16 21:00:00,19.277005429690345,60,0.0
2001-03-16 22:00:00,18.312281610100428,60,0.0
2001-03-16 23:00:00,17.48385448535424,60,0.0
2001-03-17 00:00:00,16.985478970443687,60,0.0
2001-03-17 01:00:00,16.585877280425166,60,0.0
2001-03-17 02:00:00,16.44958058558144,60,0.0
2001-03-17 03:00:00,16.585877280425166,60,0.0
2001-03-17 04:00:00,16.985478970443687,60,0.0
2001-03-17 05:00:00,17.621153460835252,60,0.0
2001-03-17 06:00:00,18.44958058558144,60,0.0
2001-03-17 07:00:00,19.414304405171357,60,94.49124149410049
2001-03-17 08:00:00,20.44958058558144,60,182.5430610345378
2001-03-17 09:00:00,21.484856765991523,60,258.15487263214305
2001-03-17 10:00:00,22.44958058558144,60,316.1738562809661
2001-03-17 11:00:00,23.27800771032763,60,352.6461141262435
2001-03-17 12:00:00,23.913682200719194,60,365.08612206907566
2001-03-17 13:00:00,24.313283890737715,60,352.6461141262435
2001-03-17 14:00:00,24.44958058558144,60,316.1738562809661
2001-03-17 15:00:00,24.313283890737715,60,258.15487263214305
2001-03-17 16:00:00,23.913682200719194,60,182.5430610345378
2001-03-17 17:00:00,23.278007710327632,60,94.49124149410059
2001-03-17 18:00:00,22.44958058558144,60,4.4710155080501334e-14
2001-03-17 19:00:00,21.484856765991523,60,0.0
2001-03-17 20:00:00,20.44958058558144,60,0.0
2001-03-17 21:00:00,19.414304405171357,60,0.0
2001-03-17 22:00:00,18.44958058558144,60,0.0
2001-03-17 23:00:00,17.621153460835252,60,0.0
2001-03-18 00:00:00,17.122941047076218,60,0.0
2001-03-18 01:00:00,16.723339357057696,60,0.0
2001-03-18 02:00:00,16.58704266221397,60,0.0
2001-03-18 03:00:00,16.723339357057696,60,0.0
2001-03-18 04:00:00,17.122941047076218,60,0.0
2001-03-18 05:00:00,17.758615537467783,60,0.0
2001-03-18 06:00:00,18.58704266221397,60,0.0
2001-03-18 07:00:00,19.551766481803888,60,95.54842357727698
2001-03-18 08:00:00,20.58704266221397,60,184.58537998899828
2001-03-18 09:00:00,21.622318842624054,60,261.0431477962327
2001-03-18 10:00:00,22.58704266221397,60,319.7112564753526
2001-03-18 11:00:00,23.41546978696016,60,356.5915713735097
2001-03-18 12:00:00,24.051144277351725,60,369.1707599779966
2001-03-18 13:00:00,24.450745967370246,60,356.5915713735097
2001-03-18 14:00:00,24.58704266221397,60,319.7112564753526
2001-03-18 15:00:00,24.450745967370246,60,261.04314779623274
2001-03-18 16:00:00,24.051144277351725,60,184.58537998899828
2001-03-18 17:00:00,23.415469786960163,60,95.54842357727708
2001-03-18 18:00:00,22.58704266221397,60,4.5210378954584936e-14
2001-03-18 19:00:00,21.622318842624054,60,0.0
2001-03-18 20:00:00,20.58704266221397,60,0.0
2001-03-18 21:00:00,19.551766481803888,60,0.0
2001-03-18 22:00:00,18.58704266221397,60,0.0
2001-03-18 23:00:00,17.758615537467783,60,0.0
2001-03-19 00:00:00,17.26052549188028,60,0.0
2001-03-19 01:00:00,16.86092380186176,60,0.0
2001-03-19 02:00:00,16.724627107018033,60,0.0
2001-03-19 03:00:00,16.86092380186176,60,0.0
2001-03-19 04:00:00,17.26052549188028,60,0.0
2001-03-19 05:00:00,17.896199982271845,60,0.0
2001-03-19 06:00:00,18.724627107018033,60,0.0
2001-03-19 07:00:00,19.68935092660795,60,96.59852726435595
2001-03-19 08:00:00,20.724627107018033,60,186.6140245322602
2001-03-19 09:00:00,21.759903287428116,60,263.9120844225479
2001-03-19 10:00:00,22.724627107018033,60,323.2249718947796
2001-03-19 11:00:00,23.55305423176422,60,360.51061168690387
2001-03-19 12:00:00,24.188728722155787,60,373.2280490645205
2001-03-19 13:00:00,24.588330412174308,60,360.51061168690387
2001-03-19 14:00:00,24.724627107018033,60,323.2249718947796
2001-03-19 15:00:00,24.588330412174308,60,263.91208442254793
2001-03-19 16:00:00,24.188728722155787,60,186.6140245322602
2001-03-19 17:00:00,23.553054231764225,60,96.59852726435606
2001-03-19 18:00:00,22.724627107018033,60,4.570725356388763e-14
2001-03-19 19:00:00,21.759903287428116,60,0.0
2001-03-19 20:00:00,20.724627107018033,60,0.0
2001-03-19 21:00:00,19.68935092660795,60,0.0
2001-03-19 22:00:00,18.724627107018033,60,0.0
2001-03-19 23:00:00,17.896199982271845,60,0.0
2001-03-20 00:00:00,17.39819153561557,60,0.0
2001-03-20 01:00:00,16.99858984559705,60,0.0
2001-03-20 02:00:00,16.862293150753324,60,0.0
2001-03-20 03:00:00,16.99858984559705,60,0.0
2001-03-20 04:00:00,17.39819153561557,60,0.0
2001-03-20 05:00:00,18.033866026007132,60,0.0
2001-03-20 06:00:00,18.862293150753324,60,0.0
2001-03-20 07:00:00,19.82701697034324,60,97.64147476180031
2001-03-20 08:00:00,20.862293150753324,60,188.6288443787503
2001-03-20 09:00:00,21.897569331163407,60,266.76146997519265
2001-03-20 10:00:00,22.862293150753324,60,326.71474223699863
2001-03-20 11:00:00,23.690720275499515,60,364.402944736993
2001-03-20 12:00:00,24.326394765891077,60,377.2576887575007
2001-03-20 13:00:00,24.7259964559096,60,364.402944736993
2001-03-20 14:00:00,24.862293150753324,60,326.71474223699863
2001-03-20 15:00:00,24.7259964559096,60,266.7614699751927
2001-03-20 16:00:00,24.326394765891077,60,188.6288443787503
2001-03-20 17:00:00,23.690720275499515,60,97.64147476180041
2001-03-20 18:00:00,22.862293150753324,60,4.620074209906016e-14
2001-03-20 19:00:00,21.897569331163407,60,0.0
2001-03-20 20:00:00,20.862293150753324,60,0.0
2001-03-20 21:00:00,19.82701697034324,60,0.0
2001-03-20 22:00:00,18.862293150753324,60,0.0
2001-03-20 23:00:00,18.033866026007136,60,0.0
2001-03-21 00:00:00,17.535898384862247,60,0.0
2001-03-21 01:00:00,17.136296694843725,60,0.0
2001-03-21 02:00:00,17.0,60,0.0
2001-03-21 03:00:00,17.136296694843725,60,0.0
2001-03-21 04:00:00,17.535898384862247,60,0.0
2001-03-21 05:00:00,18.17157287525381,60,0.0
2001-03-21 06:00:00,19.0,60,0.0
2001-03-21 07:00:00,19.964723819589917,60,98.67718880621602
2001-03-21 08:00:00,21.0,60,190.6296902670532
2001-03-21 09:00:00,22.035276180410083,60,269.59109336664903
2001-03-21 10:00:00,23.0,60,330.1803089736545
2001-03-21 11:00:00,23.82842712474619,60,368.2682821728651
2001-03-21 12:00:00,24.464101615137753,60,381.25938053410647
2001-03-21 13:00:00,24.863703305156275,60,368.2682821728651
2001-03-21 14:00:00,25.0,60,330.1803089736545
2001-03-21 15:00:00,24.863703305156275,60,269.5910933666491
2001-03-21 16:00:00,24.464101615137753,60,190.6296902670532
2001-03-21 17:00:00,23.82842712474619,60,98.67718880621614
2001-03-21 18:00:00,23.0,60,4.6690808001599615e-14
2001-03-21 19:00:00,22.035276180410083,60,0.0
2001-03-21 20:00:00,21.0,60,0.0
2001-03-21 21:00:00,19.964723819589917,60,0.0
2001-03-21 22:00:00,19.0,60,0.0
2001-03-21 23:00:00,18.171572875253812,60,0.0
2001-03-22 00:00:00,17.673605234108923,60,0.0
2001-03-22 01:00:00,17.2740035440904,60,0.0
2001-03-22 02:00:00,17.137706849246676,60,0.0
2001-03-22 03:00:00,17.2740035440904,60,0.0
2001-03-22 04:00:00,17.673605234108923,60,0.0
2001-03-22 05:00:00,18.309279724500485,60,0.0
2001-03-22 06:00:00,19.137706849246676,60,0.0
2001-03-22 07:00:00,20.102430668836593,60,99.70559267007611
2001-03-22 08:00:00,21.137706849246676,60,192.61641397096903
2001-03-22 09:00:00,22.17298302965676,60,272.40074497341493
2001-03-22 10:00:00,23.137706849246676,60,333.6214153694382
2001-03-22 11:00:00,23.966133973992868,60,372.1063376434911
2001-03-22 12:00:00,24.60180846438443,60,385.2328279419382
2001-03-22 13:00:00,25.00141015440295,60,372.1063376434911
2001-03-22 14:00:00,25.137706849246676,60,333.6214153694382
2001-03-22 15:00:00,25.00141015440295,60,272.400744973415
2001-03-22 16:00:00,24.60180846438443,60,192.61641397096903
2001-03-22 17:00:00,23.966133973992868,60,99.70559267007621
2001-03-22 18:00:00,23.137706849246676,60,4.717741496655776e-14
2001-03-22 19:00:00,22.17298302965676,60,0.0
2001-03-22 20:00:00,21.137706849246676,60,0.0
2001-03-22 21:00:00,20.102430668836593,60,0.0
2001-03-22 22:00:00,19.137706849246676,60,0.0
2001-03-22 23:00:00,18.309279724500488,60,0.0
2001-03-23 00:00:00,17.811271277844213,60,0.0
2001-03-23 01:00:00,17.411669587825692,60,0.0
2001-03-23 02:00:00,17.275372892981967,60,0.0
2001-03-23 03:00:00,17.411669587825692,60,0.0
2001-03-23 04:00:00,17.811271277844213,60,0.0
2001-03-23 05:00:00,18.44694576823578,60,0.0
2001-03-23 06:00:00,19.275372892981967,60,0.0
2001-03-23 07:00:00,20.240096712571884,60,100.72661016740464
2001-03-23 08:00:00,21.275372892981967,60,194.58886831049438
2001-03-23 09:00:00,22.31064907339205,60,275.1902166515333
2001-03-23 10:00:00,23.275372892981967,60,337.03780650110576
2001-03-23 11:00:00,24.103800017728155,60,375.91682681893803
2001-03-23 12:00:00,24.73947450811972,60,389.1777366209888
2001-03-23 13:00:00,25.13907619813824,60,375.91682681893803
2001-03-23 14:00:00,25.275372892981967,60,337.03780650110576
2001-03-23 15:00:00,25.13907619813824,60,275.1902166515334
2001-03-23 16:00:00,24.73947450811972,60,194.58886831049438
2001-03-23 17:00:00,24.103800017728158,60,100.72661016740476
2001-03-23 18:00:00,23.275372892981967,60,4.766052694523056e-14
2001-03-23 19:00:00,22.31064907339205,60,0.0
2001-03-23 20:00:00,21.275372892981967,60,0.0
2001-03-23 21:00:00,20.240096712571884,60,0.0
2001-03-23 22:00:00,19.275372892981967,60,0.0
2001-03-23 23:00:00,18.44694576823578,60,0.0
2001-03-24 00:00:00,17.948855722648275,60,0.0
2001-03-24 01:00:00,17.549254032629754,60,0.0
2001-03-24 02:00:00,17.41295733778603,60,0.0
2001-03-24 03:00:00,17.549254032629754,60,0.0
2001-03-24 04:00:00,17.948855722648275,60,0.0
2001-03-24 05:00:00,18.58453021303984,60,0.0
2001-03-24 06:00:00,19.41295733778603,60,0.0
2001-03-24 07:00:00,20.377681157375946,60,101.74016565942087
2001-03-24 08:00:00,21.41295733778603,60,196.54690716272555
2001-03-24 09:00:00,22.448233518196112,60,277.9593017520121
2001-03-24 10:00:00,23.41295733778603,60,340.429229276364
2001-03-24 11:00:00,24.241384462532217,60,379.699467411433
2001-03-24 12:00:00,24.877058952923782,60,393.09381432545115
2001-03-24 13:00:00,25.276660642942304,60,379.699467411433
2001-03-24 14:00:00,25.41295733778603,60,340.429229276364
2001-03-24 15:00:00,25.276660642942304,60,277.95930175201215
2001-03-24 16:00:00,24.877058952923782,60,196.54690716272555
2001-03-24 17:00:00,24.24138446253222,60,101.74016565942098
2001-03-24 18:00:00,23.41295733778603,60,4.8140108147828775e-14
2001-03-24 19:00:00,22.448233518196112,60,0.0
2001-03-24 20:00:00,21.41295733778603,60,0.0
2001-03-24 21:00:00,20.377681157375946,60,0.0
2001-03-24 22:00:00,19.41295733778603,60,0.0
2001-03-24 23:00:00,18.58453021303984,60,0.0
2001-03-25 00:00:00,18.086317799280806,60,0.0
2001-03-25 01:00:00,17.686716109262285,60,0.0
2001-03-25 02:00:00,17.55041941441856,60,0.0
2001-03-25 03:00:00,17.686716109262285,60,0.0
2001-03-25 04:00:00,18.086317799280806,60,0.0
2001-03-25 05:00:00,18.72199228967237,60,0.0
2001-03-25 06:00:00,19.55041941441856,60,0.0
2001-03-25 07:00:00,20.515143234008477,60,102.7461840601424
2001-03-25 08:00:00,21.55041941441856,60,198.49038547268347
2001-03-25 09:00:00,22.585695594828643,60,280.7077951361325
2001-03-25 10:00:00,23.55041941441856,60,343.7954324526192
2001-03-25 11:00:00,24.378846539164748,60,383.45397919627493
2001-03-25 12:00:00,25.014521029556313,60,396.980770945367
2001-03-25 13:00:00,25.414122719574834,60,383.45397919627493
2001-03-25 14:00:00,25.55041941441856,60,343.7954324526192
2001-03-25 15:00:00,25.414122719574834,60,280.7077951361326
2001-03-25 16:00:00,25.014521029556313,60,198.49038547268347
2001-03-25 17:00:00,24.37884653916475,60,102.74618406014251
2001-03-25 18:00:00,23.55041941441856,60,4.8616123046129225e-14
2001-03-25 19:00:00,22.585695594828643,60,0.0
2001-03-25 20:00:00,21.55041941441856,60,0.0
2001-03-25 21:00:00,20.515143234008477,60,0.0
2001-03-25 22:00:00,19.55041941441856,60,0.0
2001-03-25 23:00:00,18.72199228967237,60,0.0
2001-03-26 00:00:00,18.22361677476182,60,0.0
2001-03-26 01:00:00,17.824015084743298,60,0.0
2001-03-26 02:00:00,17.687718389899572,60,0.0
2001-03-26 03:00:00,17.824015084743298,60,0.0
2001-03-26 04:00:00,18.22361677476182,60,0.0
2001-03-26 05:00:00,18.85929126515338,60,0.0
2001-03-26 06:00:00,19.687718389899572,60,0.0
2001-03-26 07:00:00,20.65244220948949,60,103.7445908419481
2001-03-26 08:00:00,21.687718389899572,60,200.41915926406
2001-03-26 09:00:00,22.722994570309655,60,283.43549319064704
2001-03-26 10:00:00,23.687718389899572,60,347.1361666555906
2001-03-26 11:00:00,24.516145514645764,60,387.1800840325951
2001-03-26 12:00:00,25.151820005037326,60,400.8383185281201
2001-03-26 13:00:00,25.551421695055847,60,387.1800840325951
2001-03-26 14:00:00,25.687718389899572,60,347.1361666555906
2001-03-26 15:00:00,25.551421695055847,60,283.43549319064704
2001-03-26 16:00:00,25.151820005037326,60,200.41915926406
2001-03-26 17:00:00,24.516145514645764,60,103.74459084194821
2001-03-26 18:00:00,23.687718389899572,60,4.9088536376106944e-14
2001-03-26 19:00:00,22.722994570309655,60,0.0
2001-03-26 20:00:00,21.687718389899572,60,0.0
2001-03-26 21:00:00,20.65244220948949,60,0.0
2001-03-26 22:00:00,19.687718389899572,60,0.0
2001-03-26 23:00:00,18.859291265153384,60,0.0
2001-03-27 00:00:00,18.360711964441727,60,0.0
2001-03-27 01:00:00,17.961110274423206,60,0.0
2001-03-27 02:00:00,17.82481357957948,60,0.0
2001-03-27 03:00:00,17.961110274423206,60,0.0
2001-03-27 04:00:00,18.360711964441727,60,0.0
2001-03-27 05:00:00,18.996386454833292,60,0.0
2001-03-27 06:00:00,19.82481357957948,60,0.0
2001-03-27 07:00:00,20.789537399169397,60,104.73531204109885
2001-03-27 08:00:00,21.82481357957948,60,202.3330856498836
2001-03-27 09:00:00,22.860089759989563,60,286.14219384286247
2001-03-27 10:00:00,23.82481357957948,60,350.4511843977838
2001-03-27 11:00:00,24.65324070432567,60,390.87750588396136
2001-03-27 12:00:00,25.288915194717234,60,404.66617129976726
2001-03-27 13:00:00,25.688516884735755,60,390.87750588396136
2001-03-27 14:00:00,25.82481357957948,60,350.4511843977838
2001-03-27 15:00:00,25.688516884735755,60,286.1421938428625
2001-03-27 16:00:00,25.288915194717234,60,202.3330856498836
2001-03-27 17:00:00,24.653240704325672,60,104.73531204109896
2001-03-27 18:00:00,23.82481357957948,60,4.955731314054745e-14
2001-03-27 19:00:00,22.860089759989563,60,0.0
2001-03-27 20:00:00,21.82481357957948,60,0.0
2001-03-27 21:00:00,20.789537399169397,60,0.0
2001-03-27 22:00:00,19.82481357957948,60,0.0
2001-03-27 23:00:00,18.996386454833292,60,0.0
2001-03-28 00:00:00,18.497562744057067,60,0.0
2001-03-28 01:00:00,18.097961054038546,60,0.0
2001-03-28 02:00:00,17.96166435919482,60,0.0
2001-03-28 03:00:00,18.097961054038546,60,0.0
2001-03-28 04:00:00,18.497562744057067,60,0.0
2001-03-28 05:00:00,19.13323723444863,60,0.0
2001-03-28 06:00:00,19.96166435919482,60,0.0
2001-03-28 07:00:00,20.926388178784737,60,105.7182742632172
2001-03-28 08:00:00,21.96166435919482,60,204.2320228431048
2001-03-28 09:00:00,22.996940539604903,60,288.8276965756106
2001-03-28 10:00:00,23.96166435919482,60,353.7402400968252
2001-03-28 11:00:00,24.790091483941012,60,394.5459708388278
2001-03-28 12:00:00,25.425765974332574,60,408.4640456862097
2001-03-28 13:00:00,25.825367664351095,60,394.5459708388278
2001-03-28 14:00:00,25.96166435919482,60,353.7402400968252
2001-03-28 15:00:00,25.825367664351095,60,288.8276965756106
2001-03-28 16:00:00,25.425765974332574,60,204.2320228431048
2001-03-28 17:00:00,24.790091483941012,60,105.71827426321732
2001-03-28 18:00:00,23.96166435919482,60,5.002241861163949e-14
2001-03-28 19:00:00,22.996940539604903,60,0.0
2001-03-28 20:00:00,21.96166435919482,60,0.0
2001-03-28 21:00:00,20.926388178784737,60,0.0
2001-03-28 22:00:00,19.96166435919482,60,0.0
2001-03-28 23:00:00,19.133237234448632,60,0.0
2001-03-29 00:00:00,18.634128561768364,60,0.0
2001-03-29 01:00:00,18.234526871749843,60,0.0
2001-03-29 02:00:00,18.098230176906117,60,0.0
2001-03-29 03:00:00,18.234526871749843,60,0.0
2001-03-29 04:00:00,18.634128561768364,60,0.0
2001-03-29 05:00:00,19.26980305215993,60,0.0
2001-03-29 06:00:00,20.098230176906117,60,0.0
2001-03-29 07:00:00,21.062953996496034,60,106.69340468872437
2001-03-29 08:00:00,22.098230176906117,60,206.11583016710003
2001-03-29 09:00:00,23.1335063573162,60,291.4918024421024
2001-03-29 10:00:00,24.098230176906117,60,357.00309009365526
2001-03-29 11:00:00,24.926657301652305,60,398.1852071308268
2001-03-29 12:00:00,25.56233179204387,60,412.23166033420017
2001-03-29 13:00:00,25.961933482062392,60,398.1852071308268
2001-03-29 14:00:00,26.098230176906117,60,357.00309009365526
2001-03-29 15:00:00,25.961933482062392,60,291.4918024421025
2001-03-29 16:00:00,25.56233179204387,60,206.11583016710003
2001-03-29 17:00:00,24.92665730165231,60,106.69340468872448
2001-03-29 18:00:00,24.098230176906117,60,5.048381833354771e-14
2001-03-29 19:00:00,23.1335063573162,60,0.0
2001-03-29 20:00:00,22.098230176906117,60,0.0
2001-03-29 21:00:00,21.062953996496034,60,0.0
2001-03-29 22:00:00,20.098230176906117,60,0.0
2001-03-29 23:00:00,19.26980305215993,60,0.0
2001-03-30 00:00:00,18.770368950176497,60,0.0
2001-03-30 01:00:00,18.370767260157976,60,0.0
2001-03-30 02:00:00,18.23447056531425,60,0.0
2001-03-30 03:00:00,18.370767260157976,60,0.0
2001-03-30 04:00:00,18.770368950176497,60,0.0
2001-03-30 05:00:00,19.406043440568062,60,0.0
2001-03-30 06:00:00,20.23447056531425,60,0.0
2001-03-30 07:00:00,21.199194384904168,60,107.66063107823493
2001-03-30 08:00:00,22.23447056531425,60,207.9843680660932
2001-03-30 09:00:00,23.269746745724333,60,294.1343140806667
2001-03-30 10:00:00,24.23447056531425,60,360.2394926705794
2001-03-30 11:00:00,25.06289769006044,60,401.7949451589016
2001-03-30 12:00:00,25.698572180452004,60,415.96873613218645
2001-03-30 13:00:00,26.098173870470525,60,401.7949451589016
2001-03-30 14:00:00,26.23447056531425,60,360.2394926705794
2001-03-30 15:00:00,26.098173870470525,60,294.13431408066674
2001-03-30 16:00:00,25.698572180452004,60,207.9843680660932
2001-03-30 17:00:00,25.062897690060442,60,107.66063107823504
2001-03-30 18:00:00,24.23447056531425,60,5.094147812496521e-14
2001-03-30 19:00:00,23.269746745724333,60,0.0
2001-03-30 20:00:00,22.23447056531425,60,0.0
2001-03-30 21:00:00,21.199194384904168,60,0.0
2001-03-30 22:00:00,20.23447056531425,60,0.0
2001-03-30 23:00:00,19.406043440568062,60,0.0
2001-03-31 00:00:00,18.90624353831407,60,0.0
2001-03-31 01:00:00,18.506641848295548,60,0.0
2001-03-31 02:00:00,18.370345153451822,60,0.0
2001-03-31 03:00:00,18.506641848295548,60,0.0
2001-03-31 04:00:00,18.90624353831407,60,0.0
2001-03-31 05:00:00,19.54191802870563,60,0.0
2001-03-31 06:00:00,20.370345153451822,60,0.0
2001-03-31 07:00:00,21.33506897304174,60,108.61988177790838
2001-03-31 08:00:00,22.370345153451822,60,209.8374981154941
2001-03-31 09:00:00,23.405621333861905,60,296.75503572937055
2001-03-31 10:00:00,24.370345153451822,60,363.4492080691744
2001-03-31 11:00:00,25.198772278198014,60,405.37491750727895
2001-03-31 12:00:00,25.834446768589576,60,419.67499623098826
2001-03-31 13:00:00,26.234048458608097,60,405.37491750727895
2001-03-31 14:00:00,26.370345153451822,60,363.4492080691744
2001-03-31 15:00:00,26.234048458608097,60,296.7550357293706
2001-03-31 16:00:00,25.834446768589576,60,209.8374981154941
2001-03-31 17:00:00,25.198772278198014,60,108.6198817779085
2001-03-31 18:00:00,24.370345153451822,60,5.139536408164573e-14
2001-03-31 19:00:00,23.405621333861905,60,0.0
2001-03-31 20:00:00,22.370345153451822,60,0.0
2001-03-31 21:00:00,21.33506897304174,60,0.0
2001-03-31 22:00:00,20.370345153451822,60,0.0
2001-03-31 23:00:00,19.541918028705634,60,0.0
2001-04-01 00:00:00,19.0417120636082,60,0.0
2001-04-01 01:00:00,18.642110373589677,60,0.0
2001-04-01 02:00:00,18.50581367874595,60,0.0
2001-04-01 03:00:00,18.642110373589677,60,0.0
2001-04-01 04:00:00,19.0417120636082,60,0.0
2001-04-01 05:00:00,19.67738655399976,60,0.0
2001-04-01 06:00:00,20.50581367874595,60,0.0
2001-04-01 07:00:00,21.47053749833587,60,109.57108572475744
2001-04-01 08:00:00,22.50581367874595,60,211.67508303215328
2001-04-01 09:00:00,23.541089859156035,60,299.35377324052223
2001-04-01 10:00:00,24.50581367874595,60,366.63199850805034
2001-04-01 11:00:00,25.334240803492143,60,408.92485896527967
2001-04-01 12:00:00,25.969915293883705,60,423.3501660643066
2001-04-01 13:00:00,26.369516983902226,60,408.92485896527967
2001-04-01 14:00:00,26.50581367874595,60,366.63199850805034
2001-04-01 15:00:00,26.369516983902226,60,299.35377324052223
2001-04-01 16:00:00,25.969915293883705,60,211.67508303215328
2001-04-01 17:00:00,25.334240803492143,60,109.57108572475755
2001-04-01 18:00:00,24.50581367874595,60,5.184544257891535e-14
2001-04-01 19:00:00,23.541089859156035,60,0.0
2001-04-01 20:00:00,22.50581367874595,60,0.0
2001-04-01 21:00:00,21.47053749833587,60,0.0
2001-04-01 22:00:00,20.50581367874595,60,0.0
2001-04-01 23:00:00,19.677386553999764,60,0.0
2001-04-02 00:00:00,19.1767343838112,60,0.0
2001-04-02 01:00:00,18.77713269379268,60,0.0
2001-04-02 02:00:00,18.640835998948955,60,0.0
2001-04-02 03:00:00,18.77713269379268,60,0.0
2001-04-02 04:00:00,19.1767343838112,60,0.0
2001-04-02 05:00:00,19.812408874202767,60,0.0
2001-04-02 06:00:00,20.640835998948955,60,0.0
2001-04-02 07:00:00,21.60555981853887,60,110.51417245191251
2001-04-02 08:00:00,22.640835998948955,60,213.49698668453235
2001-04-02 09:00:00,23.676112179359038,60,301.93033409505375
2001-04-02 10:00:00,24.640835998948955,60,369.78762820046614
2001-04-02 11:00:00,25.469263123695143,60,412.4445065469663
2001-04-02 12:00:00,26.104937614086708,60,426.99397336906475
2001-04-02 13:00:00,26.50453930410523,60,412.4445065469663
2001-04-02 14:00:00,26.640835998948955,60,369.78762820046614
2001-04-02 15:00:00,26.50453930410523,60,301.9303340950538
2001-04-02 16:00:00,26.104937614086708,60,213.49698668453235
2001-04-02 17:00:00,25.469263123695146,60,110.51417245191264
2001-04-02 18:00:00,24.640835998948955,60,5.229168027416353e-14
2001-04-02 19:00:00,23.676112179359038,60,0.0
2001-04-02 20:00:00,22.640835998948955,60,0.0
2001-04-02 21:00:00,21.60555981853887,60,0.0
2001-04-02 22:00:00,20.640835998948955,60,0.0
2001-04-02 23:00:00,19.812408874202767,60,0.0
2001-04-03 00:00:00,19.31127048889557,60,0.0
2001-04-03 01:00:00,18.91166879887705,60,0.0
2001-04-03 02:00:00,18.775372104033323,60,0.0
2001-04-03 03:00:00,18.91166879887705,60,0.0
2001-04-03 04:00:00,19.31127048889557,60,0.0
2001-04-03 05:00:00,19.94694497928713,60,0.0
2001-04-03 06:00:00,20.775372104033323,60,0.0
2001-04-03 07:00:00,21.74009592362324,60,111.449072093842
2001-04-03 08:00:00,22.775372104033323,60,215.3030741027885
2001-04-03 09:00:00,23.810648284443406,60,304.48452741678307
2001-04-03 10:00:00,24.775372104033323,60,372.9158633717968
2001-04-03 11:00:00,25.603799228779515,60,415.9335995106251
2001-04-03 12:00:00,26.239473719171077,60,430.60614820557714
2001-04-03 13:00:00,26.639075409189598,60,415.9335995106251
2001-04-03 14:00:00,26.775372104033323,60,372.9158633717968
2001-04-03 15:00:00,26.639075409189598,60,304.48452741678307
2001-04-03 16:00:00,26.239473719171077,60,215.3030741027885
2001-04-03 17:00:00,25.603799228779515,60,111.44907209384212
2001-04-03 18:00:00,24.775372104033323,60,5.273404410931308e-14
2001-04-03 19:00:00,23.810648284443406,60,0.0
2001-04-03 20:00:00,22.775372104033323,60,0.0
2001-04-03 21:00:00,21.74009592362324,60,0.0
2001-04-03 22:00:00,20.775372104033323,60,0.0
2001-04-03 23:00:00,19.946944979287135,60,0.0
2001-04-04 00:00:00,19.445280512909846,60,0.0
2001-04-04 01:00:00,19.045678822891325,60,0.0
2001-04-04 02:00:00,18.9093821280476,60,0.0
2001-04-04 03:00:00,19.045678822891325,60,0.0
2001-04-04 04:00:00,19.445280512909846,60,0.0
2001-04-04 05:00:00,20.080955003301412,60,0.0
2001-04-04 06:00:00,20.9093821280476,60,0.0
2001-04-04 07:00:00,21.874105947637517,60,112.375715391528
2001-04-04 08:00:00,22.9093821280476,60,217.09321148877368
2001-04-04 09:00:00,23.944658308457683,60,307.0161639865544
2001-04-04 10:00:00,24.9093821280476,60,376.0164722768516
2001-04-04 11:00:00,25.737809252793788,60,419.3918793780824
2001-04-04 12:00:00,26.373483743185353,60,434.1864229775474
2001-04-04 13:00:00,26.773085433203875,60,419.3918793780824
2001-04-04 14:00:00,26.9093821280476,60,376.0164722768516
2001-04-04 15:00:00,26.773085433203875,60,307.01616398655443
2001-04-04 16:00:00,26.373483743185353,60,217.09321148877368
2001-04-04 17:00:00,25.73780925279379,60,112.37571539152813
2001-04-04 18:00:00,24.9093821280476,60,5.3172501313269224e-14
2001-04-04 19:00:00,23.944658308457683,60,0.0
2001-04-04 20:00:00,22.9093821280476,60,0.0
2001-04-04 21:00:00,21.874105947637517,60,0.0
2001-04-04 22:00:00,20.9093821280476,60,0.0
2001-04-04 23:00:00,20.080955003301412,60,0.0
2001-04-05 00:00:00,19.578724745791742,60,0.0
2001-04-05 01:00:00,19.17912305577322,60,0.0
2001-04-05 02:00:00,19.042826360929496,60,0.0
2001-04-05 03:00:00,19.17912305577322,60,0.0
2001-04-05 04:00:00,19.578724745791742,60,0.0
2001-04-05 05:00:00,20.214399236183304,60,0.0
2001-04-05 06:00:00,21.042826360929496,60,0.0
2001-04-05 07:00:00,22.007550180519413,60,113.2940336975972
2001-04-05 08:00:00,23.042826360929496,60,218.8672662259462
2001-04-05 09:00:00,24.07810254133958,60,309.525056256256
2001-04-05 10:00:00,25.042826360929496,60,379.08922521704267
2001-04-05 11:00:00,25.871253485675688,60,422.8190899538532
2001-04-05 12:00:00,26.50692797606725,60,437.7345324518925
2001-04-05 13:00:00,26.90652966608577,60,422.8190899538532
2001-04-05 14:00:00,27.042826360929496,60,379.08922521704267
2001-04-05 15:00:00,26.90652966608577,60,309.52505625625605
2001-04-05 16:00:00,26.50692797606725,60,218.8672662259462
2001-04-05 17:00:00,25.871253485675688,60,113.29403369759731
2001-04-05 18:00:00,25.042826360929496,60,5.3607019404347335e-14
2001-04-05 19:00:00,24.07810254133958,60,0.0
2001-04-05 20:00:00,23.042826360929496,60,0.0
2001-04-05 21:00:00,22.007550180519413,60,0.0
2001-04-05 22:00:00,21.042826360929496,60,0.0
2001-04-05 23:00:00,20.214399236183308,60,0.0
2001-04-06 00:00:00,19.71156364513509,60,0.0
2001-04-06 01:00:00,19.31196195511657,60,0.0
2001-04-06 02:00:00,19.175665260272844,60,0.0
2001-04-06 03:00:00,19.31196195511657,60,0.0
2001-04-06 04:00:00,19.71156364513509,60,0.0
2001-04-06 05:00:00,20.347238135526652,60,0.0
2001-04-06 06:00:00,21.175665260272844,60,0.0
2001-04-06 07:00:00,22.14038907986276,60,114.20395898140637
2001-04-06 08:00:00,23.175665260272844,60,220.6251068891956
2001-04-06 09:00:00,24.210941440682927,60,312.0110183627142
2001-04-06 10:00:00,25.175665260272844,60,382.1338945574012
2001-04-06 11:00:00,26.004092385019035,60,426.2149773441206
2001-04-06 12:00:00,26.639766875410597,60,441.2502137783913
2001-04-06 13:00:00,27.03936856542912,60,426.2149773441206
2001-04-06 14:00:00,27.175665260272844,60,382.1338945574012
2001-04-06 15:00:00,27.03936856542912,60,312.01101836271425
2001-04-06 16:00:00,26.639766875410597,60,220.6251068891956
2001-04-06 17:00:00,26.004092385019035,60,114.2039589814065
2001-04-06 18:00:00,25.175665260272844,60,5.403756619267922e-14
2001-04-06 19:00:00,24.210941440682927,60,0.0
2001-04-06 20:00:00,23.175665260272844,60,0.0
2001-04-06 21:00:00,22.14038907986276,60,0.0
2001-04-06 22:00:00,21.175665260272844,60,0.0
2001-04-06 23:00:00,20.347238135526656,60,0.0
2001-04-07 00:00:00,19.843757847907117,60,0.0
2001-04-07 01:00:00,19.444156157888596,60,0.0
2001-04-07 02:00:00,19.30785946304487,60,0.0
2001-04-07 03:00:00,19.444156157888596,60,0.0
2001-04-07 04:00:00,19.843757847907117,60,0.0
2001-04-07 05:00:00,20.47943233829868,60,0.0
2001-04-07 06:00:00,21.30785946304487,60,0.0
2001-04-07 07:00:00,22.272583282634788,60,115.1054238340823
2001-04-07 08:00:00,23.30785946304487,60,222.36660325457868
2001-04-07 09:00:00,24.343135643454954,60,314.4738661414624
2001-04-07 10:00:00,25.30785946304487,60,385.1502547434412
2001-04-07 11:00:00,26.136286587791062,60,429.5792899755447
2001-04-07 12:00:00,26.771961078182624,60,444.73320650915747
2001-04-07 13:00:00,27.171562768201145,60,429.5792899755447
2001-04-07 14:00:00,27.30785946304487,60,385.1502547434412
2001-04-07 15:00:00,27.171562768201145,60,314.47386614146245
2001-04-07 16:00:00,26.771961078182624,60,222.36660325457868
2001-04-07 17:00:00,26.136286587791062,60,115.10542383408242
2001-04-07 18:00:00,25.30785946304487,60,5.446410978259785e-14
2001-04-07 19:00:00,24.343135643454954,60,0.0
2001-04-07 20:00:00,23.30785946304487,60,0.0
2001-04-07 21:00:00,22.272583282634788,60,0.0
2001-04-07 22:00:00,21.30785946304487,60,0.0
2001-04-07 23:00:00,20.479432338298682,60,0.0
2001-04-08 00:00:00,19.975268182112558,60,0.0
2001-04-08 01:00:00,19.575666492094037,60,0.0
2001-04-08 02:00:00,19.43936979725031,60,0.0
2001-04-08 03:00:00,19.575666492094037,60,0.0
2001-04-08 04:00:00,19.975268182112558,60,0.0
2001-04-08 05:00:00,20.610942672504123,60,0.0
2001-04-08 06:00:00,21.43936979725031,60,0.0
2001-04-08 07:00:00,22.40409361684023,60,115.99836147351529
2001-04-08 08:00:00,23.43936979725031,60,224.0916263089665
2001-04-08 09:00:00,24.474645977660394,60,316.91341714038396
2001-04-08 10:00:00,25.43936979725031,60,388.1380823178686
2001-04-08 11:00:00,26.2677969219965,60,432.9117786138993
2001-04-08 12:00:00,26.903471412388065,60,448.18325261793314
2001-04-08 13:00:00,27.303073102406586,60,432.9117786138993
2001-04-08 14:00:00,27.43936979725031,60,388.1380823178686
2001-04-08 15:00:00,27.303073102406586,60,316.913417140384
2001-04-08 16:00:00,26.903471412388065,60,224.0916263089665
2001-04-08 17:00:00,26.267796921996503,60,115.99836147351542
2001-04-08 18:00:00,25.43936979725031,60,5.4886618575000136e-14
2001-04-08 19:00:00,24.474645977660394,60,0.0
2001-04-08 20:00:00,23.43936979725031,60,0.0
2001-04-08 21:00:00,22.40409361684023,60,0.0
2001-04-08 22:00:00,21.43936979725031,60,0.0
2001-04-08 23:00:00,20.610942672504123,60,0.0
2001-04-09 00:00:00,20.106055678401162,60,0.0
2001-04-09 01:00:00,19.70645398838264,60,0.0
2001-04-09 02:00:00,19.570157293538916,60,0.0
2001-04-09 03:00:00,19.70645398838264,60,0.0
2001-04-09 04:00:00,20.106055678401162,60,0.0
2001-04-09 05:00:00,20.741730168792728,60,0.0
2001-04-09 06:00:00,21.570157293538916,60,0.0
2001-04-09 07:00:00,22.534881113128833,60,116.88270574930684
2001-04-09 08:00:00,23.570157293538916,60,225.80004825960245
2001-04-09 09:00:00,24.605433473949,60,319.32949063322917
2001-04-09 10:00:00,25.570157293538916,60,391.097155937136
2001-04-09 11:00:00,26.398584418285104,60,436.21219638253604
2001-04-09 12:00:00,27.03425890867667,60,451.600096519205
2001-04-09 13:00:00,27.43386059869519,60,436.21219638253604
2001-04-09 14:00:00,27.570157293538916,60,391.097155937136
2001-04-09 15:00:00,27.43386059869519,60,319.3294906332292
2001-04-09 16:00:00,27.03425890867667,60,225.80004825960245
2001-04-09 17:00:00,26.398584418285107,60,116.88270574930696
2001-04-09 18:00:00,25.570157293538916,60,5.5305061269688016e-14
2001-04-09 19:00:00,24.605433473949,60,0.0
2001-04-09 20:00:00,23.570157293538916,60,0.0
2001-04-09 21:00:00,22.534881113128833,60,0.0
2001-04-09 22:00:00,21.570157293538916,60,0.0
2001-04-09 23:00:00,20.741730168792728,60,0.0
2001-04-10 00:00:00,20.236081581615153,60,0.0
2001-04-10 01:00:00,19.836479891596632,60,0.0
2001-04-10 02:00:00,19.700183196752906,60,0.0
2001-04-10 03:00:00,19.836479891596632,60,0.0
2001-04-10 04:00:00,20.236081581615153,60,0.0
2001-04-10 05:00:00,20.87175607200672,60,0.0
2001-04-10 06:00:00,21.700183196752906,60,0.0
2001-04-10 07:00:00,22.664907016342823,60,117.75839114766991
2001-04-10 08:00:00,23.700183196752906,60,227.49174254356868
2001-04-10 09:00:00,24.73545937716299,60,321.7219076330033
2001-04-10 10:00:00,25.700183196752906,60,394.0272563878394
2001-04-10 11:00:00,26.528610321499094,60,439.4802987806732
2001-04-10 12:00:00,27.16428481189066,60,454.98348508713747
2001-04-10 13:00:00,27.56388650190918,60,439.4802987806732
2001-04-10 14:00:00,27.700183196752906,60,394.0272563878394
2001-04-10 15:00:00,27.56388650190918,60,321.72190763300335
2001-04-10 16:00:00,27.16428481189066,60,227.49174254356868
2001-04-10 17:00:00,26.528610321499098,60,117.75839114767004
2001-04-10 18:00:00,25.700183196752906,60,5.571940686768704e-14
2001-04-10 19:00:00,24.73545937716299,60,0.0
2001-04-10 20:00:00,23.700183196752906,60,0.0
2001-04-10 21:00:00,22.664907016342823,60,0.0
2001-04-10 22:00:00,21.700183196752906,60,0.0
2001-04-10 23:00:00,20.87175607200672,60,0.0
2001-04-11 00:00:00,20.36530736227322,60,0.0
2001-04-11 01:00:00,19.9657056722547,60,0.0
2001-04-11 02:00:00,19.829408977410974,60,0.0
2001-04-11 03:00:00,19.9657056722547,60,0.0
2001-04-11 04:00:00,20.36530736227322,60,0.0
2001-04-11 05:00:00,21.000981852664786,60,0.0
2001-04-11 06:00:00,21.829408977410974,60,0.0
2001-04-11 07:00:00,22.79413279700089,60,118.62535279628248
2001-04-11 08:00:00,23.829408977410974,60,229.16658383716276
2001-04-11 09:00:00,24.864685157821057,60,324.0904909052265
2001-04-11 10:00:00,25.829408977410974,60,396.92816660295864
2001-04-11 11:00:00,26.657836102157162,60,442.715843701509
2001-04-11 12:00:00,27.293510592548728,60,458.3331676743256
2001-04-11 13:00:00,27.69311228256725,60,442.715843701509
2001-04-11 14:00:00,27.829408977410974,60,396.92816660295864
2001-04-11 15:00:00,27.69311228256725,60,324.09049090522655
2001-04-11 16:00:00,27.293510592548728,60,229.16658383716276
2001-04-11 17:00:00,26.657836102157166,60,118.62535279628261
2001-04-11 18:00:00,25.829408977410974,60,5.6129624673543e-14
2001-04-11 19:00:00,24.864685157821057,60,0.0
2001-04-11 20:00:00,23.829408977410974,60,0.0
2001-04-11 21:00:00,22.79413279700089,60,0.0
2001-04-11 22:00:00,21.829408977410974,60,0.0
2001-04-11 23:00:00,21.000981852664786,60,0.0
2001-04-12 00:00:00,20.49369472798763,60,0.0
2001-04-12 01:00:00,20.09409303796911,60,0.0
2001-04-12 02:00:00,19.957796343125384,60,0.0
2001-04-12 03:00:00,20.09409303796911,60,0.0
2001-04-12 04:00:00,20.49369472798763,60,0.0
2001-04-12 05:00:00,21.129369218379196,60,0.0
2001-04-12 06:00:00,21.957796343125384,60,0.0
2001-04-12 07:00:00,22.9225201627153,60,119.48352646909326
2001-04-12 08:00:00,23.957796343125384,60,230.8244480651813
2001-04-12 09:00:00,24.993072523535467,60,326.43506498106353
2001-04-12 10:00:00,25.957796343125384,60,399.79967167793774
2001-04-12 11:00:00,26.786223467871572,60,445.91859145015684
2001-04-12 12:00:00,27.421897958263138,60,461.6488961303627
2001-04-12 13:00:00,27.82149964828166,60,445.91859145015684
2001-04-12 14:00:00,27.957796343125384,60,399.79967167793774
2001-04-12 15:00:00,27.82149964828166,60,326.4350649810636
2001-04-12 16:00:00,27.421897958263138,60,230.8244480651813
2001-04-12 17:00:00,26.786223467871576,60,119.48352646909339
2001-04-12 18:00:00,25.957796343125384,60,5.6535684297595756e-14
2001-04-12 19:00:00,24.993072523535467,60,0.0
2001-04-12 20:00:00,23.957796343125384,60,0.0
2001-04-12 21:00:00,22.9225201627153,60,0.0
2001-04-12 22:00:00,21.957796343125384,60,0.0
2001-04-12 23:00:00,21.129369218379196,60,0.0
2001-04-13 00:00:00,20.6212056348111,60,0.0
2001-04-13 01:00:00,20.22160394479258,60,0.0
2001-04-13 02:00:00,20.085307249948855,60,0.0
2001-04-13 03:00:00,20.22160394479258,60,0.0
2001-04-13 04:00:00,20.6212056348111,60,0.0
2001-04-13 05:00:00,21.256880125202663,60,0.0
2001-04-13 06:00:00,22.085307249948855,60,0.0
2001-04-13 07:00:00,23.050031069538772,60,120.33284859107978
2001-04-13 08:00:00,24.085307249948855,60,232.46521241011214
2001-04-13 09:00:00,25.120583430358938,60,328.75545617032293
2001-04-13 10:00:00,26.085307249948855,60,402.6415588866054
2001-04-13 11:00:00,26.913734374695046,60,449.08830476140275
2001-04-13 12:00:00,27.54940886508661,60,464.93042482022435
2001-04-13 13:00:00,27.94901055510513,60,449.08830476140275
2001-04-13 14:00:00,28.085307249948855,60,402.6415588866054
2001-04-13 15:00:00,27.94901055510513,60,328.755456170323
2001-04-13 16:00:00,27.54940886508661,60,232.46521241011214
2001-04-13 17:00:00,26.913734374695046,60,120.33284859107991
2001-04-13 18:00:00,26.085307249948855,60,5.693755565823069e-14
2001-04-13 19:00:00,25.120583430358938,60,0.0
2001-04-13 20:00:00,24.085307249948855,60,0.0
2001-04-13 21:00:00,23.050031069538772,60,0.0
2001-04-13 22:00:00,22.085307249948855,60,0.0
2001-04-13 23:00:00,21.256880125202667,60,0.0
2001-04-14 00:00:00,20.74780229851003,60,0.0
2001-04-14 01:00:00,20.34820060849151,60,0.0
2001-04-14 02:00:00,20.211903913647784,60,0.0
2001-04-14 03:00:00,20.34820060849151,60,0.0
2001-04-14 04:00:00,20.74780229851003,60,0.0
2001-04-14 05:00:00,21.383476788901596,60,0.0
2001-04-14 06:00:00,22.211903913647784,60,0.0
2001-04-14 07:00:00,23.1766277332377,60,121.17325624295812
2001-04-14 08:00:00,24.211903913647784,60,234.0887553212326
2001-04-14 09:00:00,25.247180094057867,60,331.0514925743242
2001-04-14 10:00:00,26.211903913647784,60,405.4536176969343
2001-04-14 11:00:00,27.040331038393973,60,452.2247488172823
2001-04-14 12:00:00,27.676005528785538,60,468.1775106424653
2001-04-14 13:00:00,28.07560721880406,60,452.2247488172823
2001-04-14 14:00:00,28.211903913647784,60,405.4536176969343
2001-04-14 15:00:00,28.07560721880406,60,331.05149257432424
2001-04-14 16:00:00,27.676005528785538,60,234.0887553212326
2001-04-14 17:00:00,27.040331038393976,60,121.17325624295825
2001-04-14 18:00:00,26.211903913647784,60,5.73352089841071e-14
2001-04-14 19:00:00,25.247180094057867,60,0.0
2001-04-14 20:00:00,24.211903913647784,60,0.0
2001-04-14 21:00:00,23.1766277332377,60,0.0
2001-04-14 22:00:00,22.211903913647784,60,0.0
2001-04-14 23:00:00,21.383476788901596,60,0.0
2001-04-15 00:00:00,20.87344720576078,60,0.0
2001-04-15 01:00:00,20.47384551574226,60,0.0
2001-04-15 02:00:00,20.337548820898533,60,0.0
2001-04-15 03:00:00,20.47384551574226,60,0.0
2001-04-15 04:00:00,20.87344720576078,60,0.0
2001-04-15 05:00:00,21.50912169615234,60,0.0
2001-04-15 06:00:00,22.337548820898533,60,0.0
2001-04-15 07:00:00,23.30227264048845,60,122.004687165844
2001-04-15 08:00:00,24.337548820898533,60,235.69495652361428
2001-04-15 09:00:00,25.372825001308616,60,333.32300409863234
2001-04-15 10:00:00,26.337548820898533,60,408.23563978663765
2001-04-15 11:00:00,27.165975945644725,60,455.32769126447636
2001-04-15 12:00:00,27.801650436036287,60,471.3899130472287
2001-04-15 13:00:00,28.201252126054808,60,455.32769126447636
2001-04-15 14:00:00,28.337548820898533,60,408.23563978663765
2001-04-15 15:00:00,28.201252126054808,60,333.3230040986324
2001-04-15 16:00:00,27.801650436036287,60,235.69495652361428
2001-04-15 17:00:00,27.165975945644725,60,122.00468716584415
2001-04-15 18:00:00,26.337548820898533,60,5.772861481636377e-14
2001-04-15 19:00:00,25.372825001308616,60,0.0
2001-04-15 20:00:00,24.337548820898533,60,0.0
2001-04-15 21:00:00,23.30227264048845,60,0.0
2001-04-15 22:00:00,22.337548820898533,60,0.0
2001-04-15 23:00:00,21.509121696152345,60,0.0
2001-04-16 00:00:00,20.998103125265697,60,0.0
2001-04-16 01:00:00,20.598501435247176,60,0.0
2001-04-16 02:00:00,20.46220474040345,60,0.0
2001-04-16 03:00:00,20.598501435247176,60,0.0
2001-04-16 04:00:00,20.998103125265697,60,0.0
2001-04-16 05:00:00,21.63377761565726,60,0.0
2001-04-16 06:00:00,22.46220474040345,60,0.0
2001-04-16 07:00:00,23.426928559993367,60,122.82707976586512
2001-04-16 08:00:00,24.46220474040345,60,237.2836970270331
2001-04-16 09:00:00,25.497480920813533,60,335.5698224656587
2001-04-16 10:00:00,26.46220474040345,60,410.9874190586016
2001-04-16 11:00:00,27.290631865149642,60,458.3969022315239
2001-04-16 12:00:00,27.926306355541204,60,474.5673940540663
2001-04-16 13:00:00,28.325908045559725,60,458.3969022315239
2001-04-16 14:00:00,28.46220474040345,60,410.9874190586016
2001-04-16 15:00:00,28.325908045559725,60,335.5698224656588
2001-04-16 16:00:00,27.926306355541204,60,237.2836970270331
2001-04-16 17:00:00,27.290631865149642,60,122.82707976586526
2001-04-16 18:00:00,26.46220474040345,60,5.81177440108013e-14
2001-04-16 19:00:00,25.497480920813533,60,0.0
2001-04-16 20:00:00,24.46220474040345,60,0.0
2001-04-16 21:00:00,23.426928559993367,60,0.0
2001-04-16 22:00:00,22.46220474040345,60,0.0
2001-04-16 23:00:00,21.633777615657262,60,0.0
2001-04-17 00:00:00,21.12173311878553,60,0.0
2001-04-17 01:00:00,20.72213142876701,60,0.0
2001-04-17 02:00:00,20.585834733923285,60,0.0
2001-04-17 03:00:00,20.72213142876701,60,0.0
2001-04-17 04:00:00,21.12173311878553,60,0.0
2001-04-17 05:00:00,21.757407609177093,60,0.0
2001-04-17 06:00:00,22.585834733923285,60,0.0
2001-04-17 07:00:00,23.550558553513202,60,123.64037311872416
2001-04-17 08:00:00,24.585834733923285,60,238.85485913478465
2001-04-17 09:00:00,25.621110914333368,60,337.7917812271276
2001-04-17 10:00:00,26.585834733923285,60,413.7087516561542
2001-04-17 11:00:00,27.414261858669477,60,461.4321543458518
2001-04-17 12:00:00,28.04993634906104,60,477.70971826956935
2001-04-17 13:00:00,28.44953803907956,60,461.4321543458518
2001-04-17 14:00:00,28.585834733923285,60,413.7087516561542
2001-04-17 15:00:00,28.44953803907956,60,337.7917812271277
2001-04-17 16:00:00,28.04993634906104,60,238.85485913478465
2001-04-17 17:00:00,27.414261858669477,60,123.64037311872428
2001-04-17 18:00:00,26.585834733923285,60,5.85025677400412e-14
2001-04-17 19:00:00,25.621110914333368,60,0.0
2001-04-17 20:00:00,24.585834733923285,60,0.0
2001-04-17 21:00:00,23.550558553513202,60,0.0
2001-04-17 22:00:00,22.585834733923285,60,0.0
2001-04-17 23:00:00,21.757407609177097,60,0.0
2001-04-18 00:00:00,21.244300552085054,60,0.0
2001-04-18 01:00:00,20.844698862066533,60,0.0
2001-04-18 02:00:00,20.708402167222808,60,0.0
2001-04-18 03:00:00,20.844698862066533,60,0.0
2001-04-18 04:00:00,21.244300552085054,60,0.0
2001-04-18 05:00:00,21.879975042476616,60,0.0
2001-04-18 06:00:00,22.708402167222808,60,0.0
2001-04-18 07:00:00,23.673125986812725,60,124.44450697421203
2001-04-18 08:00:00,24.708402167222808,60,240.40832645240292
2001-04-18 09:00:00,25.74367834763289,60,339.98871577640676
2001-04-18 10:00:00,26.708402167222808,60,416.3994359781669
2001-04-18 11:00:00,27.536829291969,60,464.4332227506188
2001-04-18 12:00:00,28.17250378236056,60,480.81665290480595
2001-04-18 13:00:00,28.572105472379082,60,464.4332227506188
2001-04-18 14:00:00,28.708402167222808,60,416.3994359781669
2001-04-18 15:00:00,28.572105472379082,60,339.98871577640676
2001-04-18 16:00:00,28.17250378236056,60,240.40832645240292
2001-04-18 17:00:00,27.536829291969,60,124.44450697421217
2001-04-18 18:00:00,26.708402167222808,60,5.888305749566145e-14
2001-04-18 19:00:00,25.74367834763289,60,0.0
2001-04-18 20:00:00,24.708402167222808,60,0.0
2001-04-18 21:00:00,23.673125986812725,60,0.0
2001-04-18 22:00:00,22.708402167222808,60,0.0
2001-04-18 23:00:00,21.87997504247662,60,0.0
2001-04-19 00:00:00,21.365769105788555,60,0.0
2001-04-19 01:00:00,20.966167415770034,60,0.0
2001-04-19 02:00:00,20.82987072092631,60,0.0
2001-04-19 03:00:00,20.966167415770034,60,0.0
2001-04-19 04:00:00,21.365769105788555,60,0.0
2001-04-19 05:00:00,22.001443596180117,60,0.0
2001-04-19 06:00:00,22.82987072092631,60,0.0
2001-04-19 07:00:00,23.794594540516226,60,125.23942176067143
2001-04-19 08:00:00,24.82987072092631,60,241.94398389628333
2001-04-19 09:00:00,25.86514690133639,60,342.1604633607016
2001-04-19 10:00:00,26.82987072092631,60,419.05927269398904
2001-04-19 11:00:00,27.6582978456725,60,467.3998851213731
2001-04-19 12:00:00,28.293972336064062,60,483.8879677925667
2001-04-19 13:00:00,28.693574026082583,60,467.3998851213731
2001-04-19 14:00:00,28.82987072092631,60,419.05927269398904
2001-04-19 15:00:00,28.693574026082583,60,342.16046336070167
2001-04-19 16:00:00,28.293972336064062,60,241.94398389628333
2001-04-19 17:00:00,27.6582978456725,60,125.23942176067158
2001-04-19 18:00:00,26.82987072092631,60,5.925918509030844e-14
2001-04-19 19:00:00,25.86514690133639,60,0.0
2001-04-19 20:00:00,24.82987072092631,60,0.0
2001-04-19 21:00:00,23.794594540516226,60,0.0
2001-04-19 22:00:00,22.82987072092631,60,0.0
2001-04-19 23:00:00,22.00144359618012,60,0.0
2001-04-20 00:00:00,21.486102786142066,60,0.0
2001-04-20 01:00:00,21.086501096123545,60,0.0
2001-04-20 02:00:00,20.95020440127982,60,0.0
2001-04-20 03:00:00,21.086501096123545,60,0.0
2001-04-20 04:00:00,21.486102786142066,60,0.0
2001-04-20 05:00:00,22.121777276533628,60,0.0
2001-04-20 06:00:00,22.95020440127982,60,0.0
2001-04-20 07:00:00,23.914928220869736,60,126.02505858941005
2001-04-20 08:00:00,24.95020440127982,60,243.46171770220826
2001-04-20 09:00:00,25.985480581689902,60,344.3068630931128
2001-04-20 10:00:00,26.95020440127982,60,421.68806475821594
2001-04-20 11:00:00,27.77863152602601,60,470.3319216825229
2001-04-20 12:00:00,28.414306016417573,60,486.9234354044166
2001-04-20 13:00:00,28.813907706436094,60,470.3319216825229
2001-04-20 14:00:00,28.95020440127982,60,421.68806475821594
2001-04-20 15:00:00,28.813907706436094,60,344.30686309311284
2001-04-20 16:00:00,28.414306016417573,60,243.46171770220826
2001-04-20 17:00:00,27.77863152602601,60,126.0250585894102
2001-04-20 18:00:00,26.95020440127982,60,5.963092265978518e-14
2001-04-20 19:00:00,25.985480581689902,60,0.0
2001-04-20 20:00:00,24.95020440127982,60,0.0
2001-04-20 21:00:00,23.914928220869736,60,0.0
2001-04-20 22:00:00,22.95020440127982,60,0.0
2001-04-20 23:00:00,22.12177727653363,60,0.0
2001-04-21 00:00:00,21.605265935679082,60,0.0
2001-04-21 01:00:00,21.20566424566056,60,0.0
2001-04-21 02:00:00,21.069367550816835,60,0.0
2001-04-21 03:00:00,21.20566424566056,60,0.0
2001-04-21 04:00:00,21.605265935679082,60,0.0
2001-04-21 05:00:00,22.240940426070644,60,0.0
2001-04-21 06:00:00,23.069367550816835,60,0.0
2001-04-21 07:00:00,24.034091370406752,60,126.80135925906298
2001-04-21 08:00:00,25.069367550816835,60,244.96141543377476
2001-04-21 09:00:00,26.10464373122692,60,346.4277559645543
2001-04-21 10:00:00,27.069367550816835,60,424.28561742528495
2001-04-21 11:00:00,27.897794675563027,60,473.2291152236173
2001-04-21 12:00:00,28.53346916595459,60,489.92283086754964
2001-04-21 13:00:00,28.93307085597311,60,473.2291152236173
2001-04-21 14:00:00,29.069367550816835,60,424.28561742528495
2001-04-21 15:00:00,28.93307085597311,60,346.42775596455436
2001-04-21 16:00:00,28.53346916595459,60,244.96141543377476
2001-04-21 17:00:00,27.897794675563027,60,126.80135925906312
2001-04-21 18:00:00,27.069367550816835,60,5.999824266511547e-14
2001-04-21 19:00:00,26.10464373122692,60,0.0
2001-04-21 20:00:00,25.069367550816835,60,0.0
2001-04-21 21:00:00,24.034091370406752,60,0.0
2001-04-21 22:00:00,23.069367550816835,60,0.0
2001-04-21 23:00:00,22.240940426070647,60,0.0
2001-04-22 00:00:00,21.72322324378665,60,0.0
2001-04-22 01:00:00,21.323621553768128,60,0.0
2001-04-22 02:00:00,21.187324858924402,60,0.0
2001-04-22 03:00:00,21.323621553768128,60,0.0
2001-04-22 04:00:00,21.72322324378665,60,0.0
2001-04-22 05:00:00,22.358897734178214,60,0.0
2001-04-22 06:00:00,23.187324858924402,60,0.0
2001-04-22 07:00:00,24.15204867851432,60,127.5682662599045
2001-04-22 08:00:00,25.187324858924402,60,246.44296599072422
2001-04-22 09:00:00,26.222601039334485,60,348.52298485553365
2001-04-22 10:00:00,27.187324858924402,60,426.8517382639033
2001-04-22 11:00:00,28.01575198367059,60,476.0912511154382
2001-04-22 12:00:00,28.651426474062156,60,492.8859319814485
2001-04-22 13:00:00,29.051028164080677,60,476.0912511154382
2001-04-22 14:00:00,29.187324858924402,60,426.8517382639033
2001-04-22 15:00:00,29.051028164080677,60,348.5229848555337
2001-04-22 16:00:00,28.651426474062156,60,246.44296599072422
2001-04-22 17:00:00,28.015751983670594,60,127.56826625990465
2001-04-22 18:00:00,27.187324858924402,60,6.03611178945841e-14
2001-04-22 19:00:00,26.222601039334485,60,0.0
2001-04-22 20:00:00,25.187324858924402,60,0.0
2001-04-22 21:00:00,24.15204867851432,60,0.0
2001-04-22 22:00:00,23.187324858924402,60,0.0
2001-04-22 23:00:00,22.358897734178214,60,0.0
2001-04-23 00:00:00,21.839939757168644,60,0.0
2001-04-23 01:00:00,21.440338067150122,60,0.0
2001-04-23 02:00:00,21.304041372306397,60,0.0
2001-04-23 03:00:00,21.440338067150122,60,0.0
2001-04-23 04:00:00,21.839939757168644,60,0.0
2001-04-23 05:00:00,22.47561424756021,60,0.0
2001-04-23 06:00:00,23.304041372306397,60,0.0
2001-04-23 07:00:00,24.268765191896314,60,128.32572277810854
2001-04-23 08:00:00,25.304041372306397,60,247.9062596171728
2001-04-23 09:00:00,26.33931755271648,60,350.59239454779134
2001-04-23 10:00:00,27.304041372306397,60,429.386237171304
2001-04-23 11:00:00,28.132468497052585,60,478.9181173258999
2001-04-23 12:00:00,28.76814298744415,60,495.8125192343457
2001-04-23 13:00:00,29.16774467746267,60,478.9181173258999
2001-04-23 14:00:00,29.304041372306397,60,429.386237171304
2001-04-23 15:00:00,29.16774467746267,60,350.59239454779134
2001-04-23 16:00:00,28.76814298744415,60,247.9062596171728
2001-04-23 17:00:00,28.13246849705259,60,128.32572277810868
2001-04-23 18:00:00,27.304041372306397,60,6.071952146575269e-14
2001-04-23 19:00:00,26.33931755271648,60,0.0
2001-04-23 20:00:00,25.304041372306397,60,0.0
2001-04-23 21:00:00,24.268765191896314,60,0.0
2001-04-23 22:00:00,23.304041372306397,60,0.0
2001-04-23 23:00:00,22.47561424756021,60,0.0
2001-04-24 00:00:00,21.955380890203205,60,0.0
2001-04-24 01:00:00,21.555779200184684,60,0.0
2001-04-24 02:00:00,21.41948250534096,60,0.0
2001-04-24 03:00:00,21.555779200184684,60,0.0
2001-04-24 04:00:00,21.955380890203205,60,0.0
2001-04-24 05:00:00,22.591055380594767,60,0.0
2001-04-24 06:00:00,23.41948250534096,60,0.0
2001-04-24 07:00:00,24.384206324930876,60,129.07367269995746
2001-04-24 08:00:00,25.41948250534096,60,249.35118790974232
2001-04-24 09:00:00,26.45475868575104,60,352.63583173579974
2001-04-24 10:00:00,27.41948250534096,60,431.8889263873281
2001-04-24 11:00:00,28.24790963008715,60,481.7095044357572
2001-04-24 12:00:00,28.883584120478712,60,498.7023758194847
2001-04-24 13:00:00,29.283185810497233,60,481.7095044357572
2001-04-24 14:00:00,29.41948250534096,60,431.8889263873281
2001-04-24 15:00:00,29.283185810497233,60,352.6358317357998
2001-04-24 16:00:00,28.883584120478712,60,249.35118790974232
2001-04-24 17:00:00,28.24790963008715,60,129.0736726999576
2001-04-24 18:00:00,27.41948250534096,60,6.107342682745124e-14
2001-04-24 19:00:00,26.45475868575104,60,0.0
2001-04-24 20:00:00,25.41948250534096,60,0.0
2001-04-24 21:00:00,24.384206324930876,60,0.0
2001-04-24 22:00:00,23.41948250534096,60,0.0
2001-04-24 23:00:00,22.59105538059477,60,0.0
2001-04-25 00:00:00,22.06951243519119,60,0.0
2001-04-25 01:00:00,21.66991074517267,60,0.0
2001-04-25 02:00:00,21.533614050328943,60,0.0
2001-04-25 03:00:00,21.66991074517267,60,0.0
2001-04-25 04:00:00,22.06951243519119,60,0.0
2001-04-25 05:00:00,22.70518692558275,60,0.0
2001-04-25 06:00:00,23.533614050328943,60,0.0
2001-04-25 07:00:00,24.49833786991886,60,129.8120606159991
2001-04-25 08:00:00,25.533614050328943,60,250.77764382559104
2001-04-25 09:00:00,26.568890230739026,60,354.65314503812033
2001-04-25 10:00:00,27.533614050328943,60,434.3596205083353
2001-04-25 11:00:00,28.362041175075134,60,484.4652056541194
2001-04-25 12:00:00,28.997715665466696,60,501.55528765118214
2001-04-25 13:00:00,29.397317355485217,60,484.4652056541194
2001-04-25 14:00:00,29.533614050328943,60,434.3596205083353
2001-04-25 15:00:00,29.397317355485217,60,354.6531450381204
2001-04-25 16:00:00,28.997715665466696,60,250.77764382559104
2001-04-25 17:00:00,28.362041175075134,60,129.81206061599923
2001-04-25 18:00:00,27.533614050328943,60,6.142280776174503e-14
2001-04-25 19:00:00,26.568890230739026,60,0.0
2001-04-25 20:00:00,25.533614050328943,60,0.0
2001-04-25 21:00:00,24.49833786991886,60,0.0
2001-04-25 22:00:00,23.533614050328943,60,0.0
2001-04-25 23:00:00,22.705186925582755,60,0.0
2001-04-26 00:00:00,22.182300572492654,60,0.0
2001-04-26 01:00:00,21.782698882474133,60,0.0
2001-04-26 02:00:00,21.646402187630407,60,0.0
2001-04-26 03:00:00,21.782698882474133,60,0.0
2001-04-26 04:00:00,22.182300572492654,60,0.0
2001-04-26 05:00:00,22.817975062884216,60,0.0
2001-04-26 06:00:00,23.646402187630407,60,0.0
2001-04-26 07:00:00,24.611126007220324,60,130.54083182515146
2001-04-26 08:00:00,25.646402187630407,60,252.18552169034342
2001-04-26 09:00:00,26.68167836804049,60,356.644185008618
2001-04-26 10:00:00,27.646402187630407,60,436.798136500938
2001-04-26 11:00:00,28.4748293123766,60,487.1850168337695
2001-04-26 12:00:00,29.11050380276816,60,504.3710433806869
2001-04-26 13:00:00,29.510105492786682,60,487.1850168337695
2001-04-26 14:00:00,29.646402187630407,60,436.798136500938
2001-04-26 15:00:00,29.510105492786682,60,356.6441850086181
2001-04-26 16:00:00,29.11050380276816,60,252.18552169034342
2001-04-26 17:00:00,28.4748293123766,60,130.5408318251516
2001-04-26 18:00:00,27.646402187630407,60,6.176763838587691e-14
2001-04-26 19:00:00,26.68167836804049,60,0.0
2001-04-26 20:00:00,25.646402187630407,60,0.0
2001-04-26 21:00:00,24.611126007220324,60,0.0
2001-04-26 22:00:00,23.646402187630407,60,0.0
2001-04-26 23:00:00,22.81797506288422,60,0.0
2001-04-27 00:00:00,22.293711880548354,60,0.0
2001-04-27 01:00:00,21.894110190529833,60,0.0
2001-04-27 02:00:00,21.757813495686108,60,0.0
2001-04-27 03:00:00,21.894110190529833,60,0.0
2001-04-27 04:00:00,22.293711880548354,60,0.0
2001-04-27 05:00:00,22.929386370939916,60,0.0
2001-04-27 06:00:00,23.757813495686108,60,0.0
2001-04-27 07:00:00,24.722537315276025,60,131.25993233875536
2001-04-27 08:00:00,25.757813495686108,60,253.5747172059189
2001-04-27 09:00:00,26.79308967609619,60,358.60880414753274
2001-04-27 10:00:00,27.757813495686108,60,439.20429371556156
2001-04-27 11:00:00,28.5862406204323,60,489.8687364862881
2001-04-27 12:00:00,29.22191511082386,60,507.1494344118379
2001-04-27 13:00:00,29.621516800842382,60,489.8687364862881
2001-04-27 14:00:00,29.757813495686108,60,439.20429371556156
2001-04-27 15:00:00,29.621516800842382,60,358.6088041475328
2001-04-27 16:00:00,29.22191511082386,60,253.5747172059189
2001-04-27 17:00:00,28.5862406204323,60,131.2599323387555
2001-04-27 18:00:00,27.757813495686108,60,6.210789315418478e-14
2001-04-27 19:00:00,26.79308967609619,60,0.0
2001-04-27 20:00:00,25.757813495686108,60,0.0
2001-04-27 21:00:00,24.722537315276025,60,0.0
2001-04-27 22:00:00,23.757813495686108,60,0.0
2001-04-27 23:00:00,22.92938637093992,60,0.0
2001-04-28 00:00:00,22.403713345783256,60,0.0
2001-04-28 01:00:00,22.004111655764735,60,0.0
2001-04-28 02:00:00,21.86781496092101,60,0.0
2001-04-28 03:00:00,22.004111655764735,60,0.0
2001-04-28 04:00:00,22.403713345783256,60,0.0
2001-04-28 05:00:00,23.039387836174818,60,0.0
2001-04-28 06:00:00,23.86781496092101,60,0.0
2001-04-28 07:00:00,24.832538780510927,60,131.96930888457373
2001-04-28 08:00:00,25.86781496092101,60,254.9451274582583
2001-04-28 09:00:00,26.903091141331092,60,360.54685691240627
2001-04-28 10:00:00,27.86781496092101,60,441.57791389982674
2001-04-28 11:00:00,28.6962420856672,60,492.51616579698003
2001-04-28 12:00:00,29.331916576058763,60,509.8902549165167
2001-04-28 13:00:00,29.731518266077284,60,492.51616579698003
2001-04-28 14:00:00,29.86781496092101,60,441.57791389982674
2001-04-28 15:00:00,29.731518266077284,60,360.5468569124063
2001-04-28 16:00:00,29.331916576058763,60,254.9451274582583
2001-04-28 17:00:00,28.6962420856672,60,131.96930888457388
2001-04-28 18:00:00,27.86781496092101,60,6.244354685999401e-14
2001-04-28 19:00:00,26.903091141331092,60,0.0
2001-04-28 20:00:00,25.86781496092101,60,0.0
2001-04-28 21:00:00,24.832538780510927,60,0.0
2001-04-28 22:00:00,23.86781496092101,60,0.0
2001-04-28 23:00:00,23.03938783617482,60,0.0
2001-04-29 00:00:00,22.512272372389187,60,0.0
2001-04-29 01:00:00,22.112670682370666,60,0.0
2001-04-29 02:00:00,21.97637398752694,60,0.0
2001-04-29 03:00:00,22.112670682370666,60,0.0
2001-04-29 04:00:00,22.512272372389187,60,0.0
2001-04-29 05:00:00,23.14794686278075,60,0.0
2001-04-29 06:00:00,23.97637398752694,60,0.0
2001-04-29 07:00:00,24.941097807116858,60,132.6689089107383
2001-04-29 08:00:00,25.97637398752694,60,256.29665092494804
2001-04-29 09:00:00,27.011650167937024,60,362.4581997288644
2001-04-29 10:00:00,27.97637398752694,60,443.91882121175496
2001-04-29 11:00:00,28.804801112273132,60,495.1271086396027
2001-04-29 12:00:00,29.440475602664694,60,512.5933018498961
2001-04-29 13:00:00,29.840077292683215,60,495.1271086396027
2001-04-29 14:00:00,29.97637398752694,60,443.91882121175496
2001-04-29 15:00:00,29.840077292683215,60,362.45819972886443
2001-04-29 16:00:00,29.440475602664694,60,256.29665092494804
2001-04-29 17:00:00,28.804801112273132,60,132.66890891073845
2001-04-29 18:00:00,27.97637398752694,60,6.277457463748484e-14
2001-04-29 19:00:00,27.011650167937024,60,0.0
2001-04-29 20:00:00,25.97637398752694,60,0.0
2001-04-29 21:00:00,24.941097807116858,60,0.0
2001-04-29 22:00:00,23.97637398752694,60,0.0
2001-04-29 23:00:00,23.147946862780753,60,0.0
2001-04-30 00:00:00,22.619356791983666,60,0.0
2001-04-30 01:00:00,22.219755101965145,60,0.0
2001-04-30 02:00:00,22.08345840712142,60,0.0
2001-04-30 03:00:00,22.219755101965145,60,0.0
2001-04-30 04:00:00,22.619356791983666,60,0.0
2001-04-30 05:00:00,23.255031282375228,60,0.0
2001-04-30 06:00:00,24.08345840712142,60,0.0
2001-04-30 07:00:00,25.048182226711337,60,133.35868058964257
2001-04-30 08:00:00,26.08345840712142,60,257.6291874827408
2001-04-30 09:00:00,27.118734587531502,60,364.3426910012529
2001-04-30 10:00:00,28.08345840712142,60,446.22684223279504
2001-04-30 11:00:00,28.91188553186761,60,497.7013715908955
2001-04-30 12:00:00,29.547560022259173,60,515.2583749654817
2001-04-30 13:00:00,29.947161712277694,60,497.7013715908955
2001-04-30 14:00:00,30.08345840712142,60,446.22684223279504
2001-04-30 15:00:00,29.947161712277694,60,364.34269100125294
2001-04-30 16:00:00,29.547560022259173,60,257.6291874827408
2001-04-30 17:00:00,28.91188553186761,60,133.35868058964272
2001-04-30 18:00:00,28.08345840712142,60,6.310095196353439e-14
2001-04-30 19:00:00,27.118734587531502,60,0.0
2001-04-30 20:00:00,26.08345840712142,60,0.0
2001-04-30 21:00:00,25.048182226711337,60,0.0
2001-04-30 22:00:00,24.08345840712142,60,0.0
2001-04-30 23:00:00,23.25503128237523,60,0.0
2001-05-01 00:00:00,22.724934873142097,60,0.0
2001-05-01 01:00:00,22.325333183123576,60,0.0
2001-05-01 02:00:00,22.18903648827985,60,0.0
2001-05-01 03:00:00,22.325333183123576,60,0.0
2001-05-01 04:00:00,22.724934873142097,60,0.0
2001-05-01 05:00:00,23.360609363533662,60,0.0
2001-05-01 06:00:00,24.18903648827985,60,0.0
2001-05-01 07:00:00,25.153760307869767,60,134.03857282178146
2001-05-01 08:00:00,26.18903648827985,60,258.9426384149734
2001-05-01 09:00:00,27.224312668689933,60,366.2001911231278
2001-05-01 10:00:00,28.18903648827985,60,448.5018059806705
2001-05-01 11:00:00,29.017463613026038,60,500.23876394490924
2001-05-01 12:00:00,29.653138103417604,60,517.8852768299469
2001-05-01 13:00:00,30.052739793436125,60,500.23876394490924
2001-05-01 14:00:00,30.18903648827985,60,448.5018059806705
2001-05-01 15:00:00,30.052739793436125,60,366.2001911231278
2001-05-01 16:00:00,29.653138103417604,60,258.9426384149734
2001-05-01 17:00:00,29.01746361302604,60,134.0385728217816
2001-05-01 18:00:00,28.18903648827985,60,6.342265465953353e-14
2001-05-01 19:00:00,27.224312668689933,60,0.0
2001-05-01 20:00:00,26.18903648827985,60,0.0
2001-05-01 21:00:00,25.153760307869767,60,0.0
2001-05-01 22:00:00,24.18903648827985,60,0.0
2001-05-01 23:00:00,23.360609363533662,60,0.0
2001-05-02 00:00:00,22.82897533080047,60,0.0
2001-05-02 01:00:00,22.42937364078195,60,0.0
2001-05-02 02:00:00,22.293076945938225,60,0.0
2001-05-02 03:00:00,22.42937364078195,60,0.0
2001-05-02 04:00:00,22.82897533080047,60,0.0
2001-05-02 05:00:00,23.464649821192033,60,0.0
2001-05-02 06:00:00,24.293076945938225,60,0.0
2001-05-02 07:00:00,25.257800765528142,60,134.70853523953664
2001-05-02 08:00:00,26.293076945938225,60,260.236906418879
2001-05-02 09:00:00,27.328353126348308,60,368.0305624875967
2001-05-02 10:00:00,28.293076945938225,60,450.74354392204583
2001-05-02 11:00:00,29.121504070684416,60,502.73909772713336
2001-05-02 12:00:00,29.75717856107598,60,520.473812837758
2001-05-02 13:00:00,30.1567802510945,60,502.73909772713336
2001-05-02 14:00:00,30.293076945938225,60,450.74354392204583
2001-05-02 15:00:00,30.1567802510945,60,368.03056248759674
2001-05-02 16:00:00,29.75717856107598,60,260.236906418879
2001-05-02 17:00:00,29.121504070684416,60,134.70853523953681
2001-05-02 18:00:00,28.293076945938225,60,6.37396588931779e-14
2001-05-02 19:00:00,27.328353126348308,60,0.0
2001-05-02 20:00:00,26.293076945938225,60,0.0
2001-05-02 21:00:00,25.257800765528142,60,0.0
2001-05-02 22:00:00,24.293076945938225,60,0.0
2001-05-02 23:00:00,23.464649821192037,60,0.0
2001-05-03 00:00:00,22.93144733552581,60,0.0
2001-05-03 01:00:00,22.53184564550729,60,0.0
2001-05-03 02:00:00,22.395548950663564,60,0.0
2001-05-03 03:00:00,22.53184564550729,60,0.0
2001-05-03 04:00:00,22.93144733552581,60,0.0
2001-05-03 05:00:00,23.567121825917376,60,0.0
2001-05-03 06:00:00,24.395548950663564,60,0.0
2001-05-03 07:00:00,25.36027277025348,60,135.36851821090818
2001-05-03 08:00:00,26.395548950663564,60,261.5118956127965
2001-05-03 09:00:00,27.430825131073647,60,369.83366949751394
2001-05-03 10:00:00,28.395548950663564,60,452.9518899850122
2001-05-03 11:00:00,29.22397607540975,60,505.2021877084221
2001-05-03 12:00:00,29.859650565801317,60,523.0237912255931
2001-05-03 13:00:00,30.25925225581984,60,505.2021877084221
2001-05-03 14:00:00,30.395548950663564,60,452.9518899850122
2001-05-03 15:00:00,30.25925225581984,60,369.833669497514
2001-05-03 16:00:00,29.859650565801317,60,261.5118956127965
2001-05-03 17:00:00,29.223976075409755,60,135.36851821090832
2001-05-03 18:00:00,28.395548950663564,60,6.40519411802336e-14
2001-05-03 19:00:00,27.430825131073647,60,0.0
2001-05-03 20:00:00,26.395548950663564,60,0.0
2001-05-03 21:00:00,25.36027277025348,60,0.0
2001-05-03 22:00:00,24.395548950663564,60,0.0
2001-05-03 23:00:00,23.567121825917376,60,0.0
2001-05-04 00:00:00,23.03232052265158,60,0.0
2001-05-04 01:00:00,22.63271883263306,60,0.0
2001-05-04 02:00:00,22.496422137789335,60,0.0
2001-05-04 03:00:00,22.63271883263306,60,0.0
2001-05-04 04:00:00,23.03232052265158,60,0.0
2001-05-04 05:00:00,23.667995013043146,60,0.0
2001-05-04 06:00:00,24.496422137789335,60,0.0
2001-05-04 07:00:00,25.46114595737925,60,136.01847284319095
2001-05-04 08:00:00,26.496422137789335,60,262.7675115432728
2001-05-04 09:00:00,27.531698318199417,60,371.6093785755252
2001-05-04 10:00:00,28.496422137789335,60,455.12668057139007
2001-05-04 11:00:00,29.324849262535523,60,507.6278514187162
2001-05-04 12:00:00,29.960523752927088,60,525.5350230865457
2001-05-04 13:00:00,30.36012544294561,60,507.6278514187162
2001-05-04 14:00:00,30.496422137789335,60,455.12668057139007
2001-05-04 15:00:00,30.36012544294561,60,371.6093785755253
2001-05-04 16:00:00,29.960523752927088,60,262.7675115432728
2001-05-04 17:00:00,29.324849262535526,60,136.01847284319112
2001-05-04 18:00:00,28.496422137789335,60,6.435947838627686e-14
2001-05-04 19:00:00,27.531698318199417,60,0.0
2001-05-04 20:00:00,26.496422137789335,60,0.0
2001-05-04 21:00:00,25.46114595737925,60,0.0
2001-05-04 22:00:00,24.496422137789335,60,0.0
2001-05-04 23:00:00,23.667995013043146,60,0.0
2001-05-05 00:00:00,23.131565001275423,60,0.0
2001-05-05 01:00:00,22.7319633112569,60,0.0
2001-05-05 02:00:00,22.595666616413176,60,0.0
2001-05-05 03:00:00,22.7319633112569,60,0.0
2001-05-05 04:00:00,23.131565001275423,60,0.0
2001-05-05 05:00:00,23.767239491666984,60,0.0
2001-05-05 06:00:00,24.595666616413176,60,0.0
2001-05-05 07:00:00,25.560390436003093,60,136.6583509865971
2001-05-05 08:00:00,26.595666616413176,60,264.00366119206063
2001-05-05 09:00:00,27.63094279682326,60,373.3575581739637
2001-05-05 10:00:00,28.595666616413176,60,457.26775456884894
2001-05-05 11:00:00,29.424093741159368,60,510.01590916056085
2001-05-05 12:00:00,30.05976823155093,60,528.0073223841213
2001-05-05 13:00:00,30.45936992156945,60,510.01590916056085
2001-05-05 14:00:00,30.595666616413176,60,457.26775456884894
2001-05-05 15:00:00,30.45936992156945,60,373.35755817396375
2001-05-05 16:00:00,30.05976823155093,60,264.00366119206063
2001-05-05 17:00:00,29.424093741159368,60,136.65835098659727
2001-05-05 18:00:00,28.595666616413176,60,6.466224772840787e-14
2001-05-05 19:00:00,27.63094279682326,60,0.0
2001-05-05 20:00:00,26.595666616413176,60,0.0
2001-05-05 21:00:00,25.560390436003093,60,0.0
2001-05-05 22:00:00,24.595666616413176,60,0.0
2001-05-05 23:00:00,23.767239491666988,60,0.0
2001-05-06 00:00:00,23.229151363116443,60,0.0
2001-05-06 01:00:00,22.829549673097922,60,0.0
2001-05-06 02:00:00,22.693252978254197,60,0.0
2001-05-06 03:00:00,22.829549673097922,60,0.0
2001-05-06 04:00:00,23.229151363116443,60,0.0
2001-05-06 05:00:00,23.86482585350801,60,0.0
2001-05-06 06:00:00,24.693252978254197,60,0.0
2001-05-06 07:00:00,25.657976797844114,60,137.28810523782278
2001-05-06 08:00:00,26.693252978254197,60,265.220252983009
2001-05-06 09:00:00,27.72852915866428,60,375.0780787845947
2001-05-06 10:00:00,28.693252978254197,60,459.3749533628428
2001-05-06 11:00:00,29.521680103000385,60,512.3661840224175
2001-05-06 12:00:00,30.15735459339195,60,530.4405059660181
2001-05-06 13:00:00,30.55695628341047,60,512.3661840224175
2001-05-06 14:00:00,30.693252978254197,60,459.3749533628428
2001-05-06 15:00:00,30.55695628341047,60,375.07807878459477
2001-05-06 16:00:00,30.15735459339195,60,265.220252983009
2001-05-06 17:00:00,29.52168010300039,60,137.28810523782292
2001-05-06 18:00:00,28.693252978254197,60,6.496022677693866e-14
2001-05-06 19:00:00,27.72852915866428,60,0.0
2001-05-06 20:00:00,26.693252978254197,60,0.0
2001-05-06 21:00:00,25.657976797844114,60,0.0
2001-05-06 22:00:00,24.693252978254197,60,0.0
2001-05-06 23:00:00,23.86482585350801,60,0.0
2001-05-07 00:00:00,23.325050691229546,60,0.0
2001-05-07 01:00:00,22.925449001211025,60,0.0
2001-05-07 02:00:00,22.7891523063673,60,0.0
2001-05-07 03:00:00,22.925449001211025,60,0.0
2001-05-07 04:00:00,23.325050691229546,60,0.0
2001-05-07 05:00:00,23.960725181621108,60,0.0
2001-05-07 06:00:00,24.7891523063673,60,0.0
2001-05-07 07:00:00,25.753876125957216,60,137.90768894355995
2001-05-07 08:00:00,26.7891523063673,60,266.4171967888479
2001-05-07 09:00:00,27.824428486777382,60,376.7708129482105
2001-05-07 10:00:00,28.7891523063673,60,461.4481208483606
2001-05-07 11:00:00,29.61757943111349,60,514.6785018917705
2001-05-07 12:00:00,30.253253921505053,60,532.8343935776959
2001-05-07 13:00:00,30.652855611523574,60,514.6785018917705
2001-05-07 14:00:00,30.7891523063673,60,461.4481208483606
2001-05-07 15:00:00,30.652855611523574,60,376.77081294821056
2001-05-07 16:00:00,30.253253921505053,60,266.4171967888479
2001-05-07 17:00:00,29.61757943111349,60,137.90768894356012
2001-05-07 18:00:00,28.7891523063673,60,6.525339345705462e-14
2001-05-07 19:00:00,27.824428486777382,60,0.0
2001-05-07 20:00:00,26.7891523063673,60,0.0
2001-05-07 21:00:00,25.753876125957216,60,0.0
2001-05-07 22:00:00,24.7891523063673,60,0.0
2001-05-07 23:00:00,23.96072518162111,60,0.0
2001-05-08 00:00:00,23.41923456857413,60,0.0
2001-05-08 01:00:00,23.01963287855561,60,0.0
2001-05-08 02:00:00,22.883336183711883,60,0.0
2001-05-08 03:00:00,23.01963287855561,60,0.0
2001-05-08 04:00:00,23.41923456857413,60,0.0
2001-05-08 05:00:00,24.05490905896569,60,0.0
2001-05-08 06:00:00,24.883336183711883,60,0.0
2001-05-08 07:00:00,25.8480600033018,60,138.51705620395265
2001-05-08 08:00:00,26.883336183711883,60,267.5944039378645
2001-05-08 09:00:00,27.918612364121966,60,378.43563526407235
2001-05-08 10:00:00,28.883336183711883,60,463.48710344149066
2001-05-08 11:00:00,29.711763308458075,60,516.952691468025
2001-05-08 12:00:00,30.347437798849636,60,535.1888078757291
2001-05-08 13:00:00,30.747039488868158,60,516.952691468025
2001-05-08 14:00:00,30.883336183711883,60,463.48710344149066
2001-05-08 15:00:00,30.747039488868158,60,378.4356352640724
2001-05-08 16:00:00,30.347437798849636,60,267.5944039378645
2001-05-08 17:00:00,29.711763308458075,60,138.5170562039528
2001-05-08 18:00:00,28.883336183711883,60,6.554172605044994e-14
2001-05-08 19:00:00,27.918612364121966,60,0.0
2001-05-08 20:00:00,26.883336183711883,60,0.0
2001-05-08 21:00:00,25.8480600033018,60,0.0
2001-05-08 22:00:00,24.883336183711883,60,0.0
2001-05-08 23:00:00,24.054909058965695,60,0.0
2001-05-09 00:00:00,23.51167508643469,60,0.0
2001-05-09 01:00:00,23.112073396416168,60,0.0
2001-05-09 02:00:00,22.975776701572443,60,0.0
2001-05-09 03:00:00,23.112073396416168,60,0.0
2001-05-09 04:00:00,23.51167508643469,60,0.0
2001-05-09 05:00:00,24.14734957682625,60,0.0
2001-05-09 06:00:00,24.975776701572443,60,0.0
2001-05-09 07:00:00,25.94050052116236,60,139.11616187599714
2001-05-09 08:00:00,26.975776701572443,60,268.7517872204726
2001-05-09 09:00:00,28.011052881982526,60,380.0724223992006
2001-05-09 10:00:00,28.975776701572443,60,465.4917500907987
2001-05-09 11:00:00,29.804203826318634,60,519.1885842751977
2001-05-09 12:00:00,30.439878316710196,60,537.5035744409453
2001-05-09 13:00:00,30.839480006728717,60,519.1885842751977
2001-05-09 14:00:00,30.975776701572443,60,465.4917500907987
2001-05-09 15:00:00,30.839480006728717,60,380.07242239920066
2001-05-09 16:00:00,30.439878316710196,60,268.7517872204726
2001-05-09 17:00:00,29.804203826318634,60,139.11616187599728
2001-05-09 18:00:00,28.975776701572443,60,6.582520319693647e-14
2001-05-09 19:00:00,28.011052881982526,60,0.0
2001-05-09 20:00:00,26.975776701572443,60,0.0
2001-05-09 21:00:00,25.94050052116236,60,0.0
2001-05-09 22:00:00,24.975776701572443,60,0.0
2001-05-09 23:00:00,24.147349576826254,60,0.0
2001-05-10 00:00:00,23.602344852690745,60,0.0
2001-05-10 01:00:00,23.202743162672224,60,0.0
2001-05-10 02:00:00,23.0664464678285,60,0.0
2001-05-10 03:00:00,23.202743162672224,60,0.0
2001-05-10 04:00:00,23.602344852690745,60,0.0
2001-05-10 05:00:00,24.238019343082307,60,0.0
2001-05-10 06:00:00,25.0664464678285,60,0.0
2001-05-10 07:00:00,26.031170287418416,60,139.70496157688635
2001-05-10 08:00:00,27.0664464678285,60,269.8892608956729
2001-05-10 09:00:00,28.10172264823858,60,381.6810530975113
2001-05-10 10:00:00,29.0664464678285,60,467.4619122885178
2001-05-10 11:00:00,29.89487359257469,60,521.3860146743976
2001-05-10 12:00:00,30.530548082966252,60,539.778521791346
2001-05-10 13:00:00,30.930149772984773,60,521.3860146743976
2001-05-10 14:00:00,31.0664464678285,60,467.4619122885178
2001-05-10 15:00:00,30.930149772984773,60,381.6810530975114
2001-05-10 16:00:00,30.530548082966252,60,269.8892608956729
2001-05-10 17:00:00,29.89487359257469,60,139.7049615768865
2001-05-10 18:00:00,29.0664464678285,60,6.610380389602616e-14
2001-05-10 19:00:00,28.10172264823858,60,0.0
2001-05-10 20:00:00,27.0664464678285,60,0.0
2001-05-10 21:00:00,26.031170287418416,60,0.0
2001-05-10 22:00:00,25.0664464678285,60,0.0
2001-05-10 23:00:00,24.23801934308231,60,0.0
2001-05-11 00:00:00,23.691216999933747,60,0.0
2001-05-11 01:00:00,23.291615309915226,60,0.0
2001-05-11 02:00:00,23.1553186150715,60,0.0
2001-05-11 03:00:00,23.291615309915226,60,0.0
2001-05-11 04:00:00,23.691216999933747,60,0.0
2001-05-11 05:00:00,24.32689149032531,60,0.0
2001-05-11 06:00:00,25.1553186150715,60,0.0
2001-05-11 07:00:00,26.120042434661418,60,140.2834116872978
2001-05-11 08:00:00,27.1553186150715,60,271.00674069740523
2001-05-11 09:00:00,28.190594795481584,60,383.2614081887992
2001-05-11 10:00:00,29.1553186150715,60,469.3974440815502
2001-05-11 11:00:00,29.983745739817692,60,523.544819876097
2001-05-11 12:00:00,30.619420230209254,60,542.0134813948106
2001-05-11 13:00:00,31.019021920227775,60,523.544819876097
2001-05-11 14:00:00,31.1553186150715,60,469.3974440815502
2001-05-11 15:00:00,31.019021920227775,60,383.26140818879924
2001-05-11 16:00:00,30.619420230209254,60,271.00674069740523
2001-05-11 17:00:00,29.983745739817692,60,140.28341168729793
2001-05-11 18:00:00,29.1553186150715,60,6.637750750848683e-14
2001-05-11 19:00:00,28.190594795481584,60,0.0
2001-05-11 20:00:00,27.1553186150715,60,0.0
2001-05-11 21:00:00,26.120042434661418,60,0.0
2001-05-11 22:00:00,25.1553186150715,60,0.0
2001-05-11 23:00:00,24.326891490325313,60,0.0
2001-05-12 00:00:00,23.77826519342845,60,0.0
2001-05-12 01:00:00,23.37866350340993,60,0.0
2001-05-12 02:00:00,23.242366808566203,60,0.0
2001-05-12 03:00:00,23.37866350340993,60,0.0
2001-05-12 04:00:00,23.77826519342845,60,0.0
2001-05-12 05:00:00,24.41393968382001,60,0.0
2001-05-12 06:00:00,25.242366808566203,60,0.0
2001-05-12 07:00:00,26.20709062815612,60,140.85146935462484
2001-05-12 08:00:00,27.242366808566203,60,272.10414384079075
2001-05-12 09:00:00,28.277642988976286,60,384.8133705975658
2001-05-12 10:00:00,29.242366808566203,60,471.29820208227966
2001-05-12 11:00:00,30.070793933312395,60,525.6648399521906
2001-05-12 12:00:00,30.706468423703956,60,544.2082876815815
2001-05-12 13:00:00,31.106070113722478,60,525.6648399521906
2001-05-12 14:00:00,31.242366808566203,60,471.29820208227966
2001-05-12 15:00:00,31.106070113722478,60,384.81337059756584
2001-05-12 16:00:00,30.706468423703956,60,272.10414384079075
2001-05-12 17:00:00,30.070793933312395,60,140.851469354625
2001-05-12 18:00:00,29.242366808566203,60,6.664629375787108e-14
2001-05-12 19:00:00,28.277642988976286,60,0.0
2001-05-12 20:00:00,27.242366808566203,60,0.0
2001-05-12 21:00:00,26.20709062815612,60,0.0
2001-05-12 22:00:00,25.242366808566203,60,0.0
2001-05-12 23:00:00,24.413939683820015,60,0.0
2001-05-13 00:00:00,23.863463638916464,60,0.0
2001-05-13 01:00:00,23.463861948897943,60,0.0
2001-05-13 02:00:00,23.327565254054218,60,0.0
2001-05-13 03:00:00,23.463861948897943,60,0.0
2001-05-13 04:00:00,23.863463638916464,60,0.0
2001-05-13 05:00:00,24.49913812930803,60,0.0
2001-05-13 06:00:00,25.327565254054218,60,0.0
2001-05-13 07:00:00,26.292289073644135,60,141.40909249615152
2001-05-13 08:00:00,27.327565254054218,60,273.1813890282648
2001-05-13 09:00:00,28.3628414344643,60,386.33682535169277
2001-05-13 10:00:00,29.327565254054218,60,473.1640454791938
2001-05-13 11:00:00,30.155992378800406,60,527.7459178478443
2001-05-13 12:00:00,30.79166686919197,60,546.3627780565297
2001-05-13 13:00:00,31.191268559210492,60,527.7459178478443
2001-05-13 14:00:00,31.327565254054218,60,473.1640454791938
2001-05-13 15:00:00,31.191268559210492,60,386.3368253516928
2001-05-13 16:00:00,30.79166686919197,60,273.1813890282648
2001-05-13 17:00:00,30.15599237880041,60,141.40909249615166
2001-05-13 18:00:00,29.327565254054218,60,6.691014273201848e-14
2001-05-13 19:00:00,28.3628414344643,60,0.0
2001-05-13 20:00:00,27.327565254054218,60,0.0
2001-05-13 21:00:00,26.292289073644135,60,0.0
2001-05-13 22:00:00,25.327565254054218,60,0.0
2001-05-13 23:00:00,24.49913812930803,60,0.0
2001-05-14 00:00:00,23.946787090259658,60,0.0
2001-05-14 01:00:00,23.547185400241137,60,0.0
2001-05-14 02:00:00,23.41088870539741,60,0.0
2001-05-14 03:00:00,23.547185400241137,60,0.0
2001-05-14 04:00:00,23.946787090259658,60,0.0
2001-05-14 05:00:00,24.58246158065122,60,0.0
2001-05-14 06:00:00,25.41088870539741,60,0.0
2001-05-14 07:00:00,26.37561252498733,60,141.95623980216988
2001-05-14 08:00:00,27.41088870539741,60,274.2383964556001
2001-05-14 09:00:00,28.446164885807494,60,387.83165959095936
2001-05-14 10:00:00,29.41088870539741,60,474.99483604731614
2001-05-14 11:00:00,30.239315830143603,60,529.7878993931292
2001-05-14 12:00:00,30.874990320535165,60,548.4767929112002
2001-05-14 13:00:00,31.274592010553686,60,529.7878993931292
2001-05-14 14:00:00,31.41088870539741,60,474.99483604731614
2001-05-14 15:00:00,31.274592010553686,60,387.8316595909594
2001-05-14 16:00:00,30.874990320535165,60,274.2383964556001
2001-05-14 17:00:00,30.239315830143603,60,141.95623980217002
2001-05-14 18:00:00,29.41088870539741,60,6.71690348845307e-14
2001-05-14 19:00:00,28.446164885807494,60,0.0
2001-05-14 20:00:00,27.41088870539741,60,0.0
2001-05-14 21:00:00,26.37561252498733,60,0.0
2001-05-14 22:00:00,25.41088870539741,60,0.0
2001-05-14 23:00:00,24.582461580651223,60,0.0
2001-05-15 00:00:00,24.028210856921135,60,0.0
2001-05-15 01:00:00,23.628609166902613,60,0.0
2001-05-15 02:00:00,23.492312472058888,60,0.0
2001-05-15 03:00:00,23.628609166902613,60,0.0
2001-05-15 04:00:00,24.028210856921135,60,0.0
2001-05-15 05:00:00,24.6638853473127,60,0.0
2001-05-15 06:00:00,25.492312472058888,60,0.0
2001-05-15 07:00:00,26.457036291648805,60,142.49287073904046
2001-05-15 08:00:00,27.492312472058888,60,275.2750878178181
2001-05-15 09:00:00,28.52758865246897,60,389.2977625754031
2001-05-15 10:00:00,29.492312472058888,60,476.7904381584455
2001-05-15 11:00:00,30.320739596805076,60,531.7906333144435
2001-05-15 12:00:00,30.95641408719664,60,550.5501756356363
2001-05-15 13:00:00,31.356015777215163,60,531.7906333144435
2001-05-15 14:00:00,31.492312472058888,60,476.7904381584455
2001-05-15 15:00:00,31.356015777215163,60,389.29776257540317
2001-05-15 16:00:00,30.95641408719664,60,275.2750878178181
2001-05-15 17:00:00,30.32073959680508,60,142.4928707390406
2001-05-15 18:00:00,29.492312472058888,60,6.74229510362195e-14
2001-05-15 19:00:00,28.52758865246897,60,0.0
2001-05-15 20:00:00,27.492312472058888,60,0.0
2001-05-15 21:00:00,26.457036291648805,60,0.0
2001-05-15 22:00:00,25.492312472058888,60,0.0
2001-05-15 23:00:00,24.6638853473127,60,0.0
2001-05-16 00:00:00,24.10771081128156,60,0.0
2001-05-16 01:00:00,23.70810912126304,60,0.0
2001-05-16 02:00:00,23.571812426419314,60,0.0
2001-05-16 03:00:00,23.70810912126304,60,0.0
2001-05-16 04:00:00,24.10771081128156,60,0.0
2001-05-16 05:00:00,24.743385301673122,60,0.0
2001-05-16 06:00:00,25.571812426419314,60,0.0
2001-05-16 07:00:00,26.53653624600923,60,143.01894555219496
2001-05-16 08:00:00,27.571812426419314,60,276.29138631499035
2001-05-16 09:00:00,28.607088606829397,60,390.73502569352354
2001-05-16 10:00:00,29.571812426419314,60,478.55071879120374
2001-05-16 11:00:00,30.400239551165505,60,533.7539712457185
2001-05-16 12:00:00,31.035914041557067,60,552.5827726299808
2001-05-16 13:00:00,31.435515731575588,60,533.7539712457185
2001-05-16 14:00:00,31.571812426419314,60,478.55071879120374
2001-05-16 15:00:00,31.435515731575588,60,390.73502569352354
2001-05-16 16:00:00,31.035914041557067,60,276.29138631499035
2001-05-16 17:00:00,30.400239551165505,60,143.0189455521951
2001-05-16 18:00:00,29.571812426419314,60,6.767187237652756e-14
2001-05-16 19:00:00,28.607088606829397,60,0.0
2001-05-16 20:00:00,27.571812426419314,60,0.0
2001-05-16 21:00:00,26.53653624600923,60,0.0
2001-05-16 22:00:00,25.571812426419314,60,0.0
2001-05-16 23:00:00,24.743385301673126,60,0.0
2001-05-17 00:00:00,24.18526339578871,60,0.0
2001-05-17 01:00:00,23.78566170577019,60,0.0
2001-05-17 02:00:00,23.649365010926463,60,0.0
2001-05-17 03:00:00,23.78566170577019,60,0.0
2001-05-17 04:00:00,24.18526339578871,60,0.0
2001-05-17 05:00:00,24.820937886180275,60,0.0
2001-05-17 06:00:00,25.649365010926463,60,0.0
2001-05-17 07:00:00,26.61408883051638,60,143.5344252690814
2001-05-17 08:00:00,27.649365010926463,60,277.2872166579279
2001-05-17 09:00:00,28.684641191336546,60,392.1433424703285
2001-05-17 10:00:00,29.649365010926463,60,480.2755475408904
2001-05-17 11:00:00,30.47779213567265,60,535.6777677394099
2001-05-17 12:00:00,31.113466626064216,60,554.5744333158559
2001-05-17 13:00:00,31.513068316082737,60,535.6777677394099
2001-05-17 14:00:00,31.649365010926463,60,480.2755475408904
2001-05-17 15:00:00,31.513068316082737,60,392.14334247032855
2001-05-17 16:00:00,31.113466626064216,60,277.2872166579279
2001-05-17 17:00:00,30.477792135672654,60,143.53442526908154
2001-05-17 18:00:00,29.649365010926463,60,6.791578046492202e-14
2001-05-17 19:00:00,28.684641191336546,60,0.0
2001-05-17 20:00:00,27.649365010926463,60,0.0
2001-05-17 21:00:00,26.61408883051638,60,0.0
2001-05-17 22:00:00,25.649365010926463,60,0.0
2001-05-17 23:00:00,24.820937886180275,60,0.0
2001-05-18 00:00:00,24.26084562993807,60,0.0
2001-05-18 01:00:00,23.86124393991955,60,0.0
2001-05-18 02:00:00,23.724947245075825,60,0.0
2001-05-18 03:00:00,23.86124393991955,60,0.0
2001-05-18 04:00:00,24.26084562993807,60,0.0
2001-05-18 05:00:00,24.896520120329633,60,0.0
2001-05-18 06:00:00,25.724947245075825,60,0.0
2001-05-18 07:00:00,26.689671064665742,60,144.03927170205128
2001-05-18 08:00:00,27.724947245075825,60,278.2625050737589
2001-05-18 09:00:00,28.760223425485908,60,393.5226085752221
2001-05-18 10:00:00,29.724947245075825,60,481.9647966291431
2001-05-18 11:00:00,30.553374369822016,60,537.5618802772734
2001-05-18 12:00:00,31.18904886021358,60,556.525010147518
2001-05-18 13:00:00,31.5886505502321,60,537.5618802772734
2001-05-18 14:00:00,31.724947245075825,60,481.9647966291431
2001-05-18 15:00:00,31.5886505502321,60,393.52260857522214
2001-05-18 16:00:00,31.18904886021358,60,278.2625050737589
2001-05-18 17:00:00,30.553374369822016,60,144.03927170205142
2001-05-18 18:00:00,29.724947245075825,60,6.815465723226061e-14
2001-05-18 19:00:00,28.760223425485908,60,0.0
2001-05-18 20:00:00,27.724947245075825,60,0.0
2001-05-18 21:00:00,26.689671064665742,60,0.0
2001-05-18 22:00:00,25.724947245075825,60,0.0
2001-05-18 23:00:00,24.896520120329637,60,0.0
2001-05-19 00:00:00,24.334435117082467,60,0.0
2001-05-19 01:00:00,23.934833427063946,60,0.0
2001-05-19 02:00:00,23.79853673222022,60,0.0
2001-05-19 03:00:00,23.934833427063946,60,0.0
2001-05-19 04:00:00,24.334435117082467,60,0.0
2001-05-19 05:00:00,24.97010960747403,60,0.0
2001-05-19 06:00:00,25.79853673222022,60,0.0
2001-05-19 07:00:00,26.763260551810138,60,144.53344745118852
2001-05-19 08:00:00,27.79853673222022,60,279.2171793113938
2001-05-19 09:00:00,28.833812912630304,60,394.8727218297335
2001-05-19 10:00:00,29.79853673222022,60,483.6183409134037
2001-05-19 11:00:00,30.626963856966412,60,539.4061692809221
2001-05-19 12:00:00,31.262638347357974,60,558.4343586227877
2001-05-19 13:00:00,31.662240037376495,60,539.4061692809221
2001-05-19 14:00:00,31.79853673222022,60,483.6183409134037
2001-05-19 15:00:00,31.662240037376495,60,394.87272182973356
2001-05-19 16:00:00,31.262638347357974,60,279.2171793113938
2001-05-19 17:00:00,30.626963856966412,60,144.5334474511887
2001-05-19 18:00:00,29.79853673222022,60,6.83884849821302e-14
2001-05-19 19:00:00,28.833812912630304,60,0.0
2001-05-19 20:00:00,27.79853673222022,60,0.0
2001-05-19 21:00:00,26.763260551810138,60,0.0
2001-05-19 22:00:00,25.79853673222022,60,0.0
2001-05-19 23:00:00,24.970109607474033,60,0.0
2001-05-20 00:00:00,24.40601005106867,60,0.0
2001-05-20 01:00:00,24.00640836105015,60,0.0
2001-05-20 02:00:00,23.870111666206423,60,0.0
2001-05-20 03:00:00,24.00640836105015,60,0.0
2001-05-20 04:00:00,24.40601005106867,60,0.0
2001-05-20 05:00:00,25.041684541460235,60,0.0
2001-05-20 06:00:00,25.870111666206423,60,0.0
2001-05-20 07:00:00,26.83483548579634,60,145.0169159070802
2001-05-20 08:00:00,27.870111666206423,60,280.1511686468775
2001-05-20 09:00:00,28.905387846616506,60,396.1935822150864
2001-05-20 10:00:00,29.870111666206423,60,485.23605789618904
2001-05-20 11:00:00,30.69853879095261,60,541.2104981221667
2001-05-20 12:00:00,31.334213281344176,60,560.3023372937552
2001-05-20 13:00:00,31.733814971362698,60,541.2104981221667
2001-05-20 14:00:00,31.870111666206423,60,485.23605789618904
2001-05-20 15:00:00,31.733814971362698,60,396.19358221508645
2001-05-20 16:00:00,31.334213281344176,60,280.1511686468775
2001-05-20 17:00:00,30.698538790952615,60,145.01691590708035
2001-05-20 18:00:00,29.870111666206423,60,6.861724639215778e-14
2001-05-20 19:00:00,28.905387846616506,60,0.0
2001-05-20 20:00:00,27.870111666206423,60,0.0
2001-05-20 21:00:00,26.83483548579634,60,0.0
2001-05-20 22:00:00,25.870111666206423,60,0.0
2001-05-20 23:00:00,25.041684541460235,60,0.0
2001-05-21 00:00:00,24.47554922269902,60,0.0
2001-05-21 01:00:00,24.075947532680498,60,0.0
2001-05-21 02:00:00,23.939650837836773,60,0.0
2001-05-21 03:00:00,24.075947532680498,60,0.0
2001-05-21 04:00:00,24.47554922269902,60,0.0
2001-05-21 05:00:00,25.11122371309058,60,0.0
2001-05-21 06:00:00,25.939650837836773,60,0.0
2001-05-21 07:00:00,26.90437465742669,60,145.48964125352856
2001-05-21 08:00:00,27.939650837836773,60,281.0644038886294
2001-05-21 09:00:00,28.974927018246856,60,397.48509187960894
2001-05-21 10:00:00,29.939650837836773,60,486.8178277341657
2001-05-21 11:00:00,30.768077962582964,60,542.9747331331375
2001-05-21 12:00:00,31.403752452974526,60,562.1288077772589
2001-05-21 13:00:00,31.803354142993047,60,542.9747331331375
2001-05-21 14:00:00,31.939650837836773,60,486.8178277341657
2001-05-21 15:00:00,31.803354142993047,60,397.485091879609
2001-05-21 16:00:00,31.403752452974526,60,281.0644038886294
2001-05-21 17:00:00,30.768077962582964,60,145.48964125352873
2001-05-21 18:00:00,29.939650837836773,60,6.884092451529379e-14
2001-05-21 19:00:00,28.974927018246856,60,0.0
2001-05-21 20:00:00,27.939650837836773,60,0.0
2001-05-21 21:00:00,26.90437465742669,60,0.0
2001-05-21 22:00:00,25.939650837836773,60,0.0
2001-05-21 23:00:00,25.111223713090585,60,0.0
2001-05-22 00:00:00,24.54303202601619,60,0.0
2001-05-22 01:00:00,24.143430335997667,60,0.0
2001-05-22 02:00:00,24.007133641153942,60,0.0
2001-05-22 03:00:00,24.143430335997667,60,0.0
2001-05-22 04:00:00,24.54303202601619,60,0.0
2001-05-22 05:00:00,25.17870651640775,60,0.0
2001-05-22 06:00:00,26.007133641153942,60,0.0
2001-05-22 07:00:00,26.97185746074386,60,145.95158847020448
2001-05-22 08:00:00,28.007133641153942,60,281.95681738256854
2001-05-22 09:00:00,29.042409821564025,60,398.74715514598256
2001-05-22 10:00:00,30.007133641153942,60,488.36353324702844
2001-05-22 11:00:00,30.835560765900134,60,544.698743616187
2001-05-22 12:00:00,31.471235256291695,60,563.9136347651372
2001-05-22 13:00:00,31.870836946310217,60,544.698743616187
2001-05-22 14:00:00,32.00713364115394,60,488.36353324702844
2001-05-22 15:00:00,31.870836946310217,60,398.7471551459826
2001-05-22 16:00:00,31.471235256291695,60,281.95681738256854
2001-05-22 17:00:00,30.835560765900134,60,145.95158847020463
2001-05-22 18:00:00,30.007133641153942,60,6.905950278106749e-14
2001-05-22 19:00:00,29.042409821564025,60,0.0
2001-05-22 20:00:00,28.007133641153942,60,0.0
2001-05-22 21:00:00,26.97185746074386,60,0.0
2001-05-22 22:00:00,26.007133641153942,60,0.0
2001-05-22 23:00:00,25.178706516407754,60,0.0
2001-05-23 00:00:00,24.608438464409154,60,0.0
2001-05-23 01:00:00,24.208836774390633,60,0.0
2001-05-23 02:00:00,24.072540079546908,60,0.0
2001-05-23 03:00:00,24.208836774390633,60,0.0
2001-05-23 04:00:00,24.608438464409154,60,0.0
2001-05-23 05:00:00,25.24411295480072,60,0.0
2001-05-23 06:00:00,26.072540079546908,60,0.0
2001-05-23 07:00:00,27.037263899136825,60,146.4027233352416
2001-05-23 08:00:00,28.072540079546908,60,282.82834301712614
2001-05-23 09:00:00,29.10781625995699,60,399.9796785183297
2001-05-23 10:00:00,30.072540079546908,60,489.87305992618093
2001-05-23 11:00:00,30.900967204293096,60,546.3824018535713
2001-05-23 12:00:00,31.53664169468466,60,565.6566860342524
2001-05-23 13:00:00,31.936243384703182,60,546.3824018535713
2001-05-23 14:00:00,32.07254007954691,60,489.87305992618093
2001-05-23 15:00:00,31.936243384703182,60,399.97967851832976
2001-05-23 16:00:00,31.53664169468466,60,282.82834301712614
2001-05-23 17:00:00,30.9009672042931,60,146.40272333524177
2001-05-23 18:00:00,30.072540079546908,60,6.927296499681465e-14
2001-05-23 19:00:00,29.10781625995699,60,0.0
2001-05-23 20:00:00,28.072540079546908,60,0.0
2001-05-23 21:00:00,27.037263899136825,60,0.0
2001-05-23 22:00:00,26.072540079546908,60,0.0
2001-05-23 23:00:00,25.24411295480072,60,0.0
2001-05-24 00:00:00,24.671749156538635,60,0.0
2001-05-24 01:00:00,24.272147466520114,60,0.0
2001-05-24 02:00:00,24.135850771676388,60,0.0
2001-05-24 03:00:00,24.272147466520114,60,0.0
2001-05-24 04:00:00,24.671749156538635,60,0.0
2001-05-24 05:00:00,25.307423646930197,60,0.0
2001-05-24 06:00:00,26.135850771676388,60,0.0
2001-05-24 07:00:00,27.100574591266305,60,146.84301242777178
2001-05-24 08:00:00,28.135850771676388,60,283.6789162281427
2001-05-24 09:00:00,29.17112695208647,60,401.18257068914056
2001-05-24 10:00:00,30.135850771676388,60,491.3462959432186
2001-05-24 11:00:00,30.96427789642258,60,548.0255831169123
2001-05-24 12:00:00,31.59995238681414,60,567.3578324562856
2001-05-24 13:00:00,31.999554076832663,60,548.0255831169123
2001-05-24 14:00:00,32.13585077167639,60,491.3462959432186
2001-05-24 15:00:00,31.999554076832663,60,401.1825706891406
2001-05-24 16:00:00,31.59995238681414,60,283.6789162281427
2001-05-24 17:00:00,30.96427789642258,60,146.84301242777195
2001-05-24 18:00:00,30.135850771676388,60,6.948129534887704e-14
2001-05-24 19:00:00,29.17112695208647,60,0.0
2001-05-24 20:00:00,28.135850771676388,60,0.0
2001-05-24 21:00:00,27.100574591266305,60,0.0
2001-05-24 22:00:00,26.135850771676388,60,0.0
2001-05-24 23:00:00,25.3074236469302,60,0.0
2001-05-25 00:00:00,24.732945342080193,60,0.0
2001-05-25 01:00:00,24.33334365206167,60,0.0
2001-05-25 02:00:00,24.197046957217946,60,0.0
2001-05-25 03:00:00,24.33334365206167,60,0.0
2001-05-25 04:00:00,24.732945342080193,60,0.0
2001-05-25 05:00:00,25.368619832471758,60,0.0
2001-05-25 06:00:00,26.197046957217946,60,0.0
2001-05-25 07:00:00,27.161770776807863,60,147.27242313040082
2001-05-25 08:00:00,28.197046957217946,60,284.50847400365143
2001-05-25 09:00:00,29.23232313762803,60,402.355742546037
2001-05-25 10:00:00,30.197046957217946,60,492.78313215821345
2001-05-25 11:00:00,31.025474081964134,60,549.6281656764379
2001-05-25 12:00:00,31.6611485723557,60,569.0169480073029
2001-05-25 13:00:00,32.06075026237422,60,549.6281656764379
2001-05-25 14:00:00,32.19704695721795,60,492.78313215821345
2001-05-25 15:00:00,32.06075026237422,60,402.35574254603705
2001-05-25 16:00:00,31.6611485723557,60,284.50847400365143
2001-05-25 17:00:00,31.025474081964138,60,147.272423130401
2001-05-25 18:00:00,30.197046957217946,60,6.968447840377394e-14
2001-05-25 19:00:00,29.23232313762803,60,0.0
2001-05-25 20:00:00,28.197046957217946,60,0.0
2001-05-25 21:00:00,27.161770776807863,60,0.0
2001-05-25 22:00:00,26.197046957217946,60,0.0
2001-05-25 23:00:00,25.368619832471758,60,0.0
2001-05-26 00:00:00,24.792008887283334,60,0.0
2001-05-26 01:00:00,24.392407197264813,60,0.0
2001-05-26 02:00:00,24.256110502421087,60,0.0
2001-05-26 03:00:00,24.392407197264813,60,0.0
2001-05-26 04:00:00,24.792008887283334,60,0.0
2001-05-26 05:00:00,25.427683377674896,60,0.0
2001-05-26 06:00:00,26.256110502421087,60,0.0
2001-05-26 07:00:00,27.220834322011005,60,147.69092363162497
2001-05-26 08:00:00,28.256110502421087,60,285.316954888546
2001-05-26 09:00:00,29.29138668283117,60,403.49910717837435
2001-05-26 10:00:00,30.256110502421087,60,494.18346212779915
2001-05-26 11:00:00,31.08453762716728,60,551.1900308099994
2001-05-26 12:00:00,31.72021211755884,60,570.6339097770921
2001-05-26 13:00:00,32.11981380757736,60,551.1900308099994
2001-05-26 14:00:00,32.25611050242109,60,494.18346212779915
2001-05-26 15:00:00,32.11981380757736,60,403.4991071783744
2001-05-26 16:00:00,31.72021211755884,60,285.316954888546
2001-05-26 17:00:00,31.08453762716728,60,147.6909236316251
2001-05-26 18:00:00,30.256110502421087,60,6.988249910934554e-14
2001-05-26 19:00:00,29.29138668283117,60,0.0
2001-05-26 20:00:00,28.256110502421087,60,0.0
2001-05-26 21:00:00,27.220834322011005,60,0.0
2001-05-26 22:00:00,26.256110502421087,60,0.0
2001-05-26 23:00:00,25.4276833776749,60,0.0
2001-05-27 00:00:00,24.848922290344916,60,0.0
2001-05-27 01:00:00,24.449320600326395,60,0.0
2001-05-27 02:00:00,24.31302390548267,60,0.0
2001-05-27 03:00:00,24.449320600326395,60,0.0
2001-05-27 04:00:00,24.848922290344916,60,0.0
2001-05-27 05:00:00,25.48459678073648,60,0.0
2001-05-27 06:00:00,26.31302390548267,60,0.0
2001-05-27 07:00:00,27.277747725072587,60,148.09848292818734
2001-05-27 08:00:00,28.31302390548267,60,286.1042989891336
2001-05-27 09:00:00,29.348300085892753,60,404.6125798836798
2001-05-27 10:00:00,30.31302390548267,60,495.5471821130565
2001-05-27 11:00:00,31.141451030228858,60,552.7110628118671
2001-05-27 12:00:00,31.777125520620423,60,572.2085979782673
2001-05-27 13:00:00,32.176727210638944,60,552.7110628118671
2001-05-27 14:00:00,32.313023905482666,60,495.5471821130565
2001-05-27 15:00:00,32.176727210638944,60,404.61257988367987
2001-05-27 16:00:00,31.777125520620423,60,286.1042989891336
2001-05-27 17:00:00,31.14145103022886,60,148.0984829281875
2001-05-27 18:00:00,30.31302390548267,60,7.007534279586797e-14
2001-05-27 19:00:00,29.348300085892753,60,0.0
2001-05-27 20:00:00,28.31302390548267,60,0.0
2001-05-27 21:00:00,27.277747725072587,60,0.0
2001-05-27 22:00:00,26.31302390548267,60,0.0
2001-05-27 23:00:00,25.48459678073648,60,0.0
2001-05-28 00:00:00,24.903668686595324,60,0.0
2001-05-28 01:00:00,24.504066996576803,60,0.0
2001-05-28 02:00:00,24.367770301733078,60,0.0
2001-05-28 03:00:00,24.504066996576803,60,0.0
2001-05-28 04:00:00,24.903668686595324,60,0.0
2001-05-28 05:00:00,25.53934317698689,60,0.0
2001-05-28 06:00:00,26.367770301733078,60,0.0
2001-05-28 07:00:00,27.332494121322995,60,148.49507082737492
2001-05-28 08:00:00,28.367770301733078,60,286.87044797757164
2001-05-28 09:00:00,29.40304648214316,60,405.6960781739273
2001-05-28 10:00:00,30.367770301733078,60,496.87419108719865
2001-05-28 11:00:00,31.196197426479266,60,554.1911490013022
2001-05-28 12:00:00,31.83187191687083,60,573.7408959551434
2001-05-28 13:00:00,32.23147360688935,60,554.1911490013022
2001-05-28 14:00:00,32.367770301733074,60,496.87419108719865
2001-05-28 15:00:00,32.23147360688935,60,405.69607817392733
2001-05-28 16:00:00,31.83187191687083,60,286.87044797757164
2001-05-28 17:00:00,31.19619742647927,60,148.4950708273751
2001-05-28 18:00:00,30.367770301733078,60,7.02629951771401e-14
2001-05-28 19:00:00,29.40304648214316,60,0.0
2001-05-28 20:00:00,28.367770301733078,60,0.0
2001-05-28 21:00:00,27.332494121322995,60,0.0
2001-05-28 22:00:00,26.367770301733078,60,0.0
2001-05-28 23:00:00,25.53934317698689,60,0.0
2001-05-29 00:00:00,24.95623185349582,60,0.0
2001-05-29 01:00:00,24.556630163477298,60,0.0
2001-05-29 02:00:00,24.420333468633572,60,0.0
2001-05-29 03:00:00,24.556630163477298,60,0.0
2001-05-29 04:00:00,24.95623185349582,60,0.0
2001-05-29 05:00:00,25.59190634388738,60,0.0
2001-05-29 06:00:00,26.420333468633572,60,0.0
2001-05-29 07:00:00,27.38505728822349,60,148.88065794925518
2001-05-29 08:00:00,28.420333468633572,60,287.6153450961889
2001-05-29 09:00:00,29.455609649043655,60,406.7495217816484
2001-05-29 10:00:00,30.420333468633572,60,498.1643907430554
2001-05-29 11:00:00,31.248760593379764,60,555.6301797309036
2001-05-29 12:00:00,31.884435083771326,60,575.2306901923779
2001-05-29 13:00:00,32.28403677378984,60,555.6301797309036
2001-05-29 14:00:00,32.42033346863357,60,498.1643907430554
2001-05-29 15:00:00,32.28403677378984,60,406.74952178164847
2001-05-29 16:00:00,31.884435083771326,60,287.6153450961889
2001-05-29 17:00:00,31.248760593379764,60,148.88065794925535
2001-05-29 18:00:00,30.420333468633572,60,7.044544235154183e-14
2001-05-29 19:00:00,29.455609649043655,60,0.0
2001-05-29 20:00:00,28.420333468633572,60,0.0
2001-05-29 21:00:00,27.38505728822349,60,0.0
2001-05-29 22:00:00,26.420333468633572,60,0.0
2001-05-29 23:00:00,25.591906343887384,60,0.0
2001-05-30 00:00:00,25.006596215445647,60,0.0
2001-05-30 01:00:00,24.606994525427126,60,0.0
2001-05-30 02:00:00,24.4706978305834,60,0.0
2001-05-30 03:00:00,24.606994525427126,60,0.0
2001-05-30 04:00:00,25.006596215445647,60,0.0
2001-05-30 05:00:00,25.642270705837213,60,0.0
2001-05-30 06:00:00,26.4706978305834,60,0.0
2001-05-30 07:00:00,27.435421650173318,60,149.25521572885262
2001-05-30 08:00:00,28.4706978305834,60,288.3389351616902
2001-05-30 09:00:00,29.505974010993484,60,407.77283266587875
2001-05-30 10:00:00,30.4706978305834,60,499.41768550035573
2001-05-30 11:00:00,31.29912495532959,60,557.0280483947314
2001-05-30 12:00:00,31.934799445721154,60,576.6778703233805
2001-05-30 13:00:00,32.334401135739675,60,557.0280483947314
2001-05-30 14:00:00,32.470697830583404,60,499.41768550035573
2001-05-30 15:00:00,32.334401135739675,60,407.7728326658788
2001-05-30 16:00:00,31.934799445721154,60,288.3389351616902
2001-05-30 17:00:00,31.299124955329592,60,149.2552157288528
2001-05-30 18:00:00,30.4706978305834,60,7.062267080306403e-14
2001-05-30 19:00:00,29.505974010993484,60,0.0
2001-05-30 20:00:00,28.4706978305834,60,0.0
2001-05-30 21:00:00,27.435421650173318,60,0.0
2001-05-30 22:00:00,26.4706978305834,60,0.0
2001-05-30 23:00:00,25.642270705837213,60,0.0
2001-05-31 00:00:00,25.05474684839741,60,0.0
2001-05-31 01:00:00,24.65514515837889,60,0.0
2001-05-31 02:00:00,24.518848463535164,60,0.0
2001-05-31 03:00:00,24.65514515837889,60,0.0
2001-05-31 04:00:00,25.05474684839741,60,0.0
2001-05-31 05:00:00,25.690421338788973,60,0.0
2001-05-31 06:00:00,26.518848463535164,60,0.0
2001-05-31 07:00:00,27.48357228312508,60,149.6187164182649
2001-05-31 08:00:00,28.518848463535164,60,289.0411645692446
2001-05-31 09:00:00,29.554124643945247,60,408.76593501793946
2001-05-31 10:00:00,30.518848463535164,60,500.633982512809
2001-05-31 11:00:00,31.347275588281356,60,558.3846514362044
2001-05-31 12:00:00,31.982950078672918,60,578.0823291384893
2001-05-31 13:00:00,32.382551768691435,60,558.3846514362044
2001-05-31 14:00:00,32.518848463535164,60,500.633982512809
2001-05-31 15:00:00,32.382551768691435,60,408.7659350179395
2001-05-31 16:00:00,31.982950078672918,60,289.0411645692446
2001-05-31 17:00:00,31.347275588281356,60,149.61871641826508
2001-05-31 18:00:00,30.518848463535164,60,7.079466740230977e-14
2001-05-31 19:00:00,29.554124643945247,60,0.0
2001-05-31 20:00:00,28.518848463535164,60,0.0
2001-05-31 21:00:00,27.48357228312508,60,0.0
2001-05-31 22:00:00,26.518848463535164,60,0.0
2001-05-31 23:00:00,25.690421338788976,60,0.0
2001-06-01 00:00:00,25.100669484279386,60,0.0
2001-06-01 01:00:00,24.701067794260865,60,0.0
2001-06-01 02:00:00,24.56477109941714,60,0.0
2001-06-01 03:00:00,24.701067794260865,60,0.0
2001-06-01 04:00:00,25.100669484279386,60,0.0
2001-06-01 05:00:00,25.73634397467095,60,0.0
2001-06-01 06:00:00,26.56477109941714,60,0.0
2001-06-01 07:00:00,27.529494919007057,60,149.9711330887185
2001-06-01 08:00:00,28.56477109941714,60,289.7219812964564
2001-06-01 09:00:00,29.600047279827223,60,409.72875526705286
2001-06-01 10:00:00,30.56477109941714,60,501.8131916749826
2001-06-01 11:00:00,31.393198224163328,60,559.6998883557713
2001-06-01 12:00:00,32.02887271455489,60,579.443962592913
2001-06-01 13:00:00,32.428474404573414,60,559.6998883557713
2001-06-01 14:00:00,32.56477109941714,60,501.8131916749826
2001-06-01 15:00:00,32.428474404573414,60,409.7287552670529
2001-06-01 16:00:00,32.02887271455489,60,289.7219812964564
2001-06-01 17:00:00,31.39319822416333,60,149.97113308871863
2001-06-01 18:00:00,30.56477109941714,60,7.096141940746695e-14
2001-06-01 19:00:00,29.600047279827223,60,0.0
2001-06-01 20:00:00,28.56477109941714,60,0.0
2001-06-01 21:00:00,27.529494919007057,60,0.0
2001-06-01 22:00:00,26.56477109941714,60,0.0
2001-06-01 23:00:00,25.73634397467095,60,0.0
2001-06-02 00:00:00,25.144350515223476,60,0.0
2001-06-02 01:00:00,24.744748825204955,60,0.0
2001-06-02 02:00:00,24.60845213036123,60,0.0
2001-06-02 03:00:00,24.744748825204955,60,0.0
2001-06-02 04:00:00,25.144350515223476,60,0.0
2001-06-02 05:00:00,25.780025005615038,60,0.0
2001-06-02 06:00:00,26.60845213036123,60,0.0
2001-06-02 07:00:00,27.573175949951146,60,150.31243963256352
2001-06-02 08:00:00,28.60845213036123,60,290.3813349072192
2001-06-02 09:00:00,29.643728310771312,60,410.66122208579327
2001-06-02 10:00:00,30.60845213036123,60,502.95522562897776
2001-06-02 11:00:00,31.43687925510742,60,560.9736617183569
2001-06-02 12:00:00,32.072553745498986,60,580.7626698144385
2001-06-02 13:00:00,32.4721554355175,60,560.9736617183569
2001-06-02 14:00:00,32.60845213036123,60,502.95522562897776
2001-06-02 15:00:00,32.4721554355175,60,410.6612220857933
2001-06-02 16:00:00,32.072553745498986,60,290.3813349072192
2001-06-02 17:00:00,31.43687925510742,60,150.3124396325637
2001-06-02 18:00:00,30.60845213036123,60,7.112291446525232e-14
2001-06-02 19:00:00,29.643728310771312,60,0.0
2001-06-02 20:00:00,28.60845213036123,60,0.0
2001-06-02 21:00:00,27.573175949951146,60,0.0
2001-06-02 22:00:00,26.60845213036123,60,0.0
2001-06-02 23:00:00,25.78002500561504,60,0.0
2001-06-03 00:00:00,25.18577699759749,60,0.0
2001-06-03 01:00:00,24.78617530757897,60,0.0
2001-06-03 02:00:00,24.649878612735243,60,0.0
2001-06-03 03:00:00,24.78617530757897,60,0.0
2001-06-03 04:00:00,25.18577699759749,60,0.0
2001-06-03 05:00:00,25.82145148798905,60,0.0
2001-06-03 06:00:00,26.649878612735243,60,0.0
2001-06-03 07:00:00,27.61460243232516,60,150.64261076520805
2001-06-03 08:00:00,28.649878612735243,60,291.0191765554521
2001-06-03 09:00:00,29.685154793145326,60,411.56326639537065
2001-06-03 10:00:00,30.649878612735243,60,504.05999977090056
2001-06-03 11:00:00,31.478305737481435,60,562.2058771605787
2001-06-03 12:00:00,32.113980227873,60,582.0383531109043
2001-06-03 13:00:00,32.513581917891514,60,562.2058771605787
2001-06-03 14:00:00,32.64987861273524,60,504.05999977090056
2001-06-03 15:00:00,32.513581917891514,60,411.5632663953707
2001-06-03 16:00:00,32.113980227873,60,291.0191765554521
2001-06-03 17:00:00,31.478305737481435,60,150.6426107652082
2001-06-03 18:00:00,30.649878612735243,60,7.127914061182659e-14
2001-06-03 19:00:00,29.685154793145326,60,0.0
2001-06-03 20:00:00,28.649878612735243,60,0.0
2001-06-03 21:00:00,27.61460243232516,60,0.0
2001-06-03 22:00:00,26.649878612735243,60,0.0
2001-06-03 23:00:00,25.821451487989055,60,0.0
2001-06-04 00:00:00,25.224936655840654,60,0.0
2001-06-04 01:00:00,24.825334965822133,60,0.0
2001-06-04 02:00:00,24.689038270978408,60,0.0
2001-06-04 03:00:00,24.825334965822133,60,0.0
2001-06-04 04:00:00,25.224936655840654,60,0.0
2001-06-04 05:00:00,25.860611146232216,60,0.0
2001-06-04 06:00:00,26.689038270978408,60,0.0
2001-06-04 07:00:00,27.653762090568325,60,150.96162202699088
2001-06-04 08:00:00,28.689038270978408,60,291.6354589887183
2001-06-04 09:00:00,29.72431445138849,60,412.43482137074807
2001-06-04 10:00:00,30.689038270978408,60,505.1274322571299
2001-06-04 11:00:00,31.5174653957246,60,563.396443397739
2001-06-04 12:00:00,32.153139886116165,60,583.2709179774367
2001-06-04 13:00:00,32.55274157613468,60,563.396443397739
2001-06-04 14:00:00,32.68903827097841,60,505.1274322571299
2001-06-04 15:00:00,32.55274157613468,60,412.4348213707481
2001-06-04 16:00:00,32.153139886116165,60,291.6354589887183
2001-06-04 17:00:00,31.5174653957246,60,150.96162202699105
2001-06-04 18:00:00,30.689038270978408,60,7.143008627368063e-14
2001-06-04 19:00:00,29.72431445138849,60,0.0
2001-06-04 20:00:00,28.689038270978408,60,0.0
2001-06-04 21:00:00,27.653762090568325,60,0.0
2001-06-04 22:00:00,26.689038270978408,60,0.0
2001-06-04 23:00:00,25.86061114623222,60,0.0
2001-06-05 00:00:00,25.261817886101085,60,0.0
2001-06-05 01:00:00,24.862216196082564,60,0.0
2001-06-05 02:00:00,24.725919501238838,60,0.0
2001-06-05 03:00:00,24.862216196082564,60,0.0
2001-06-05 04:00:00,25.261817886101085,60,0.0
2001-06-05 05:00:00,25.89749237649265,60,0.0
2001-06-05 06:00:00,26.725919501238838,60,0.0
2001-06-05 07:00:00,27.690643320828755,60,151.269449784994
2001-06-05 08:00:00,28.725919501238838,60,292.2301365517261
2001-06-05 09:00:00,29.76119568164892,60,413.2758224455926
2001-06-05 10:00:00,30.725919501238838,60,506.1574440103806
2001-06-05 11:00:00,31.554346625985026,60,564.5452722305866
2001-06-05 12:00:00,32.19002111637659,60,584.4602731034523
2001-06-05 13:00:00,32.58962280639511,60,564.5452722305866
2001-06-05 14:00:00,32.725919501238835,60,506.1574440103806
2001-06-05 15:00:00,32.58962280639511,60,413.27582244559267
2001-06-05 16:00:00,32.19002111637659,60,292.2301365517261
2001-06-05 17:00:00,31.55434662598503,60,151.26944978499418
2001-06-05 18:00:00,30.725919501238838,60,7.157574026849307e-14
2001-06-05 19:00:00,29.76119568164892,60,0.0
2001-06-05 20:00:00,28.725919501238838,60,0.0
2001-06-05 21:00:00,27.690643320828755,60,0.0
2001-06-05 22:00:00,26.725919501238838,60,0.0
2001-06-05 23:00:00,25.89749237649265,60,0.0
2001-06-06 00:00:00,25.296409759674304,60,0.0
2001-06-06 01:00:00,24.896808069655783,60,0.0
2001-06-06 02:00:00,24.760511374812058,60,0.0
2001-06-06 03:00:00,24.896808069655783,60,0.0
2001-06-06 04:00:00,25.296409759674304,60,0.0
2001-06-06 05:00:00,25.93208425006587,60,0.0
2001-06-06 06:00:00,26.760511374812058,60,0.0
2001-06-06 07:00:00,27.725235194401975,60,151.56607123479301
2001-06-06 08:00:00,28.760511374812058,60,292.80316518971046
2001-06-06 09:00:00,29.79578755522214,60,414.08620731705827
2001-06-06 10:00:00,30.760511374812058,60,507.1499587255615
2001-06-06 11:00:00,31.588938499558246,60,565.6522785518513
2001-06-06 12:00:00,32.22461298994981,60,585.606330379421
2001-06-06 13:00:00,32.62421467996833,60,565.6522785518513
2001-06-06 14:00:00,32.760511374812054,60,507.1499587255615
2001-06-06 15:00:00,32.62421467996833,60,414.0862073170583
2001-06-06 16:00:00,32.22461298994981,60,292.80316518971046
2001-06-06 17:00:00,31.58893849955825,60,151.56607123479318
2001-06-06 18:00:00,30.760511374812058,60,7.171609180595852e-14
2001-06-06 19:00:00,29.79578755522214,60,0.0
2001-06-06 20:00:00,28.760511374812058,60,0.0
2001-06-06 21:00:00,27.725235194401975,60,0.0
2001-06-06 22:00:00,26.760511374812058,60,0.0
2001-06-06 23:00:00,25.93208425006587,60,0.0
2001-06-07 00:00:00,25.32870202624161,60,0.0
2001-06-07 01:00:00,24.92910033622309,60,0.0
2001-06-07 02:00:00,24.792803641379365,60,0.0
2001-06-07 03:00:00,24.92910033622309,60,0.0
2001-06-07 04:00:00,25.32870202624161,60,0.0
2001-06-07 05:00:00,25.964376516633173,60,0.0
2001-06-07 06:00:00,26.792803641379365,60,0.0
2001-06-07 07:00:00,27.757527460969282,60,151.85146440214663
2001-06-07 08:00:00,28.792803641379365,60,293.354502451697
2001-06-07 09:00:00,29.828079821789448,60,414.8659159504013
2001-06-07 10:00:00,30.792803641379365,60,508.1049028754281
2001-06-07 11:00:00,31.621230766125556,60,566.7173803525479
2001-06-07 12:00:00,32.25690525651712,60,586.7090049033941
2001-06-07 13:00:00,32.656506946535636,60,566.7173803525479
2001-06-07 14:00:00,32.792803641379365,60,508.1049028754281
2001-06-07 15:00:00,32.656506946535636,60,414.86591595040136
2001-06-07 16:00:00,32.25690525651712,60,293.354502451697
2001-06-07 17:00:00,31.621230766125556,60,151.85146440214677
2001-06-07 18:00:00,30.792803641379365,60,7.185113048858703e-14
2001-06-07 19:00:00,29.828079821789448,60,0.0
2001-06-07 20:00:00,28.792803641379365,60,0.0
2001-06-07 21:00:00,27.757527460969282,60,0.0
2001-06-07 22:00:00,26.792803641379365,60,0.0
2001-06-07 23:00:00,25.964376516633177,60,0.0
2001-06-08 00:00:00,25.358685116907502,60,0.0
2001-06-08 01:00:00,24.95908342688898,60,0.0
2001-06-08 02:00:00,24.822786732045255,60,0.0
2001-06-08 03:00:00,24.95908342688898,60,0.0
2001-06-08 04:00:00,25.358685116907502,60,0.0
2001-06-08 05:00:00,25.994359607299067,60,0.0
2001-06-08 06:00:00,26.822786732045255,60,0.0
2001-06-08 07:00:00,27.787510551635172,60,152.12560814462458
2001-06-08 08:00:00,28.822786732045255,60,293.884107493647
2001-06-08 09:00:00,29.85806291245534,60,415.6148905834281
2001-06-08 10:00:00,30.822786732045255,60,509.0222057160301
2001-06-08 11:00:00,31.651213856791443,60,567.7404987280527
2001-06-08 12:00:00,32.28688834718301,60,587.7682149872941
2001-06-08 13:00:00,32.68649003720153,60,567.7404987280527
2001-06-08 14:00:00,32.82278673204526,60,509.0222057160301
2001-06-08 15:00:00,32.68649003720153,60,415.6148905834282
2001-06-08 16:00:00,32.28688834718301,60,293.884107493647
2001-06-08 17:00:00,31.651213856791447,60,152.12560814462475
2001-06-08 18:00:00,30.822786732045255,60,7.198084631247429e-14
2001-06-08 19:00:00,29.85806291245534,60,0.0
2001-06-08 20:00:00,28.822786732045255,60,0.0
2001-06-08 21:00:00,27.787510551635172,60,0.0
2001-06-08 22:00:00,26.822786732045255,60,0.0
2001-06-08 23:00:00,25.994359607299067,60,0.0
2001-06-09 00:00:00,25.38635014703512,60,0.0
2001-06-09 01:00:00,24.9867484570166,60,0.0
2001-06-09 02:00:00,24.850451762172874,60,0.0
2001-06-09 03:00:00,24.9867484570166,60,0.0
2001-06-09 04:00:00,25.38635014703512,60,0.0
2001-06-09 05:00:00,26.022024637426682,60,0.0
2001-06-09 06:00:00,26.850451762172874,60,0.0
2001-06-09 07:00:00,27.81517558176279,60,152.38848215317387
2001-06-09 08:00:00,28.850451762172874,60,294.39194108148274
2001-06-09 09:00:00,29.885727942582957,60,416.33307573077406
2001-06-09 10:00:00,30.850451762172874,60,509.90179929195165
2001-06-09 11:00:00,31.678878886919065,60,568.721557883948
2001-06-09 12:00:00,32.31455337731063,60,588.7838821629656
2001-06-09 13:00:00,32.714155067329145,60,568.721557883948
2001-06-09 14:00:00,32.850451762172874,60,509.90179929195165
2001-06-09 15:00:00,32.714155067329145,60,416.3330757307741
2001-06-09 16:00:00,32.31455337731063,60,294.39194108148274
2001-06-09 17:00:00,31.678878886919065,60,152.388482153174
2001-06-09 18:00:00,30.850451762172874,60,7.210522966804282e-14
2001-06-09 19:00:00,29.885727942582957,60,0.0
2001-06-09 20:00:00,28.850451762172874,60,0.0
2001-06-09 21:00:00,27.81517558176279,60,0.0
2001-06-09 22:00:00,26.850451762172874,60,0.0
2001-06-09 23:00:00,26.022024637426686,60,0.0
2001-06-10 00:00:00,25.411688918878983,60,0.0
2001-06-10 01:00:00,25.012087228860462,60,0.0
2001-06-10 02:00:00,24.875790534016737,60,0.0
2001-06-10 03:00:00,25.012087228860462,60,0.0
2001-06-10 04:00:00,25.411688918878983,60,0.0
2001-06-10 05:00:00,26.047363409270545,60,0.0
2001-06-10 06:00:00,26.875790534016737,60,0.0
2001-06-10 07:00:00,27.840514353606654,60,152.64006695362335
2001-06-10 08:00:00,28.875790534016737,60,294.87796559399465
2001-06-10 09:00:00,29.91106671442682,60,417.0204181880141
2001-06-10 10:00:00,30.875790534016737,60,510.7436184413461
2001-06-10 11:00:00,31.70421765876293,60,569.6604851416375
2001-06-10 12:00:00,32.339892149154494,60,589.7559311879893
2001-06-10 13:00:00,32.73949383917301,60,569.6604851416375
2001-06-10 14:00:00,32.87579053401674,60,510.7436184413461
2001-06-10 15:00:00,32.73949383917301,60,417.02041818801416
2001-06-10 16:00:00,32.339892149154494,60,294.87796559399465
2001-06-10 17:00:00,31.70421765876293,60,152.64006695362352
2001-06-10 18:00:00,30.875790534016737,60,7.222427134075378e-14
2001-06-10 19:00:00,29.91106671442682,60,0.0
2001-06-10 20:00:00,28.875790534016737,60,0.0
2001-06-10 21:00:00,27.840514353606654,60,0.0
2001-06-10 22:00:00,26.875790534016737,60,0.0
2001-06-10 23:00:00,26.04736340927055,60,0.0
2001-06-11 00:00:00,25.434693924014137,60,0.0
2001-06-11 01:00:00,25.035092233995616,60,0.0
2001-06-11 02:00:00,24.89879553915189,60,0.0
2001-06-11 03:00:00,25.035092233995616,60,0.0
2001-06-11 04:00:00,25.434693924014137,60,0.0
2001-06-11 05:00:00,26.0703684144057,60,0.0
2001-06-11 06:00:00,26.89879553915189,60,0.0
2001-06-11 07:00:00,27.863519358741808,60,152.8803439081263
2001-06-11 08:00:00,28.89879553915189,60,295.3421450256276
2001-06-11 09:00:00,29.934071719561974,60,417.6768670356041
2001-06-11 10:00:00,30.89879553915189,60,511.5476008007629
2001-06-11 11:00:00,31.727222663898083,60,570.5572109437305
2001-06-11 12:00:00,32.36289715428965,60,590.6842900512553
2001-06-11 13:00:00,32.76249884430816,60,570.5572109437305
2001-06-11 14:00:00,32.89879553915189,60,511.5476008007629
2001-06-11 15:00:00,32.76249884430816,60,417.6768670356042
2001-06-11 16:00:00,32.36289715428965,60,295.3421450256276
2001-06-11 17:00:00,31.727222663898083,60,152.88034390812646
2001-06-11 18:00:00,30.89879553915189,60,7.233796251178965e-14
2001-06-11 19:00:00,29.934071719561974,60,0.0
2001-06-11 20:00:00,28.89879553915189,60,0.0
2001-06-11 21:00:00,27.863519358741808,60,0.0
2001-06-11 22:00:00,26.89879553915189,60,0.0
2001-06-11 23:00:00,26.070368414405703,60,0.0
2001-06-12 00:00:00,25.45535834556107,60,0.0
2001-06-12 01:00:00,25.05575665554255,60,0.0
2001-06-12 02:00:00,24.919459960698823,60,0.0
2001-06-12 03:00:00,25.05575665554255,60,0.0
2001-06-12 04:00:00,25.45535834556107,60,0.0
2001-06-12 05:00:00,26.091032835952632,60,0.0
2001-06-12 06:00:00,26.919459960698823,60,0.0
2001-06-12 07:00:00,27.88418378028874,60,153.10929521654128
2001-06-12 08:00:00,28.919459960698823,60,295.78444498914905
2001-06-12 09:00:00,29.954736141108906,60,418.30237364265327
2001-06-12 10:00:00,30.919459960698823,60,512.3136868097679
2001-06-12 11:00:00,31.747887085445015,60,571.4116688591946
2001-06-12 12:00:00,32.38356157583658,60,591.5688899782982
2001-06-12 13:00:00,32.783163265855094,60,571.4116688591946
2001-06-12 14:00:00,32.91945996069882,60,512.3136868097679
2001-06-12 15:00:00,32.783163265855094,60,418.3023736426533
2001-06-12 16:00:00,32.38356157583658,60,295.78444498914905
2001-06-12 17:00:00,31.747887085445015,60,153.10929521654145
2001-06-12 18:00:00,30.919459960698823,60,7.244629475870756e-14
2001-06-12 19:00:00,29.954736141108906,60,0.0
2001-06-12 20:00:00,28.919459960698823,60,0.0
2001-06-12 21:00:00,27.88418378028874,60,0.0
2001-06-12 22:00:00,26.919459960698823,60,0.0
2001-06-12 23:00:00,26.091032835952635,60,0.0
2001-06-13 00:00:00,25.473676060205705,60,0.0
2001-06-13 01:00:00,25.074074370187184,60,0.0
2001-06-13 02:00:00,24.937777675343458,60,0.0
2001-06-13 03:00:00,25.074074370187184,60,0.0
2001-06-13 04:00:00,25.473676060205705,60,0.0
2001-06-13 05:00:00,26.10935055059727,60,0.0
2001-06-13 06:00:00,26.937777675343458,60,0.0
2001-06-13 07:00:00,27.902501494933375,60,153.3269039177507
2001-06-13 08:00:00,28.937777675343458,60,296.20483271819586
2001-06-13 09:00:00,29.97305385575354,60,418.8968916705265
2001-06-13 10:00:00,30.937777675343458,60,513.0418197153555
2001-06-13 11:00:00,31.766204800089646,60,572.2237955882772
2001-06-13 12:00:00,32.40187929048121,60,592.4096654363918
2001-06-13 13:00:00,32.80148098049973,60,572.2237955882772
2001-06-13 14:00:00,32.937777675343455,60,513.0418197153555
2001-06-13 15:00:00,32.80148098049973,60,418.89689167052654
2001-06-13 16:00:00,32.40187929048121,60,296.20483271819586
2001-06-13 17:00:00,31.76620480008965,60,153.32690391775088
2001-06-13 18:00:00,30.937777675343458,60,7.254926005606316e-14
2001-06-13 19:00:00,29.97305385575354,60,0.0
2001-06-13 20:00:00,28.937777675343458,60,0.0
2001-06-13 21:00:00,27.902501494933375,60,0.0
2001-06-13 22:00:00,26.937777675343458,60,0.0
2001-06-13 23:00:00,26.10935055059727,60,0.0
2001-06-14 00:00:00,25.48964164001386,60,0.0
2001-06-14 01:00:00,25.09003994999534,60,0.0
2001-06-14 02:00:00,24.953743255151615,60,0.0
2001-06-14 03:00:00,25.09003994999534,60,0.0
2001-06-14 04:00:00,25.48964164001386,60,0.0
2001-06-14 05:00:00,26.125316130405423,60,0.0
2001-06-14 06:00:00,26.953743255151615,60,0.0
2001-06-14 07:00:00,27.91846707474153,60,153.5331538909174
2001-06-14 08:00:00,28.953743255151615,60,296.6032770697021
2001-06-14 09:00:00,29.989019435561698,60,419.4603770762775
2001-06-14 10:00:00,30.953743255151615,60,513.7319455761531
2001-06-14 11:00:00,31.782170379897806,60,572.9935309671949
2001-06-14 12:00:00,32.41784487028937,60,593.2065541394043
2001-06-14 13:00:00,32.817446560307886,60,572.9935309671949
2001-06-14 14:00:00,32.953743255151615,60,513.7319455761531
2001-06-14 15:00:00,32.817446560307886,60,419.46037707627755
2001-06-14 16:00:00,32.41784487028937,60,296.6032770697021
2001-06-14 17:00:00,31.782170379897806,60,153.53315389091756
2001-06-14 18:00:00,30.953743255151615,60,7.264685077600525e-14
2001-06-14 19:00:00,29.989019435561698,60,0.0
2001-06-14 20:00:00,28.953743255151615,60,0.0
2001-06-14 21:00:00,27.91846707474153,60,0.0
2001-06-14 22:00:00,26.953743255151615,60,0.0
2001-06-14 23:00:00,26.125316130405427,60,0.0
2001-06-15 00:00:00,25.50325035403968,60,0.0
2001-06-15 01:00:00,25.103648664021158,60,0.0
2001-06-15 02:00:00,24.967351969177432,60,0.0
2001-06-15 03:00:00,25.103648664021158,60,0.0
2001-06-15 04:00:00,25.50325035403968,60,0.0
2001-06-15 05:00:00,26.138924844431244,60,0.0
2001-06-15 06:00:00,26.967351969177432,60,0.0
2001-06-15 07:00:00,27.93207578876735,60,153.72802985667872
2001-06-15 08:00:00,28.967351969177432,60,296.97974852620587
2001-06-15 09:00:00,30.002628149587515,60,419.99278811591154
2001-06-15 10:00:00,30.967351969177432,60,514.384013266417
2001-06-15 11:00:00,31.79577909392362,60,573.7208179725903
2001-06-15 12:00:00,32.431453584315186,60,593.9594970524118
2001-06-15 13:00:00,32.83105527433371,60,573.7208179725903
2001-06-15 14:00:00,32.96735196917743,60,514.384013266417
2001-06-15 15:00:00,32.83105527433371,60,419.9927881159116
2001-06-15 16:00:00,32.431453584315186,60,296.97974852620587
2001-06-15 17:00:00,31.795779093923624,60,153.7280298566789
2001-06-15 18:00:00,30.967351969177432,60,7.273905968884079e-14
2001-06-15 19:00:00,30.002628149587515,60,0.0
2001-06-15 20:00:00,28.967351969177432,60,0.0
2001-06-15 21:00:00,27.93207578876735,60,0.0
2001-06-15 22:00:00,26.967351969177432,60,0.0
2001-06-15 23:00:00,26.138924844431244,60,0.0
2001-06-16 00:00:00,25.514498169727492,60,0.0
2001-06-16 01:00:00,25.11489647970897,60,0.0
2001-06-16 02:00:00,24.978599784865246,60,0.0
2001-06-16 03:00:00,25.11489647970897,60,0.0
2001-06-16 04:00:00,25.514498169727492,60,0.0
2001-06-16 05:00:00,26.150172660119054,60,0.0
2001-06-16 06:00:00,26.978599784865246,60,0.0
2001-06-16 07:00:00,27.943323604455163,60,153.91151737827875
2001-06-16 08:00:00,28.978599784865246,60,297.33421919803635
2001-06-16 09:00:00,30.01387596527533,60,420.4940853474777
2001-06-16 10:00:00,30.978599784865246,60,514.9979744798205
2001-06-16 11:00:00,31.807026909611437,60,574.4056027257565
2001-06-16 12:00:00,32.442701400003,60,594.6684383960728
2001-06-16 13:00:00,32.84230309002152,60,574.4056027257565
2001-06-16 14:00:00,32.978599784865246,60,514.9979744798205
2001-06-16 15:00:00,32.84230309002152,60,420.4940853474778
2001-06-16 16:00:00,32.442701400003,60,297.33421919803635
2001-06-16 17:00:00,31.807026909611437,60,153.91151737827892
2001-06-16 18:00:00,30.978599784865246,60,7.282587996357056e-14
2001-06-16 19:00:00,30.01387596527533,60,0.0
2001-06-16 20:00:00,28.978599784865246,60,0.0
2001-06-16 21:00:00,27.943323604455163,60,0.0
2001-06-16 22:00:00,26.978599784865246,60,0.0
2001-06-16 23:00:00,26.150172660119058,60,0.0
2001-06-17 00:00:00,25.52338175410676,60,0.0
2001-06-17 01:00:00,25.12378006408824,60,0.0
2001-06-17 02:00:00,24.987483369244515,60,0.0
2001-06-17 03:00:00,25.12378006408824,60,0.0
2001-06-17 04:00:00,25.52338175410676,60,0.0
2001-06-17 05:00:00,26.159056244498323,60,0.0
2001-06-17 06:00:00,26.987483369244515,60,0.0
2001-06-17 07:00:00,27.952207188834432,60,154.08360286263755
2001-06-17 08:00:00,28.987483369244515,60,297.6666628253796
2001-06-17 09:00:00,30.022759549654598,60,420.9642316339911
2001-06-17 10:00:00,30.987483369244515,60,515.5737837330316
2001-06-17 11:00:00,31.815910493990707,60,575.0478344966286
2001-06-17 12:00:00,32.45158498438227,60,595.3333256507593
2001-06-17 13:00:00,32.851186674400786,60,575.0478344966286
2001-06-17 14:00:00,32.987483369244515,60,515.5737837330316
2001-06-17 15:00:00,32.851186674400786,60,420.9642316339912
2001-06-17 16:00:00,32.45158498438227,60,297.6666628253796
2001-06-17 17:00:00,31.815910493990707,60,154.08360286263772
2001-06-17 18:00:00,30.987483369244515,60,7.290730516839513e-14
2001-06-17 19:00:00,30.022759549654598,60,0.0
2001-06-17 20:00:00,28.987483369244515,60,0.0
2001-06-17 21:00:00,27.952207188834432,60,0.0
2001-06-17 22:00:00,26.987483369244515,60,0.0
2001-06-17 23:00:00,26.159056244498327,60,0.0
2001-06-18 00:00:00,25.529898474779714,60,0.0
2001-06-18 01:00:00,25.130296784761192,60,0.0
2001-06-18 02:00:00,24.994000089917467,60,0.0
2001-06-18 03:00:00,25.130296784761192,60,0.0
2001-06-18 04:00:00,25.529898474779714,60,0.0
2001-06-18 05:00:00,26.16557296517128,60,0.0
2001-06-18 06:00:00,26.994000089917467,60,0.0
2001-06-18 07:00:00,27.958723909507384,60,154.24427356135834
2001-06-18 08:00:00,28.994000089917467,60,297.97705478022425
2001-06-18 09:00:00,30.02927627032755,60,421.40319214618387
2001-06-18 10:00:00,30.994000089917467,60,516.1113983690831
2001-06-18 11:00:00,31.822427214663655,60,575.6474657075422
2001-06-18 12:00:00,32.45810170505522,60,595.9541095604486
2001-06-18 13:00:00,32.85770339507374,60,575.6474657075422
2001-06-18 14:00:00,32.99400008991746,60,516.1113983690831
2001-06-18 15:00:00,32.85770339507374,60,421.4031921461839
2001-06-18 16:00:00,32.45810170505522,60,297.97705478022425
2001-06-18 17:00:00,31.82242721466366,60,154.2442735613585
2001-06-18 18:00:00,30.994000089917467,60,7.298332927119144e-14
2001-06-18 19:00:00,30.02927627032755,60,0.0
2001-06-18 20:00:00,28.994000089917467,60,0.0
2001-06-18 21:00:00,27.958723909507384,60,0.0
2001-06-18 22:00:00,26.994000089917467,60,0.0
2001-06-18 23:00:00,26.16557296517128,60,0.0
2001-06-19 00:00:00,25.534046400701374,60,0.0
2001-06-19 01:00:00,25.134444710682853,60,0.0
2001-06-19 02:00:00,24.998148015839128,60,0.0
2001-06-19 03:00:00,25.134444710682853,60,0.0
2001-06-19 04:00:00,25.534046400701374,60,0.0
2001-06-19 05:00:00,26.169720891092936,60,0.0
2001-06-19 06:00:00,26.998148015839128,60,0.0
2001-06-19 07:00:00,27.962871835429045,60,154.3935175716717
2001-06-19 08:00:00,28.998148015839128,60,298.2653720681855
2001-06-19 09:00:00,30.03342419624921,60,421.81093436508536
2001-06-19 10:00:00,30.998148015839128,60,516.6107785605325
2001-06-19 11:00:00,31.82657514058532,60,576.2044519367571
2001-06-19 12:00:00,32.462249630976885,60,596.5307441363711
2001-06-19 13:00:00,32.8618513209954,60,576.2044519367571
2001-06-19 14:00:00,32.99814801583913,60,516.6107785605325
2001-06-19 15:00:00,32.8618513209954,60,421.8109343650854
2001-06-19 16:00:00,32.462249630976885,60,298.2653720681855
2001-06-19 17:00:00,31.82657514058532,60,154.39351757167188
2001-06-19 18:00:00,30.998148015839128,60,7.305394663995957e-14
2001-06-19 19:00:00,30.03342419624921,60,0.0
2001-06-19 20:00:00,28.998148015839128,60,0.0
2001-06-19 21:00:00,27.962871835429045,60,0.0
2001-06-19 22:00:00,26.998148015839128,60,0.0
2001-06-19 23:00:00,26.16972089109294,60,0.0
2001-06-20 00:00:00,25.535824302751767,60,0.0
2001-06-20 01:00:00,25.136222612733246,60,0.0
2001-06-20 02:00:00,24.99992591788952,60,0.0
2001-06-20 03:00:00,25.136222612733246,60,0.0
2001-06-20 04:00:00,25.535824302751767,60,0.0
2001-06-20 05:00:00,26.17149879314333,60,0.0
2001-06-20 06:00:00,26.99992591788952,60,0.0
2001-06-20 07:00:00,27.964649737479437,60,154.53132383731764
2001-06-20 08:00:00,28.99992591788952,60,298.5315933302092
2001-06-20 09:00:00,30.035202098299603,60,422.1874280844313
2001-06-20 10:00:00,30.99992591788952,60,517.0718873124126
2001-06-20 11:00:00,31.82835304263571,60,576.718751921749
2001-06-20 12:00:00,32.46402753302728,60,597.0631866604185
2001-06-20 13:00:00,32.86362922304579,60,576.718751921749
2001-06-20 14:00:00,32.99992591788952,60,517.0718873124126
2001-06-20 15:00:00,32.86362922304579,60,422.18742808443136
2001-06-20 16:00:00,32.46402753302728,60,298.5315933302092
2001-06-20 17:00:00,31.82835304263571,60,154.5313238373178
2001-06-20 18:00:00,30.99992591788952,60,7.311915204324003e-14
2001-06-20 19:00:00,30.035202098299603,60,0.0
2001-06-20 20:00:00,28.99992591788952,60,0.0
2001-06-20 21:00:00,27.964649737479437,60,0.0
2001-06-20 22:00:00,26.99992591788952,60,0.0
2001-06-20 23:00:00,26.171498793143332,60,0.0
2001-06-21 00:00:00,25.535231654100148,60,0.0
2001-06-21 01:00:00,25.135629964081627,60,0.0
2001-06-21 02:00:00,24.9993332692379,60,0.0
2001-06-21 03:00:00,25.135629964081627,60,0.0
2001-06-21 04:00:00,25.535231654100148,60,0.0
2001-06-21 05:00:00,26.17090614449171,60,0.0
2001-06-21 06:00:00,26.9993332692379,60,0.0
2001-06-21 07:00:00,27.96405708882782,60,154.65768214936435
2001-06-21 08:00:00,28.9993332692379,60,298.7756988441537
2001-06-21 09:00:00,30.034609449647984,60,422.5326454129016
2001-06-21 10:00:00,30.9993332692379,60,517.4946904649721
2001-06-21 11:00:00,31.827760393984093,60,577.190327562266
2001-06-21 12:00:00,32.46343488437566,60,597.5513976883075
2001-06-21 13:00:00,32.86303657439417,60,577.190327562266
2001-06-21 14:00:00,32.9993332692379,60,517.4946904649721
2001-06-21 15:00:00,32.86303657439417,60,422.5326454129017
2001-06-21 16:00:00,32.46343488437566,60,298.7756988441537
2001-06-21 17:00:00,31.827760393984093,60,154.65768214936452
2001-06-21 18:00:00,30.9993332692379,60,7.317894065050128e-14
2001-06-21 19:00:00,30.034609449647984,60,0.0
2001-06-21 20:00:00,28.9993332692379,60,0.0
2001-06-21 21:00:00,27.96405708882782,60,0.0
2001-06-21 22:00:00,26.9993332692379,60,0.0
2001-06-21 23:00:00,26.170906144491713,60,0.0
2001-06-22 00:00:00,25.532268630361106,60,0.0
2001-06-22 01:00:00,25.132666940342585,60,0.0
2001-06-22 02:00:00,24.99637024549886,60,0.0
2001-06-22 03:00:00,25.132666940342585,60,0.0
2001-06-22 04:00:00,25.532268630361106,60,0.0
2001-06-22 05:00:00,26.167943120752668,60,0.0
2001-06-22 06:00:00,26.99637024549886,60,0.0
2001-06-22 07:00:00,27.961094065088776,60,154.77258314696482
2001-06-22 08:00:00,28.99637024549886,60,298.997670526251
2001-06-22 09:00:00,30.031646425908942,60,422.84656077618644
2001-06-22 10:00:00,30.99637024549886,60,517.8791566962062
2001-06-22 11:00:00,31.82479737024505,60,577.6191439231512
2001-06-22 12:00:00,32.460471860636616,60,597.9953410525021
2001-06-22 13:00:00,32.86007355065513,60,577.6191439231512
2001-06-22 14:00:00,32.99637024549886,60,517.8791566962062
2001-06-22 15:00:00,32.86007355065513,60,422.8465607761865
2001-06-22 16:00:00,32.460471860636616,60,298.997670526251
2001-06-22 17:00:00,31.82479737024505,60,154.772583146965
2001-06-22 18:00:00,30.99637024549886,60,7.323330803249765e-14
2001-06-22 19:00:00,30.031646425908942,60,0.0
2001-06-22 20:00:00,28.99637024549886,60,0.0
2001-06-22 21:00:00,27.961094065088776,60,0.0
2001-06-22 22:00:00,26.99637024549886,60,0.0
2001-06-22 23:00:00,26.16794312075267,60,0.0
2001-06-23 00:00:00,25.526936109542515,60,0.0
2001-06-23 01:00:00,25.127334419523994,60,0.0
2001-06-23 02:00:00,24.991037724680268,60,0.0
2001-06-23 03:00:00,25.127334419523994,60,0.0
2001-06-23 04:00:00,25.526936109542515,60,0.0
2001-06-23 05:00:00,26.162610599934077,60,0.0
2001-06-23 06:00:00,26.991037724680268,60,0.0
2001-06-23 07:00:00,27.955761544270185,60,154.87601831805
2001-06-23 08:00:00,28.991037724680268,60,299.1974919324466
2001-06-23 09:00:00,30.02631390509035,60,423.1291509188807
2001-06-23 10:00:00,30.991037724680268,60,518.2252575241769
2001-06-23 11:00:00,31.81946484942646,60,578.0051692369307
2001-06-23 12:00:00,32.455139339818025,60,598.3949838648933
2001-06-23 13:00:00,32.85474102983654,60,578.0051692369307
2001-06-23 14:00:00,32.99103772468027,60,518.2252575241769
2001-06-23 15:00:00,32.85474102983654,60,423.1291509188807
2001-06-23 16:00:00,32.455139339818025,60,299.1974919324466
2001-06-23 17:00:00,31.81946484942646,60,154.87601831805017
2001-06-23 18:00:00,30.991037724680268,60,7.328225016159736e-14
2001-06-23 19:00:00,30.02631390509035,60,0.0
2001-06-23 20:00:00,28.991037724680268,60,0.0
2001-06-23 21:00:00,27.955761544270185,60,0.0
2001-06-23 22:00:00,26.991037724680268,60,0.0
2001-06-23 23:00:00,26.16261059993408,60,0.0
2001-06-24 00:00:00,25.519235671785385,60,0.0
2001-06-24 01:00:00,25.119633981766864,60,0.0
2001-06-24 02:00:00,24.98333728692314,60,0.0
2001-06-24 03:00:00,25.119633981766864,60,0.0
2001-06-24 04:00:00,25.519235671785385,60,0.0
2001-06-24 05:00:00,26.154910162176947,60,0.0
2001-06-24 06:00:00,26.98333728692314,60,0.0
2001-06-24 07:00:00,27.948061106513055,60,154.96797999995962
2001-06-24 08:00:00,28.98333728692314,60,299.3751482596176
2001-06-24 09:00:00,30.01861346733322,60,423.3803949062073
2001-06-24 10:00:00,30.98333728692314,60,518.5329673091231
2001-06-24 11:00:00,31.81176441166933,60,578.348374906167
2001-06-24 12:00:00,32.447438902060895,60,598.7502965192353
2001-06-24 13:00:00,32.84704059207941,60,578.348374906167
2001-06-24 14:00:00,32.98333728692314,60,518.5329673091231
2001-06-24 15:00:00,32.84704059207941,60,423.38039490620736
2001-06-24 16:00:00,32.447438902060895,60,299.3751482596176
2001-06-24 17:00:00,31.81176441166933,60,154.9679799999598
2001-06-24 18:00:00,30.98333728692314,60,7.332576341208101e-14
2001-06-24 19:00:00,30.01861346733322,60,0.0
2001-06-24 20:00:00,28.98333728692314,60,0.0
2001-06-24 21:00:00,27.948061106513055,60,0.0
2001-06-24 22:00:00,26.98333728692314,60,0.0
2001-06-24 23:00:00,26.15491016217695,60,0.0
2001-06-25 00:00:00,25.509169598895607,60,0.0
2001-06-25 01:00:00,25.109567908877086,60,0.0
2001-06-25 02:00:00,24.97327121403336,60,0.0
2001-06-25 03:00:00,25.109567908877086,60,0.0
2001-06-25 04:00:00,25.509169598895607,60,0.0
2001-06-25 05:00:00,26.14484408928717,60,0.0
2001-06-25 06:00:00,26.97327121403336,60,0.0
2001-06-25 07:00:00,27.937995033623277,60,155.04846138000977
2001-06-25 08:00:00,28.97327121403336,60,299.53062634666924
2001-06-25 09:00:00,30.008547394443443,60,423.6002741255676
2001-06-25 10:00:00,30.97327121403336,60,518.8022632553602
2001-06-25 11:00:00,31.801698338779552,60,578.6487355055774
2001-06-25 12:00:00,32.43737282917112,60,599.0612526933386
2001-06-25 13:00:00,32.83697451918963,60,578.6487355055774
2001-06-25 14:00:00,32.97327121403336,60,518.8022632553602
2001-06-25 15:00:00,32.83697451918963,60,423.60027412556764
2001-06-25 16:00:00,32.43737282917112,60,299.53062634666924
2001-06-25 17:00:00,31.801698338779552,60,155.04846138000994
2001-06-25 18:00:00,30.97327121403336,60,7.336384456041007e-14
2001-06-25 19:00:00,30.008547394443443,60,0.0
2001-06-25 20:00:00,28.97327121403336,60,0.0
2001-06-25 21:00:00,27.937995033623277,60,0.0
2001-06-25 22:00:00,26.97327121403336,60,0.0
2001-06-25 23:00:00,26.144844089287172,60,0.0
2001-06-26 00:00:00,25.49674087366783,60,0.0
2001-06-26 01:00:00,25.097139183649308,60,0.0
2001-06-26 02:00:00,24.960842488805582,60,0.0
2001-06-26 03:00:00,25.097139183649308,60,0.0
2001-06-26 04:00:00,25.49674087366783,60,0.0
2001-06-26 05:00:00,26.13241536405939,60,0.0
2001-06-26 06:00:00,26.960842488805582,60,0.0
2001-06-26 07:00:00,27.9255663083955,60,155.11745649599754
2001-06-26 08:00:00,28.960842488805582,60,299.66391467551006
2001-06-26 09:00:00,29.996118669215665,60,423.78877228792027
2001-06-26 10:00:00,30.960842488805582,60,519.0331254129684
2001-06-26 11:00:00,31.789269613551774,60,578.9062287839179
2001-06-26 12:00:00,32.42494410394334,60,599.3278293510202
2001-06-26 13:00:00,32.82454579396185,60,578.9062287839179
2001-06-26 14:00:00,32.96084248880558,60,519.0331254129684
2001-06-26 15:00:00,32.82454579396185,60,423.7887722879203
2001-06-26 16:00:00,32.42494410394334,60,299.66391467551006
2001-06-26 17:00:00,31.789269613551774,60,155.11745649599771
2001-06-26 18:00:00,30.960842488805582,60,7.33964907854658e-14
2001-06-26 19:00:00,29.996118669215665,60,0.0
2001-06-26 20:00:00,28.960842488805582,60,0.0
2001-06-26 21:00:00,27.9255663083955,60,0.0
2001-06-26 22:00:00,26.960842488805582,60,0.0
2001-06-26 23:00:00,26.132415364059394,60,0.0
2001-06-27 00:00:00,25.48195317900156,60,0.0
2001-06-27 01:00:00,25.08235148898304,60,0.0
2001-06-27 02:00:00,24.946054794139314,60,0.0
2001-06-27 03:00:00,25.08235148898304,60,0.0
2001-06-27 04:00:00,25.48195317900156,60,0.0
2001-06-27 05:00:00,26.117627669393123,60,0.0
2001-06-27 06:00:00,26.946054794139314,60,0.0
2001-06-27 07:00:00,27.91077861372923,60,155.17496023664282
2001-06-27 08:00:00,28.946054794139314,60,299.775003371905
2001-06-27 09:00:00,29.981330974549397,60,423.94587542898836
2001-06-27 10:00:00,30.946054794139314,60,519.225536679271
2001-06-27 11:00:00,31.774481918885506,60,579.1208356656313
2001-06-27 12:00:00,32.41015640927707,60,599.5500067438101
2001-06-27 13:00:00,32.809758099295586,60,579.1208356656313
2001-06-27 14:00:00,32.946054794139314,60,519.225536679271
2001-06-27 15:00:00,32.809758099295586,60,423.9458754289884
2001-06-27 16:00:00,32.41015640927707,60,299.775003371905
2001-06-27 17:00:00,31.774481918885506,60,155.174960236643
2001-06-27 18:00:00,30.946054794139314,60,7.342369966875811e-14
2001-06-27 19:00:00,29.981330974549397,60,0.0
2001-06-27 20:00:00,28.946054794139314,60,0.0
2001-06-27 21:00:00,27.91077861372923,60,0.0
2001-06-27 22:00:00,26.946054794139314,60,0.0
2001-06-27 23:00:00,26.117627669393126,60,0.0
2001-06-28 00:00:00,25.464810896809883,60,0.0
2001-06-28 01:00:00,25.065209206791362,60,0.0
2001-06-28 02:00:00,24.928912511947637,60,0.0
2001-06-28 03:00:00,25.065209206791362,60,0.0
2001-06-28 04:00:00,25.464810896809883,60,0.0
2001-06-28 05:00:00,26.100485387201445,60,0.0
2001-06-28 06:00:00,26.928912511947637,60,0.0
2001-06-28 07:00:00,27.893636331537554,60,155.2209683419668
2001-06-28 08:00:00,28.928912511947637,60,299.8638842062071
2001-06-28 09:00:00,29.96418869235772,60,424.07157191029347
2001-06-28 10:00:00,30.928912511947637,60,519.3794828001015
2001-06-28 11:00:00,31.75733963669383,60,579.2925402522603
2001-06-28 12:00:00,32.393014127085394,60,599.7277684124143
2001-06-28 13:00:00,32.79261581710391,60,579.2925402522603
2001-06-28 14:00:00,32.92891251194764,60,519.3794828001015
2001-06-28 15:00:00,32.79261581710391,60,424.0715719102935
2001-06-28 16:00:00,32.393014127085394,60,299.8638842062071
2001-06-28 17:00:00,31.75733963669383,60,155.22096834196697
2001-06-28 18:00:00,30.928912511947637,60,7.344546919460484e-14
2001-06-28 19:00:00,29.96418869235772,60,0.0
2001-06-28 20:00:00,28.928912511947637,60,0.0
2001-06-28 21:00:00,27.893636331537554,60,0.0
2001-06-28 22:00:00,26.928912511947637,60,0.0
2001-06-28 23:00:00,26.10048538720145,60,0.0
2001-06-29 00:00:00,25.44531910672097,60,0.0
2001-06-29 01:00:00,25.04571741670245,60,0.0
2001-06-29 02:00:00,24.909420721858723,60,0.0
2001-06-29 03:00:00,25.04571741670245,60,0.0
2001-06-29 04:00:00,25.44531910672097,60,0.0
2001-06-29 05:00:00,26.08099359711253,60,0.0
2001-06-29 06:00:00,26.909420721858723,60,0.0
2001-06-29 07:00:00,27.87414454144864,60,155.25547740360778
2001-06-29 08:00:00,28.909420721858723,60,299.9305505939672
2001-06-29 09:00:00,29.944696902268806,60,424.1658524200182
2001-06-29 10:00:00,30.909420721858723,60,519.494952370859
2001-06-29 11:00:00,31.737847846604915,60,579.421329823626
2001-06-29 12:00:00,32.37352233699648,60,599.8611011879345
2001-06-29 13:00:00,32.773124027014994,60,579.421329823626
2001-06-29 14:00:00,32.90942072185872,60,519.494952370859
2001-06-29 15:00:00,32.773124027014994,60,424.16585242001827
2001-06-29 16:00:00,32.37352233699648,60,299.9305505939672
2001-06-29 17:00:00,31.737847846604915,60,155.25547740360796
2001-06-29 18:00:00,30.909420721858723,60,7.346179775028106e-14
2001-06-29 19:00:00,29.944696902268806,60,0.0
2001-06-29 20:00:00,28.909420721858723,60,0.0
2001-06-29 21:00:00,27.87414454144864,60,0.0
2001-06-29 22:00:00,26.909420721858723,60,0.0
2001-06-29 23:00:00,26.080993597112535,60,0.0
2001-06-30 00:00:00,25.42348358457289,60,0.0
2001-06-30 01:00:00,25.023881894554368,60,0.0
2001-06-30 02:00:00,24.887585199710642,60,0.0
2001-06-30 03:00:00,25.023881894554368,60,0.0
2001-06-30 04:00:00,25.42348358457289,60,0.0
2001-06-30 05:00:00,26.05915807496445,60,0.0
2001-06-30 06:00:00,26.887585199710642,60,0.0
2001-06-30 07:00:00,27.85230901930056,60,155.27848486507347
2001-06-30 08:00:00,28.887585199710642,60,299.9749975964213
2001-06-30 09:00:00,29.922861380120725,60,424.22870997369563
2001-06-30 10:00:00,30.887585199710642,60,519.5719368373536
2001-06-30 11:00:00,31.716012324456834,60,579.5071948387691
2001-06-30 12:00:00,32.3516868148484,60,599.9499951928427
2001-06-30 13:00:00,32.75128850486691,60,579.5071948387691
2001-06-30 14:00:00,32.88758519971064,60,519.5719368373536
2001-06-30 15:00:00,32.75128850486691,60,424.2287099736957
2001-06-30 16:00:00,32.3516868148484,60,299.9749975964213
2001-06-30 17:00:00,31.716012324456834,60,155.27848486507364
2001-06-30 18:00:00,30.887585199710642,60,7.347268412613848e-14
2001-06-30 19:00:00,29.922861380120725,60,0.0
2001-06-30 20:00:00,28.887585199710642,60,0.0
2001-06-30 21:00:00,27.85230901930056,60,0.0
2001-06-30 22:00:00,26.887585199710642,60,0.0
2001-06-30 23:00:00,26.059158074964454,60,0.0
2001-07-01 00:00:00,25.399310800702104,60,0.0
2001-07-01 01:00:00,24.999709110683582,60,0.0
2001-07-01 02:00:00,24.863412415839857,60,0.0
2001-07-01 03:00:00,24.999709110683582,60,0.0
2001-07-01 04:00:00,25.399310800702104,60,0.0
2001-07-01 05:00:00,26.03498529109367,60,0.0
2001-07-01 06:00:00,26.863412415839857,60,0.0
2001-07-01 07:00:00,27.828136235429774,60,155.28998902193044
2001-07-01 08:00:00,28.863412415839857,60,299.997221920857
2001-07-01 09:00:00,29.89868859624994,60,424.2601399147272
2001-07-01 10:00:00,30.863412415839857,60,519.6104304964401
2001-07-01 11:00:00,31.691839540586045,60,579.5501289366576
2001-07-01 12:00:00,32.32751403097761,60,599.9944438417141
2001-07-01 13:00:00,32.72711572099613,60,579.5501289366576
2001-07-01 14:00:00,32.86341241583986,60,519.6104304964401
2001-07-01 15:00:00,32.72711572099613,60,424.26013991472723
2001-07-01 16:00:00,32.32751403097761,60,299.997221920857
2001-07-01 17:00:00,31.69183954058605,60,155.2899890219306
2001-07-01 18:00:00,30.863412415839857,60,7.347812751569514e-14
2001-07-01 19:00:00,29.89868859624994,60,0.0
2001-07-01 20:00:00,28.863412415839857,60,0.0
2001-07-01 21:00:00,27.828136235429774,60,0.0
2001-07-01 22:00:00,26.863412415839857,60,0.0
2001-07-01 23:00:00,26.03498529109367,60,0.0
2001-07-02 00:00:00,25.372807918026165,60,0.0
2001-07-02 01:00:00,24.973206228007644,60,0.0
2001-07-02 02:00:00,24.83690953316392,60,0.0
2001-07-02 03:00:00,24.973206228007644,60,0.0
2001-07-02 04:00:00,25.372807918026165,60,0.0
2001-07-02 05:00:00,26.008482408417727,60,0.0
2001-07-02 06:00:00,26.83690953316392,60,0.0
2001-07-02 07:00:00,27.801633352753836,60,155.28998902193044
2001-07-02 08:00:00,28.83690953316392,60,299.997221920857
2001-07-02 09:00:00,29.872185713574,60,424.2601399147272
2001-07-02 10:00:00,30.83690953316392,60,519.6104304964401
2001-07-02 11:00:00,31.66533665791011,60,579.5501289366576
2001-07-02 12:00:00,32.301011148301676,60,599.9944438417141
2001-07-02 13:00:00,32.70061283832019,60,579.5501289366576
2001-07-02 14:00:00,32.83690953316392,60,519.6104304964401
2001-07-02 15:00:00,32.70061283832019,60,424.26013991472723
2001-07-02 16:00:00,32.301011148301676,60,299.997221920857
2001-07-02 17:00:00,31.66533665791011,60,155.2899890219306
2001-07-02 18:00:00,30.83690953316392,60,7.347812751569514e-14
2001-07-02 19:00:00,29.872185713574,60,0.0
2001-07-02 20:00:00,28.83690953316392,60,0.0
2001-07-02 21:00:00,27.801633352753836,60,0.0
2001-07-02 22:00:00,26.83690953316392,60,0.0
2001-07-02 23:00:00,26.00848240841773,60,0.0
2001-07-03 00:00:00,25.343982789921192,60,0.0
2001-07-03 01:00:00,24.94438109990267,60,0.0
2001-07-03 02:00:00,24.808084405058946,60,0.0
2001-07-03 03:00:00,24.94438109990267,60,0.0
2001-07-03 04:00:00,25.343982789921192,60,0.0
2001-07-03 05:00:00,25.979657280312757,60,0.0
2001-07-03 06:00:00,26.808084405058946,60,0.0
2001-07-03 07:00:00,27.772808224648863,60,155.27848486507347
2001-07-03 08:00:00,28.808084405058946,60,299.9749975964213
2001-07-03 09:00:00,29.84336058546903,60,424.22870997369563
2001-07-03 10:00:00,30.808084405058946,60,519.5719368373536
2001-07-03 11:00:00,31.636511529805134,60,579.5071948387691
2001-07-03 12:00:00,32.2721860201967,60,599.9499951928427
2001-07-03 13:00:00,32.67178771021522,60,579.5071948387691
2001-07-03 14:00:00,32.80808440505895,60,519.5719368373536
2001-07-03 15:00:00,32.67178771021522,60,424.2287099736957
2001-07-03 16:00:00,32.2721860201967,60,299.9749975964213
2001-07-03 17:00:00,31.636511529805137,60,155.27848486507364
2001-07-03 18:00:00,30.808084405058946,60,7.347268412613848e-14
2001-07-03 19:00:00,29.84336058546903,60,0.0
2001-07-03 20:00:00,28.808084405058946,60,0.0
2001-07-03 21:00:00,27.772808224648863,60,0.0
2001-07-03 22:00:00,26.808084405058946,60,0.0
2001-07-03 23:00:00,25.979657280312757,60,0.0
2001-07-04 00:00:00,25.31284395789474,60,0.0
2001-07-04 01:00:00,24.913242267876218,60,0.0
2001-07-04 02:00:00,24.776945573032492,60,0.0
2001-07-04 03:00:00,24.913242267876218,60,0.0
2001-07-04 04:00:00,25.31284395789474,60,0.0
2001-07-04 05:00:00,25.9485184482863,60,0.0
2001-07-04 06:00:00,26.776945573032492,60,0.0
2001-07-04 07:00:00,27.74166939262241,60,155.25547740360778
2001-07-04 08:00:00,28.776945573032492,60,299.9305505939672
2001-07-04 09:00:00,29.812221753442575,60,424.1658524200182
2001-07-04 10:00:00,30.776945573032492,60,519.494952370859
2001-07-04 11:00:00,31.605372697778684,60,579.421329823626
2001-07-04 12:00:00,32.24104718817025,60,599.8611011879345
2001-07-04 13:00:00,32.64064887818876,60,579.421329823626
2001-07-04 14:00:00,32.77694557303249,60,519.494952370859
2001-07-04 15:00:00,32.64064887818876,60,424.16585242001827
2001-07-04 16:00:00,32.24104718817025,60,299.9305505939672
2001-07-04 17:00:00,31.605372697778684,60,155.25547740360796
2001-07-04 18:00:00,30.776945573032492,60,7.346179775028106e-14
2001-07-04 19:00:00,29.812221753442575,60,0.0
2001-07-04 20:00:00,28.776945573032492,60,0.0
2001-07-04 21:00:00,27.74166939262241,60,0.0
2001-07-04 22:00:00,26.776945573032492,60,0.0
2001-07-04 23:00:00,25.948518448286304,60,0.0
2001-07-05 00:00:00,25.27940064905476,60,0.0
2001-07-05 01:00:00,24.87979895903624,60,0.0
2001-07-05 02:00:00,24.743502264192514,60,0.0
2001-07-05 03:00:00,24.87979895903624,60,0.0
2001-07-05 04:00:00,25.27940064905476,60,0.0
2001-07-05 05:00:00,25.915075139446323,60,0.0
2001-07-05 06:00:00,26.743502264192514,60,0.0
2001-07-05 07:00:00,27.70822608378243,60,155.2209683419668
2001-07-05 08:00:00,28.743502264192514,60,299.8638842062071
2001-07-05 09:00:00,29.778778444602597,60,424.07157191029347
2001-07-05 10:00:00,30.743502264192514,60,519.3794828001015
2001-07-05 11:00:00,31.571929388938706,60,579.2925402522603
2001-07-05 12:00:00,32.20760387933027,60,599.7277684124143
2001-07-05 13:00:00,32.607205569348785,60,579.2925402522603
2001-07-05 14:00:00,32.743502264192514,60,519.3794828001015
2001-07-05 15:00:00,32.607205569348785,60,424.0715719102935
2001-07-05 16:00:00,32.20760387933027,60,299.8638842062071
2001-07-05 17:00:00,31.571929388938706,60,155.22096834196697
2001-07-05 18:00:00,30.743502264192514,60,7.344546919460484e-14
2001-07-05 19:00:00,29.778778444602597,60,0.0
2001-07-05 20:00:00,28.743502264192514,60,0.0
2001-07-05 21:00:00,27.70822608378243,60,0.0
2001-07-05 22:00:00,26.743502264192514,60,0.0
2001-07-05 23:00:00,25.915075139446326,60,0.0
2001-07-06 00:00:00,25.243662773375437,60,0.0
2001-07-06 01:00:00,24.844061083356916,60,0.0
2001-07-06 02:00:00,24.70776438851319,60,0.0
2001-07-06 03:00:00,24.844061083356916,60,0.0
2001-07-06 04:00:00,25.243662773375437,60,0.0
2001-07-06 05:00:00,25.879337263767,60,0.0
2001-07-06 06:00:00,26.70776438851319,60,0.0
2001-07-06 07:00:00,27.672488208103108,60,155.17496023664282
2001-07-06 08:00:00,28.70776438851319,60,299.775003371905
2001-07-06 09:00:00,29.743040568923274,60,423.94587542898836
2001-07-06 10:00:00,30.70776438851319,60,519.225536679271
2001-07-06 11:00:00,31.536191513259382,60,579.1208356656313
2001-07-06 12:00:00,32.17186600365095,60,599.5500067438101
2001-07-06 13:00:00,32.57146769366946,60,579.1208356656313
2001-07-06 14:00:00,32.70776438851319,60,519.225536679271
2001-07-06 15:00:00,32.57146769366946,60,423.9458754289884
2001-07-06 16:00:00,32.17186600365095,60,299.775003371905
2001-07-06 17:00:00,31.536191513259382,60,155.174960236643
2001-07-06 18:00:00,30.70776438851319,60,7.342369966875811e-14
2001-07-06 19:00:00,29.743040568923274,60,0.0
2001-07-06 20:00:00,28.70776438851319,60,0.0
2001-07-06 21:00:00,27.672488208103108,60,0.0
2001-07-06 22:00:00,26.70776438851319,60,0.0
2001-07-06 23:00:00,25.879337263767002,60,0.0
2001-07-07 00:00:00,25.20564092076062,60,0.0
2001-07-07 01:00:00,24.806039230742098,60,0.0
2001-07-07 02:00:00,24.669742535898372,60,0.0
2001-07-07 03:00:00,24.806039230742098,60,0.0
2001-07-07 04:00:00,25.20564092076062,60,0.0
2001-07-07 05:00:00,25.84131541115218,60,0.0
2001-07-07 06:00:00,26.669742535898372,60,0.0
2001-07-07 07:00:00,27.63446635548829,60,155.11745649599754
2001-07-07 08:00:00,28.669742535898372,60,299.66391467551006
2001-07-07 09:00:00,29.705018716308455,60,423.78877228792027
2001-07-07 10:00:00,30.669742535898372,60,519.0331254129684
2001-07-07 11:00:00,31.498169660644564,60,578.9062287839179
2001-07-07 12:00:00,32.13384415103613,60,599.3278293510202
2001-07-07 13:00:00,32.53344584105464,60,578.9062287839179
2001-07-07 14:00:00,32.66974253589837,60,519.0331254129684
2001-07-07 15:00:00,32.53344584105464,60,423.7887722879203
2001-07-07 16:00:00,32.13384415103613,60,299.66391467551006
2001-07-07 17:00:00,31.498169660644564,60,155.11745649599771
2001-07-07 18:00:00,30.669742535898372,60,7.33964907854658e-14
2001-07-07 19:00:00,29.705018716308455,60,0.0
2001-07-07 20:00:00,28.669742535898372,60,0.0
2001-07-07 21:00:00,27.63446635548829,60,0.0
2001-07-07 22:00:00,26.669742535898372,60,0.0
2001-07-07 23:00:00,25.841315411152184,60,0.0
2001-07-08 00:00:00,25.16534635790581,60,0.0
2001-07-08 01:00:00,24.76574466788729,60,0.0
2001-07-08 02:00:00,24.629447973043565,60,0.0
2001-07-08 03:00:00,24.76574466788729,60,0.0
2001-07-08 04:00:00,25.16534635790581,60,0.0
2001-07-08 05:00:00,25.801020848297377,60,0.0
2001-07-08 06:00:00,26.629447973043565,60,0.0
2001-07-08 07:00:00,27.59417179263348,60,155.04846138000977
2001-07-08 08:00:00,28.629447973043565,60,299.53062634666924
2001-07-08 09:00:00,29.664724153453648,60,423.6002741255676
2001-07-08 10:00:00,30.629447973043565,60,518.8022632553602
2001-07-08 11:00:00,31.457875097789753,60,578.6487355055774
2001-07-08 12:00:00,32.09354958818132,60,599.0612526933386
2001-07-08 13:00:00,32.49315127819984,60,578.6487355055774
2001-07-08 14:00:00,32.62944797304357,60,518.8022632553602
2001-07-08 15:00:00,32.49315127819984,60,423.60027412556764
2001-07-08 16:00:00,32.09354958818132,60,299.53062634666924
2001-07-08 17:00:00,31.457875097789756,60,155.04846138000994
2001-07-08 18:00:00,30.629447973043565,60,7.336384456041007e-14
2001-07-08 19:00:00,29.664724153453648,60,0.0
2001-07-08 20:00:00,28.629447973043565,60,0.0
2001-07-08 21:00:00,27.59417179263348,60,0.0
2001-07-08 22:00:00,26.629447973043565,60,0.0
2001-07-08 23:00:00,25.801020848297377,60,0.0
2001-07-09 00:00:00,25.122791024959618,60,0.0
2001-07-09 01:00:00,24.723189334941097,60,0.0
2001-07-09 02:00:00,24.58689264009737,60,0.0
2001-07-09 03:00:00,24.723189334941097,60,0.0
2001-07-09 04:00:00,25.122791024959618,60,0.0
2001-07-09 05:00:00,25.758465515351183,60,0.0
2001-07-09 06:00:00,26.58689264009737,60,0.0
2001-07-09 07:00:00,27.55161645968729,60,154.96797999995962
2001-07-09 08:00:00,28.58689264009737,60,299.3751482596176
2001-07-09 09:00:00,29.622168820507454,60,423.3803949062073
2001-07-09 10:00:00,30.58689264009737,60,518.5329673091231
2001-07-09 11:00:00,31.41531976484356,60,578.348374906167
2001-07-09 12:00:00,32.050994255235125,60,598.7502965192353
2001-07-09 13:00:00,32.450595945253646,60,578.348374906167
2001-07-09 14:00:00,32.586892640097375,60,518.5329673091231
2001-07-09 15:00:00,32.450595945253646,60,423.38039490620736
2001-07-09 16:00:00,32.050994255235125,60,299.3751482596176
2001-07-09 17:00:00,31.415319764843563,60,154.9679799999598
2001-07-09 18:00:00,30.58689264009737,60,7.332576341208101e-14
2001-07-09 19:00:00,29.622168820507454,60,0.0
2001-07-09 20:00:00,28.58689264009737,60,0.0
2001-07-09 21:00:00,27.55161645968729,60,0.0
2001-07-09 22:00:00,26.58689264009737,60,0.0
2001-07-09 23:00:00,25.758465515351183,60,0.0
2001-07-10 00:00:00,25.077987531985613,60,0.0
2001-07-10 01:00:00,24.678385841967092,60,0.0
2001-07-10 02:00:00,24.542089147123367,60,0.0
2001-07-10 03:00:00,24.678385841967092,60,0.0
2001-07-10 04:00:00,25.077987531985613,60,0.0
2001-07-10 05:00:00,25.71366202237718,60,0.0
2001-07-10 06:00:00,26.542089147123367,60,0.0
2001-07-10 07:00:00,27.506812966713284,60,154.87601831805
2001-07-10 08:00:00,28.542089147123367,60,299.1974919324466
2001-07-10 09:00:00,29.57736532753345,60,423.1291509188807
2001-07-10 10:00:00,30.542089147123367,60,518.225257524177
2001-07-10 11:00:00,31.370516271869555,60,578.0051692369308
2001-07-10 12:00:00,32.00619076226112,60,598.3949838648933
2001-07-10 13:00:00,32.40579245227964,60,578.0051692369308
2001-07-10 14:00:00,32.54208914712336,60,518.225257524177
2001-07-10 15:00:00,32.40579245227964,60,423.1291509188808
2001-07-10 16:00:00,32.00619076226112,60,299.1974919324466
2001-07-10 17:00:00,31.37051627186956,60,154.87601831805017
2001-07-10 18:00:00,30.542089147123367,60,7.328225016159736e-14
2001-07-10 19:00:00,29.57736532753345,60,0.0
2001-07-10 20:00:00,28.542089147123367,60,0.0
2001-07-10 21:00:00,27.506812966713284,60,0.0
2001-07-10 22:00:00,26.542089147123367,60,0.0
2001-07-10 23:00:00,25.71366202237718,60,0.0
2001-07-11 00:00:00,25.0309491552257,60,0.0
2001-07-11 01:00:00,24.631347465207178,60,0.0
2001-07-11 02:00:00,24.495050770363452,60,0.0
2001-07-11 03:00:00,24.631347465207178,60,0.0
2001-07-11 04:00:00,25.0309491552257,60,0.0
2001-07-11 05:00:00,25.666623645617264,60,0.0
2001-07-11 06:00:00,26.495050770363452,60,0.0
2001-07-11 07:00:00,27.45977458995337,60,154.77258314696482
2001-07-11 08:00:00,28.495050770363452,60,298.997670526251
2001-07-11 09:00:00,29.530326950773535,60,422.84656077618644
2001-07-11 10:00:00,30.495050770363452,60,517.8791566962062
2001-07-11 11:00:00,31.32347789510964,60,577.6191439231512
2001-07-11 12:00:00,31.959152385501206,60,597.9953410525021
2001-07-11 13:00:00,32.35875407551973,60,577.6191439231512
2001-07-11 14:00:00,32.49505077036345,60,517.8791566962062
2001-07-11 15:00:00,32.35875407551973,60,422.8465607761865
2001-07-11 16:00:00,31.959152385501206,60,298.997670526251
2001-07-11 17:00:00,31.323477895109644,60,154.772583146965
2001-07-11 18:00:00,30.495050770363452,60,7.323330803249765e-14
2001-07-11 19:00:00,29.530326950773535,60,0.0
2001-07-11 20:00:00,28.495050770363452,60,0.0
2001-07-11 21:00:00,27.45977458995337,60,0.0
2001-07-11 22:00:00,26.495050770363452,60,0.0
2001-07-11 23:00:00,25.666623645617264,60,0.0
2001-07-12 00:00:00,24.981689833166083,60,0.0
2001-07-12 01:00:00,24.582088143147562,60,0.0
2001-07-12 02:00:00,24.445791448303837,60,0.0
2001-07-12 03:00:00,24.582088143147562,60,0.0
2001-07-12 04:00:00,24.981689833166083,60,0.0
2001-07-12 05:00:00,25.617364323557645,60,0.0
2001-07-12 06:00:00,26.445791448303837,60,0.0
2001-07-12 07:00:00,27.410515267893754,60,154.65768214936435
2001-07-12 08:00:00,28.445791448303837,60,298.7756988441537
2001-07-12 09:00:00,29.48106762871392,60,422.5326454129016
2001-07-12 10:00:00,30.445791448303837,60,517.4946904649721
2001-07-12 11:00:00,31.274218573050028,60,577.190327562266
2001-07-12 12:00:00,31.90989306344159,60,597.5513976883075
2001-07-12 13:00:00,32.30949475346011,60,577.190327562266
2001-07-12 14:00:00,32.44579144830384,60,517.4946904649721
2001-07-12 15:00:00,32.30949475346011,60,422.5326454129017
2001-07-12 16:00:00,31.90989306344159,60,298.7756988441537
2001-07-12 17:00:00,31.274218573050028,60,154.65768214936452
2001-07-12 18:00:00,30.445791448303837,60,7.317894065050128e-14
2001-07-12 19:00:00,29.48106762871392,60,0.0
2001-07-12 20:00:00,28.445791448303837,60,0.0
2001-07-12 21:00:00,27.410515267893754,60,0.0
2001-07-12 22:00:00,26.445791448303837,60,0.0
2001-07-12 23:00:00,25.61736432355765,60,0.0
2001-07-13 00:00:00,24.930224162406994,60,0.0
2001-07-13 01:00:00,24.530622472388472,60,0.0
2001-07-13 02:00:00,24.394325777544747,60,0.0
2001-07-13 03:00:00,24.530622472388472,60,0.0
2001-07-13 04:00:00,24.930224162406994,60,0.0
2001-07-13 05:00:00,25.56589865279856,60,0.0
2001-07-13 06:00:00,26.394325777544747,60,0.0
2001-07-13 07:00:00,27.359049597134664,60,154.53132383731764
2001-07-13 08:00:00,28.394325777544747,60,298.5315933302092
2001-07-13 09:00:00,29.42960195795483,60,422.1874280844313
2001-07-13 10:00:00,30.394325777544747,60,517.0718873124126
2001-07-13 11:00:00,31.222752902290935,60,576.718751921749
2001-07-13 12:00:00,31.8584273926825,60,597.0631866604185
2001-07-13 13:00:00,32.25802908270102,60,576.718751921749
2001-07-13 14:00:00,32.39432577754475,60,517.0718873124126
2001-07-13 15:00:00,32.25802908270102,60,422.18742808443136
2001-07-13 16:00:00,31.8584273926825,60,298.5315933302092
2001-07-13 17:00:00,31.22275290229094,60,154.5313238373178
2001-07-13 18:00:00,30.394325777544747,60,7.311915204324003e-14
2001-07-13 19:00:00,29.42960195795483,60,0.0
2001-07-13 20:00:00,28.394325777544747,60,0.0
2001-07-13 21:00:00,27.359049597134664,60,0.0
2001-07-13 22:00:00,26.394325777544747,60,0.0
2001-07-13 23:00:00,25.56589865279856,60,0.0
2001-07-14 00:00:00,24.876567393337396,60,0.0
2001-07-14 01:00:00,24.476965703318875,60,0.0
2001-07-14 02:00:00,24.34066900847515,60,0.0
2001-07-14 03:00:00,24.476965703318875,60,0.0
2001-07-14 04:00:00,24.876567393337396,60,0.0
2001-07-14 05:00:00,25.51224188372896,60,0.0
2001-07-14 06:00:00,26.34066900847515,60,0.0
2001-07-14 07:00:00,27.305392828065067,60,154.3935175716717
2001-07-14 08:00:00,28.34066900847515,60,298.2653720681855
2001-07-14 09:00:00,29.375945188885233,60,421.81093436508536
2001-07-14 10:00:00,30.34066900847515,60,516.6107785605325
2001-07-14 11:00:00,31.169096133221338,60,576.2044519367571
2001-07-14 12:00:00,31.804770623612903,60,596.5307441363711
2001-07-14 13:00:00,32.204372313631424,60,576.2044519367571
2001-07-14 14:00:00,32.340669008475146,60,516.6107785605325
2001-07-14 15:00:00,32.204372313631424,60,421.8109343650854
2001-07-14 16:00:00,31.804770623612903,60,298.2653720681855
2001-07-14 17:00:00,31.16909613322134,60,154.39351757167188
2001-07-14 18:00:00,30.34066900847515,60,7.305394663995957e-14
2001-07-14 19:00:00,29.375945188885233,60,0.0
2001-07-14 20:00:00,28.34066900847515,60,0.0
2001-07-14 21:00:00,27.305392828065067,60,0.0
2001-07-14 22:00:00,26.34066900847515,60,0.0
2001-07-14 23:00:00,25.51224188372896,60,0.0
2001-07-15 00:00:00,24.820735425615975,60,0.0
2001-07-15 01:00:00,24.421133735597454,60,0.0
2001-07-15 02:00:00,24.28483704075373,60,0.0
2001-07-15 03:00:00,24.421133735597454,60,0.0
2001-07-15 04:00:00,24.820735425615975,60,0.0
2001-07-15 05:00:00,25.456409916007537,60,0.0
2001-07-15 06:00:00,26.28483704075373,60,0.0
2001-07-15 07:00:00,27.249560860343646,60,154.24427356135834
2001-07-15 08:00:00,28.28483704075373,60,297.97705478022425
2001-07-15 09:00:00,29.320113221163812,60,421.40319214618387
2001-07-15 10:00:00,30.28483704075373,60,516.1113983690831
2001-07-15 11:00:00,31.11326416549992,60,575.6474657075422
2001-07-15 12:00:00,31.748938655891482,60,595.9541095604486
2001-07-15 13:00:00,32.14854034591,60,575.6474657075422
2001-07-15 14:00:00,32.28483704075373,60,516.1113983690831
2001-07-15 15:00:00,32.14854034591,60,421.4031921461839
2001-07-15 16:00:00,31.748938655891482,60,297.97705478022425
2001-07-15 17:00:00,31.11326416549992,60,154.2442735613585
2001-07-15 18:00:00,30.28483704075373,60,7.298332927119144e-14
2001-07-15 19:00:00,29.320113221163812,60,0.0
2001-07-15 20:00:00,28.28483704075373,60,0.0
2001-07-15 21:00:00,27.249560860343646,60,0.0
2001-07-15 22:00:00,26.28483704075373,60,0.0
2001-07-15 23:00:00,25.45640991600754,60,0.0
2001-07-16 00:00:00,24.76274480345972,60,0.0
2001-07-16 01:00:00,24.3631431134412,60,0.0
2001-07-16 02:00:00,24.226846418597475,60,0.0
2001-07-16 03:00:00,24.3631431134412,60,0.0
2001-07-16 04:00:00,24.76274480345972,60,0.0
2001-07-16 05:00:00,25.398419293851283,60,0.0
2001-07-16 06:00:00,26.226846418597475,60,0.0
2001-07-16 07:00:00,27.191570238187392,60,154.08360286263755
2001-07-16 08:00:00,28.226846418597475,60,297.6666628253796
2001-07-16 09:00:00,29.262122599007558,60,420.9642316339911
2001-07-16 10:00:00,30.226846418597475,60,515.5737837330316
2001-07-16 11:00:00,31.055273543343667,60,575.0478344966286
2001-07-16 12:00:00,31.69094803373523,60,595.3333256507593
2001-07-16 13:00:00,32.090549723753746,60,575.0478344966286
2001-07-16 14:00:00,32.226846418597475,60,515.5737837330316
2001-07-16 15:00:00,32.090549723753746,60,420.9642316339912
2001-07-16 16:00:00,31.69094803373523,60,297.6666628253796
2001-07-16 17:00:00,31.055273543343667,60,154.08360286263772
2001-07-16 18:00:00,30.226846418597475,60,7.290730516839513e-14
2001-07-16 19:00:00,29.262122599007558,60,0.0
2001-07-16 20:00:00,28.226846418597475,60,0.0
2001-07-16 21:00:00,27.191570238187392,60,0.0
2001-07-16 22:00:00,26.226846418597475,60,0.0
2001-07-16 23:00:00,25.398419293851287,60,0.0
2001-07-17 00:00:00,24.70261271074152,60,0.0
2001-07-17 01:00:00,24.303011020722998,60,0.0
2001-07-17 02:00:00,24.166714325879273,60,0.0
2001-07-17 03:00:00,24.303011020722998,60,0.0
2001-07-17 04:00:00,24.70261271074152,60,0.0
2001-07-17 05:00:00,25.338287201133085,60,0.0
2001-07-17 06:00:00,26.166714325879273,60,0.0
2001-07-17 07:00:00,27.13143814546919,60,153.91151737827875
2001-07-17 08:00:00,28.166714325879273,60,297.33421919803635
2001-07-17 09:00:00,29.201990506289356,60,420.4940853474777
2001-07-17 10:00:00,30.166714325879273,60,514.9979744798205
2001-07-17 11:00:00,30.99514145062546,60,574.4056027257565
2001-07-17 12:00:00,31.630815941017026,60,594.6684383960728
2001-07-17 13:00:00,32.03041763103555,60,574.4056027257565
2001-07-17 14:00:00,32.16671432587927,60,514.9979744798205
2001-07-17 15:00:00,32.03041763103555,60,420.4940853474778
2001-07-17 16:00:00,31.630815941017026,60,297.33421919803635
2001-07-17 17:00:00,30.995141450625464,60,153.91151737827892
2001-07-17 18:00:00,30.166714325879273,60,7.282587996357056e-14
2001-07-17 19:00:00,29.201990506289356,60,0.0
2001-07-17 20:00:00,28.166714325879273,60,0.0
2001-07-17 21:00:00,27.13143814546919,60,0.0
2001-07-17 22:00:00,26.166714325879273,60,0.0
2001-07-17 23:00:00,25.338287201133085,60,0.0
2001-07-18 00:00:00,24.640356965898192,60,0.0
2001-07-18 01:00:00,24.24075527587967,60,0.0
2001-07-18 02:00:00,24.104458581035946,60,0.0
2001-07-18 03:00:00,24.24075527587967,60,0.0
2001-07-18 04:00:00,24.640356965898192,60,0.0
2001-07-18 05:00:00,25.276031456289758,60,0.0
2001-07-18 06:00:00,26.104458581035946,60,0.0
2001-07-18 07:00:00,27.069182400625863,60,153.72802985667872
2001-07-18 08:00:00,28.104458581035946,60,296.97974852620587
2001-07-18 09:00:00,29.13973476144603,60,419.99278811591154
2001-07-18 10:00:00,30.104458581035946,60,514.384013266417
2001-07-18 11:00:00,30.932885705782134,60,573.7208179725903
2001-07-18 12:00:00,31.5685601961737,60,593.9594970524118
2001-07-18 13:00:00,31.96816188619222,60,573.7208179725903
2001-07-18 14:00:00,32.10445858103594,60,514.384013266417
2001-07-18 15:00:00,31.96816188619222,60,419.9927881159116
2001-07-18 16:00:00,31.5685601961737,60,296.97974852620587
2001-07-18 17:00:00,30.932885705782137,60,153.7280298566789
2001-07-18 18:00:00,30.104458581035946,60,7.273905968884079e-14
2001-07-18 19:00:00,29.13973476144603,60,0.0
2001-07-18 20:00:00,28.104458581035946,60,0.0
2001-07-18 21:00:00,27.069182400625863,60,0.0
2001-07-18 22:00:00,26.104458581035946,60,0.0
2001-07-18 23:00:00,25.276031456289758,60,0.0
2001-07-19 00:00:00,24.57599601665053,60,0.0
2001-07-19 01:00:00,24.17639432663201,60,0.0
2001-07-19 02:00:00,24.040097631788285,60,0.0
2001-07-19 03:00:00,24.17639432663201,60,0.0
2001-07-19 04:00:00,24.57599601665053,60,0.0
2001-07-19 05:00:00,25.211670507042093,60,0.0
2001-07-19 06:00:00,26.040097631788285,60,0.0
2001-07-19 07:00:00,27.004821451378202,60,153.5331538909174
2001-07-19 08:00:00,28.040097631788285,60,296.6032770697021
2001-07-19 09:00:00,29.075373812198368,60,419.46037707627755
2001-07-19 10:00:00,30.040097631788285,60,513.7319455761531
2001-07-19 11:00:00,30.868524756534477,60,572.9935309671949
2001-07-19 12:00:00,31.50419924692604,60,593.2065541394043
2001-07-19 13:00:00,31.90380093694456,60,572.9935309671949
2001-07-19 14:00:00,32.040097631788285,60,513.7319455761531
2001-07-19 15:00:00,31.90380093694456,60,419.4603770762776
2001-07-19 16:00:00,31.50419924692604,60,296.6032770697021
2001-07-19 17:00:00,30.868524756534477,60,153.53315389091756
2001-07-19 18:00:00,30.040097631788285,60,7.264685077600525e-14
2001-07-19 19:00:00,29.075373812198368,60,0.0
2001-07-19 20:00:00,28.040097631788285,60,0.0
2001-07-19 21:00:00,27.004821451378202,60,0.0
2001-07-19 22:00:00,26.040097631788285,60,0.0
2001-07-19 23:00:00,25.211670507042097,60,0.0
2001-07-20 00:00:00,24.50954893453682,60,0.0
2001-07-20 01:00:00,24.1099472445183,60,0.0
2001-07-20 02:00:00,23.973650549674574,60,0.0
2001-07-20 03:00:00,24.1099472445183,60,0.0
2001-07-20 04:00:00,24.50954893453682,60,0.0
2001-07-20 05:00:00,25.145223424928382,60,0.0
2001-07-20 06:00:00,25.973650549674574,60,0.0
2001-07-20 07:00:00,26.93837436926449,60,153.3269039177507
2001-07-20 08:00:00,27.973650549674574,60,296.20483271819586
2001-07-20 09:00:00,29.008926730084656,60,418.8968916705265
2001-07-20 10:00:00,29.973650549674574,60,513.0418197153555
2001-07-20 11:00:00,30.802077674420765,60,572.2237955882772
2001-07-20 12:00:00,31.437752164812327,60,592.4096654363918
2001-07-20 13:00:00,31.837353854830848,60,572.2237955882772
2001-07-20 14:00:00,31.973650549674574,60,513.0418197153555
2001-07-20 15:00:00,31.837353854830848,60,418.89689167052654
2001-07-20 16:00:00,31.437752164812327,60,296.20483271819586
2001-07-20 17:00:00,30.802077674420765,60,153.32690391775088
2001-07-20 18:00:00,29.973650549674574,60,7.254926005606316e-14
2001-07-20 19:00:00,29.008926730084656,60,0.0
2001-07-20 20:00:00,27.973650549674574,60,0.0
2001-07-20 21:00:00,26.93837436926449,60,0.0
2001-07-20 22:00:00,25.973650549674574,60,0.0
2001-07-20 23:00:00,25.145223424928385,60,0.0
2001-07-21 00:00:00,24.441035409261538,60,0.0
2001-07-21 01:00:00,24.041433719243017,60,0.0
2001-07-21 02:00:00,23.90513702439929,60,0.0
2001-07-21 03:00:00,24.041433719243017,60,0.0
2001-07-21 04:00:00,24.441035409261538,60,0.0
2001-07-21 05:00:00,25.076709899653103,60,0.0
2001-07-21 06:00:00,25.90513702439929,60,0.0
2001-07-21 07:00:00,26.86986084398921,60,153.1092952165413
2001-07-21 08:00:00,27.90513702439929,60,295.78444498914905
2001-07-21 09:00:00,28.940413204809374,60,418.3023736426533
2001-07-21 10:00:00,29.90513702439929,60,512.3136868097679
2001-07-21 11:00:00,30.73356414914548,60,571.4116688591946
2001-07-21 12:00:00,31.369238639537045,60,591.5688899782982
2001-07-21 13:00:00,31.768840329555566,60,571.4116688591946
2001-07-21 14:00:00,31.90513702439929,60,512.3136868097679
2001-07-21 15:00:00,31.768840329555566,60,418.3023736426534
2001-07-21 16:00:00,31.369238639537045,60,295.78444498914905
2001-07-21 17:00:00,30.733564149145483,60,153.10929521654148
2001-07-21 18:00:00,29.90513702439929,60,7.244629475870757e-14
2001-07-21 19:00:00,28.940413204809374,60,0.0
2001-07-21 20:00:00,27.90513702439929,60,0.0
2001-07-21 21:00:00,26.86986084398921,60,0.0
2001-07-21 22:00:00,25.90513702439929,60,0.0
2001-07-21 23:00:00,25.076709899653103,60,0.0
2001-07-22 00:00:00,24.37047574286086,60,0.0
2001-07-22 01:00:00,23.97087405284234,60,0.0
2001-07-22 02:00:00,23.834577357998615,60,0.0
2001-07-22 03:00:00,23.97087405284234,60,0.0
2001-07-22 04:00:00,24.37047574286086,60,0.0
2001-07-22 05:00:00,25.006150233252427,60,0.0
2001-07-22 06:00:00,25.834577357998615,60,0.0
2001-07-22 07:00:00,26.799301177588532,60,152.8803439081263
2001-07-22 08:00:00,27.834577357998615,60,295.3421450256276
2001-07-22 09:00:00,28.869853538408698,60,417.6768670356041
2001-07-22 10:00:00,29.834577357998615,60,511.5476008007629
2001-07-22 11:00:00,30.663004482744803,60,570.5572109437305
2001-07-22 12:00:00,31.29867897313637,60,590.6842900512553
2001-07-22 13:00:00,31.69828066315489,60,570.5572109437305
2001-07-22 14:00:00,31.834577357998615,60,511.5476008007629
2001-07-22 15:00:00,31.69828066315489,60,417.6768670356042
2001-07-22 16:00:00,31.29867897313637,60,295.3421450256276
2001-07-22 17:00:00,30.663004482744807,60,152.88034390812646
2001-07-22 18:00:00,29.834577357998615,60,7.233796251178965e-14
2001-07-22 19:00:00,28.869853538408698,60,0.0
2001-07-22 20:00:00,27.834577357998615,60,0.0
2001-07-22 21:00:00,26.799301177588532,60,0.0
2001-07-22 22:00:00,25.834577357998615,60,0.0
2001-07-22 23:00:00,25.006150233252427,60,0.0
2001-07-23 00:00:00,24.297890843686755,60,0.0
2001-07-23 01:00:00,23.898289153668234,60,0.0
2001-07-23 02:00:00,23.76199245882451,60,0.0
2001-07-23 03:00:00,23.898289153668234,60,0.0
2001-07-23 04:00:00,24.297890843686755,60,0.0
2001-07-23 05:00:00,24.933565334078317,60,0.0
2001-07-23 06:00:00,25.76199245882451,60,0.0
2001-07-23 07:00:00,26.726716278414425,60,152.64006695362335
2001-07-23 08:00:00,27.76199245882451,60,294.87796559399465
2001-07-23 09:00:00,28.79726863923459,60,417.0204181880141
2001-07-23 10:00:00,29.76199245882451,60,510.7436184413461
2001-07-23 11:00:00,30.5904195835707,60,569.6604851416375
2001-07-23 12:00:00,31.226094073962262,60,589.7559311879893
2001-07-23 13:00:00,31.625695763980783,60,569.6604851416375
2001-07-23 14:00:00,31.76199245882451,60,510.7436184413461
2001-07-23 15:00:00,31.625695763980783,60,417.02041818801416
2001-07-23 16:00:00,31.226094073962262,60,294.87796559399465
2001-07-23 17:00:00,30.5904195835707,60,152.64006695362352
2001-07-23 18:00:00,29.76199245882451,60,7.222427134075378e-14
2001-07-23 19:00:00,28.79726863923459,60,0.0
2001-07-23 20:00:00,27.76199245882451,60,0.0
2001-07-23 21:00:00,26.726716278414425,60,0.0
2001-07-23 22:00:00,25.76199245882451,60,0.0
2001-07-23 23:00:00,24.93356533407832,60,0.0
2001-07-24 00:00:00,24.223302220211345,60,0.0
2001-07-24 01:00:00,23.823700530192824,60,0.0
2001-07-24 02:00:00,23.687403835349098,60,0.0
2001-07-24 03:00:00,23.823700530192824,60,0.0
2001-07-24 04:00:00,24.223302220211345,60,0.0
2001-07-24 05:00:00,24.85897671060291,60,0.0
2001-07-24 06:00:00,25.687403835349098,60,0.0
2001-07-24 07:00:00,26.652127654939015,60,152.38848215317387
2001-07-24 08:00:00,27.687403835349098,60,294.39194108148274
2001-07-24 09:00:00,28.72268001575918,60,416.33307573077406
2001-07-24 10:00:00,29.687403835349098,60,509.90179929195165
2001-07-24 11:00:00,30.515830960095286,60,568.721557883948
2001-07-24 12:00:00,31.15150545048685,60,588.7838821629656
2001-07-24 13:00:00,31.551107140505373,60,568.721557883948
2001-07-24 14:00:00,31.687403835349098,60,509.90179929195165
2001-07-24 15:00:00,31.551107140505373,60,416.3330757307741
2001-07-24 16:00:00,31.15150545048685,60,294.39194108148274
2001-07-24 17:00:00,30.51583096009529,60,152.388482153174
2001-07-24 18:00:00,29.687403835349098,60,7.210522966804282e-14
2001-07-24 19:00:00,28.72268001575918,60,0.0
2001-07-24 20:00:00,27.687403835349098,60,0.0
2001-07-24 21:00:00,26.652127654939015,60,0.0
2001-07-24 22:00:00,25.687403835349098,60,0.0
2001-07-24 23:00:00,24.85897671060291,60,0.0
2001-07-25 00:00:00,24.146731974653523,60,0.0
2001-07-25 01:00:00,23.747130284635002,60,0.0
2001-07-25 02:00:00,23.610833589791277,60,0.0
2001-07-25 03:00:00,23.747130284635002,60,0.0
2001-07-25 04:00:00,24.146731974653523,60,0.0
2001-07-25 05:00:00,24.782406465045085,60,0.0
2001-07-25 06:00:00,25.610833589791277,60,0.0
2001-07-25 07:00:00,26.575557409381194,60,152.12560814462458
2001-07-25 08:00:00,27.610833589791277,60,293.884107493647
2001-07-25 09:00:00,28.64610977020136,60,415.6148905834281
2001-07-25 10:00:00,29.610833589791277,60,509.0222057160301
2001-07-25 11:00:00,30.43926071453747,60,567.7404987280527
2001-07-25 12:00:00,31.07493520492903,60,587.7682149872941
2001-07-25 13:00:00,31.47453689494755,60,567.7404987280527
2001-07-25 14:00:00,31.610833589791277,60,509.0222057160301
2001-07-25 15:00:00,31.47453689494755,60,415.6148905834282
2001-07-25 16:00:00,31.07493520492903,60,293.884107493647
2001-07-25 17:00:00,30.43926071453747,60,152.12560814462475
2001-07-25 18:00:00,29.610833589791277,60,7.198084631247429e-14
2001-07-25 19:00:00,28.64610977020136,60,0.0
2001-07-25 20:00:00,27.610833589791277,60,0.0
2001-07-25 21:00:00,26.575557409381194,60,0.0
2001-07-25 22:00:00,25.610833589791277,60,0.0
2001-07-25 23:00:00,24.78240646504509,60,0.0
2001-07-26 00:00:00,24.068202796429574,60,0.0
2001-07-26 01:00:00,23.668601106411053,60,0.0
2001-07-26 02:00:00,23.532304411567328,60,0.0
2001-07-26 03:00:00,23.668601106411053,60,0.0
2001-07-26 04:00:00,24.068202796429574,60,0.0
2001-07-26 05:00:00,24.70387728682114,60,0.0
2001-07-26 06:00:00,25.532304411567328,60,0.0
2001-07-26 07:00:00,26.497028231157245,60,151.85146440214663
2001-07-26 08:00:00,27.532304411567328,60,293.35450245169704
2001-07-26 09:00:00,28.56758059197741,60,414.8659159504013
2001-07-26 10:00:00,29.532304411567328,60,508.10490287542814
2001-07-26 11:00:00,30.360731536313516,60,566.717380352548
2001-07-26 12:00:00,30.99640602670508,60,586.7090049033942
2001-07-26 13:00:00,31.396007716723602,60,566.717380352548
2001-07-26 14:00:00,31.532304411567328,60,508.10490287542814
2001-07-26 15:00:00,31.396007716723602,60,414.86591595040136
2001-07-26 16:00:00,30.99640602670508,60,293.35450245169704
2001-07-26 17:00:00,30.36073153631352,60,151.8514644021468
2001-07-26 18:00:00,29.532304411567328,60,7.185113048858704e-14
2001-07-26 19:00:00,28.56758059197741,60,0.0
2001-07-26 20:00:00,27.532304411567328,60,0.0
2001-07-26 21:00:00,26.497028231157245,60,0.0
2001-07-26 22:00:00,25.532304411567328,60,0.0
2001-07-26 23:00:00,24.70387728682114,60,0.0
2001-07-27 00:00:00,23.987737955429804,60,0.0
2001-07-27 01:00:00,23.588136265411283,60,0.0
2001-07-27 02:00:00,23.451839570567557,60,0.0
2001-07-27 03:00:00,23.588136265411283,60,0.0
2001-07-27 04:00:00,23.987737955429804,60,0.0
2001-07-27 05:00:00,24.623412445821366,60,0.0
2001-07-27 06:00:00,25.451839570567557,60,0.0
2001-07-27 07:00:00,26.416563390157474,60,151.56607123479301
2001-07-27 08:00:00,27.451839570567557,60,292.80316518971046
2001-07-27 09:00:00,28.48711575097764,60,414.08620731705827
2001-07-27 10:00:00,29.451839570567557,60,507.1499587255615
2001-07-27 11:00:00,30.28026669531375,60,565.6522785518513
2001-07-27 12:00:00,30.91594118570531,60,585.606330379421
2001-07-27 13:00:00,31.315542875723832,60,565.6522785518513
2001-07-27 14:00:00,31.451839570567557,60,507.1499587255615
2001-07-27 15:00:00,31.315542875723832,60,414.0862073170583
2001-07-27 16:00:00,30.91594118570531,60,292.80316518971046
2001-07-27 17:00:00,30.28026669531375,60,151.56607123479318
2001-07-27 18:00:00,29.451839570567557,60,7.171609180595852e-14
2001-07-27 19:00:00,28.48711575097764,60,0.0
2001-07-27 20:00:00,27.451839570567557,60,0.0
2001-07-27 21:00:00,26.416563390157474,60,0.0
2001-07-27 22:00:00,25.451839570567557,60,0.0
2001-07-27 23:00:00,24.62341244582137,60,0.0
2001-07-28 00:00:00,23.905361295123175,60,0.0
2001-07-28 01:00:00,23.505759605104654,60,0.0
2001-07-28 02:00:00,23.36946291026093,60,0.0
2001-07-28 03:00:00,23.505759605104654,60,0.0
2001-07-28 04:00:00,23.905361295123175,60,0.0
2001-07-28 05:00:00,24.541035785514737,60,0.0
2001-07-28 06:00:00,25.36946291026093,60,0.0
2001-07-28 07:00:00,26.334186729850845,60,151.269449784994
2001-07-28 08:00:00,27.36946291026093,60,292.2301365517261
2001-07-28 09:00:00,28.40473909067101,60,413.2758224455926
2001-07-28 10:00:00,29.36946291026093,60,506.1574440103806
2001-07-28 11:00:00,30.19789003500712,60,564.5452722305866
2001-07-28 12:00:00,30.833564525398682,60,584.4602731034523
2001-07-28 13:00:00,31.233166215417203,60,564.5452722305866
2001-07-28 14:00:00,31.36946291026093,60,506.1574440103806
2001-07-28 15:00:00,31.233166215417203,60,413.27582244559267
2001-07-28 16:00:00,30.833564525398682,60,292.2301365517261
2001-07-28 17:00:00,30.19789003500712,60,151.26944978499418
2001-07-28 18:00:00,29.36946291026093,60,7.157574026849307e-14
2001-07-28 19:00:00,28.40473909067101,60,0.0
2001-07-28 20:00:00,27.36946291026093,60,0.0
2001-07-28 21:00:00,26.334186729850845,60,0.0
2001-07-28 22:00:00,25.36946291026093,60,0.0
2001-07-28 23:00:00,24.54103578551474,60,0.0
2001-07-29 00:00:00,23.821097225491965,60,0.0
2001-07-29 01:00:00,23.421495535473444,60,0.0
2001-07-29 02:00:00,23.285198840629718,60,0.0
2001-07-29 03:00:00,23.421495535473444,60,0.0
2001-07-29 04:00:00,23.821097225491965,60,0.0
2001-07-29 05:00:00,24.456771715883526,60,0.0
2001-07-29 06:00:00,25.285198840629718,60,0.0
2001-07-29 07:00:00,26.249922660219635,60,150.96162202699088
2001-07-29 08:00:00,27.285198840629718,60,291.6354589887183
2001-07-29 09:00:00,28.3204750210398,60,412.43482137074807
2001-07-29 10:00:00,29.285198840629718,60,505.1274322571299
2001-07-29 11:00:00,30.11362596537591,60,563.396443397739
2001-07-29 12:00:00,30.74930045576747,60,583.2709179774367
2001-07-29 13:00:00,31.148902145785993,60,563.396443397739
2001-07-29 14:00:00,31.285198840629718,60,505.1274322571299
2001-07-29 15:00:00,31.148902145785993,60,412.4348213707481
2001-07-29 16:00:00,30.74930045576747,60,291.6354589887183
2001-07-29 17:00:00,30.11362596537591,60,150.96162202699105
2001-07-29 18:00:00,29.285198840629718,60,7.143008627368063e-14
2001-07-29 19:00:00,28.3204750210398,60,0.0
2001-07-29 20:00:00,27.285198840629718,60,0.0
2001-07-29 21:00:00,26.249922660219635,60,0.0
2001-07-29 22:00:00,25.285198840629718,60,0.0
2001-07-29 23:00:00,24.45677171588353,60,0.0
2001-07-30 00:00:00,23.73497071579857,60,0.0
2001-07-30 01:00:00,23.33536902578005,60,0.0
2001-07-30 02:00:00,23.199072330936325,60,0.0
2001-07-30 03:00:00,23.33536902578005,60,0.0
2001-07-30 04:00:00,23.73497071579857,60,0.0
2001-07-30 05:00:00,24.370645206190133,60,0.0
2001-07-30 06:00:00,25.199072330936325,60,0.0
2001-07-30 07:00:00,26.16379615052624,60,150.64261076520802
2001-07-30 08:00:00,27.199072330936325,60,291.0191765554521
2001-07-30 09:00:00,28.234348511346408,60,411.5632663953706
2001-07-30 10:00:00,29.199072330936325,60,504.0599997709005
2001-07-30 11:00:00,30.027499455682516,60,562.2058771605787
2001-07-30 12:00:00,30.663173946074078,60,582.0383531109043
2001-07-30 13:00:00,31.0627756360926,60,562.2058771605787
2001-07-30 14:00:00,31.199072330936325,60,504.0599997709005
2001-07-30 15:00:00,31.0627756360926,60,411.56326639537065
2001-07-30 16:00:00,30.663173946074078,60,291.0191765554521
2001-07-30 17:00:00,30.027499455682516,60,150.6426107652082
2001-07-30 18:00:00,29.199072330936325,60,7.127914061182657e-14
2001-07-30 19:00:00,28.234348511346408,60,0.0
2001-07-30 20:00:00,27.199072330936325,60,0.0
2001-07-30 21:00:00,26.16379615052624,60,0.0
2001-07-30 22:00:00,25.199072330936325,60,0.0
2001-07-30 23:00:00,24.370645206190137,60,0.0
2001-07-31 00:00:00,23.64700728718659,60,0.0
2001-07-31 01:00:00,23.24740559716807,60,0.0
2001-07-31 02:00:00,23.111108902324343,60,0.0
2001-07-31 03:00:00,23.24740559716807,60,0.0
2001-07-31 04:00:00,23.64700728718659,60,0.0
2001-07-31 05:00:00,24.282681777578155,60,0.0
2001-07-31 06:00:00,25.111108902324343,60,0.0
2001-07-31 07:00:00,26.07583272191426,60,150.31243963256352
2001-07-31 08:00:00,27.111108902324343,60,290.3813349072192
2001-07-31 09:00:00,28.146385082734426,60,410.66122208579327
2001-07-31 10:00:00,29.111108902324343,60,502.95522562897776
2001-07-31 11:00:00,29.93953602707053,60,560.9736617183569
2001-07-31 12:00:00,30.575210517462097,60,580.7626698144385
2001-07-31 13:00:00,30.974812207480618,60,560.9736617183569
2001-07-31 14:00:00,31.111108902324343,60,502.95522562897776
2001-07-31 15:00:00,30.974812207480618,60,410.6612220857933
2001-07-31 16:00:00,30.575210517462097,60,290.3813349072192
2001-07-31 17:00:00,29.939536027070535,60,150.3124396325637
2001-07-31 18:00:00,29.111108902324343,60,7.112291446525232e-14
2001-07-31 19:00:00,28.146385082734426,60,0.0
2001-07-31 20:00:00,27.111108902324343,60,0.0
2001-07-31 21:00:00,26.07583272191426,60,0.0
2001-07-31 22:00:00,25.111108902324343,60,0.0
2001-07-31 23:00:00,24.282681777578155,60,0.0
2001-08-01 00:00:00,23.557233005118313,60,0.0
2001-08-01 01:00:00,23.157631315099792,60,0.0
2001-08-01 02:00:00,23.021334620256066,60,0.0
2001-08-01 03:00:00,23.157631315099792,60,0.0
2001-08-01 04:00:00,23.557233005118313,60,0.0
2001-08-01 05:00:00,24.19290749550988,60,0.0
2001-08-01 06:00:00,25.021334620256066,60,0.0
2001-08-01 07:00:00,25.986058439845984,60,149.9711330887185
2001-08-01 08:00:00,27.021334620256066,60,289.7219812964564
2001-08-01 09:00:00,28.05661080066615,60,409.72875526705286
2001-08-01 10:00:00,29.021334620256066,60,501.8131916749826
2001-08-01 11:00:00,29.849761745002255,60,559.6998883557713
2001-08-01 12:00:00,30.48543623539382,60,579.443962592913
2001-08-01 13:00:00,30.88503792541234,60,559.6998883557713
2001-08-01 14:00:00,31.021334620256066,60,501.8131916749826
2001-08-01 15:00:00,30.88503792541234,60,409.7287552670529
2001-08-01 16:00:00,30.48543623539382,60,289.7219812964564
2001-08-01 17:00:00,29.849761745002258,60,149.97113308871863
2001-08-01 18:00:00,29.021334620256066,60,7.096141940746695e-14
2001-08-01 19:00:00,28.05661080066615,60,0.0
2001-08-01 20:00:00,27.021334620256066,60,0.0
2001-08-01 21:00:00,25.986058439845984,60,0.0
2001-08-01 22:00:00,25.021334620256066,60,0.0
2001-08-01 23:00:00,24.19290749550988,60,0.0
2001-08-02 00:00:00,23.465674471651013,60,0.0
2001-08-02 01:00:00,23.066072781632492,60,0.0
2001-08-02 02:00:00,22.929776086788767,60,0.0
2001-08-02 03:00:00,23.066072781632492,60,0.0
2001-08-02 04:00:00,23.465674471651013,60,0.0
2001-08-02 05:00:00,24.10134896204258,60,0.0
2001-08-02 06:00:00,24.929776086788767,60,0.0
2001-08-02 07:00:00,25.894499906378684,60,149.6187164182649
2001-08-02 08:00:00,26.929776086788767,60,289.0411645692446
2001-08-02 09:00:00,27.96505226719885,60,408.76593501793946
2001-08-02 10:00:00,28.929776086788767,60,500.633982512809
2001-08-02 11:00:00,29.758203211534955,60,558.3846514362044
2001-08-02 12:00:00,30.39387770192652,60,578.0823291384893
2001-08-02 13:00:00,30.79347939194504,60,558.3846514362044
2001-08-02 14:00:00,30.929776086788767,60,500.633982512809
2001-08-02 15:00:00,30.79347939194504,60,408.7659350179395
2001-08-02 16:00:00,30.39387770192652,60,289.0411645692446
2001-08-02 17:00:00,29.75820321153496,60,149.61871641826508
2001-08-02 18:00:00,28.929776086788767,60,7.079466740230977e-14
2001-08-02 19:00:00,27.96505226719885,60,0.0
2001-08-02 20:00:00,26.929776086788767,60,0.0
2001-08-02 21:00:00,25.894499906378684,60,0.0
2001-08-02 22:00:00,24.929776086788767,60,0.0
2001-08-02 23:00:00,24.10134896204258,60,0.0
2001-08-03 00:00:00,23.372358817554147,60,0.0
2001-08-03 01:00:00,22.972757127535626,60,0.0
2001-08-03 02:00:00,22.8364604326919,60,0.0
2001-08-03 03:00:00,22.972757127535626,60,0.0
2001-08-03 04:00:00,23.372358817554147,60,0.0
2001-08-03 05:00:00,24.00803330794571,60,0.0
2001-08-03 06:00:00,24.8364604326919,60,0.0
2001-08-03 07:00:00,25.801184252281818,60,149.25521572885262
2001-08-03 08:00:00,26.8364604326919,60,288.3389351616902
2001-08-03 09:00:00,27.871736613101984,60,407.77283266587875
2001-08-03 10:00:00,28.8364604326919,60,499.41768550035573
2001-08-03 11:00:00,29.664887557438092,60,557.0280483947314
2001-08-03 12:00:00,30.300562047829654,60,576.6778703233805
2001-08-03 13:00:00,30.700163737848175,60,557.0280483947314
2001-08-03 14:00:00,30.8364604326919,60,499.41768550035573
2001-08-03 15:00:00,30.700163737848175,60,407.7728326658788
2001-08-03 16:00:00,30.300562047829654,60,288.3389351616902
2001-08-03 17:00:00,29.664887557438092,60,149.2552157288528
2001-08-03 18:00:00,28.8364604326919,60,7.062267080306403e-14
2001-08-03 19:00:00,27.871736613101984,60,0.0
2001-08-03 20:00:00,26.8364604326919,60,0.0
2001-08-03 21:00:00,25.801184252281818,60,0.0
2001-08-03 22:00:00,24.8364604326919,60,0.0
2001-08-03 23:00:00,24.008033307945713,60,0.0
2001-08-04 00:00:00,23.277313694269942,60,0.0
2001-08-04 01:00:00,22.87771200425142,60,0.0
2001-08-04 02:00:00,22.741415309407696,60,0.0
2001-08-04 03:00:00,22.87771200425142,60,0.0
2001-08-04 04:00:00,23.277313694269942,60,0.0
2001-08-04 05:00:00,23.912988184661508,60,0.0
2001-08-04 06:00:00,24.741415309407696,60,0.0
2001-08-04 07:00:00,25.706139128997613,60,148.88065794925518
2001-08-04 08:00:00,26.741415309407696,60,287.6153450961889
2001-08-04 09:00:00,27.77669148981778,60,406.7495217816484
2001-08-04 10:00:00,28.741415309407696,60,498.1643907430554
2001-08-04 11:00:00,29.569842434153884,60,555.6301797309036
2001-08-04 12:00:00,30.20551692454545,60,575.2306901923779
2001-08-04 13:00:00,30.60511861456397,60,555.6301797309036
2001-08-04 14:00:00,30.741415309407696,60,498.1643907430554
2001-08-04 15:00:00,30.60511861456397,60,406.74952178164847
2001-08-04 16:00:00,30.20551692454545,60,287.6153450961889
2001-08-04 17:00:00,29.569842434153887,60,148.88065794925535
2001-08-04 18:00:00,28.741415309407696,60,7.044544235154183e-14
2001-08-04 19:00:00,27.77669148981778,60,0.0
2001-08-04 20:00:00,26.741415309407696,60,0.0
2001-08-04 21:00:00,25.706139128997613,60,0.0
2001-08-04 22:00:00,24.741415309407696,60,0.0
2001-08-04 23:00:00,23.912988184661508,60,0.0
2001-08-05 00:00:00,23.18056726571967,60,0.0
2001-08-05 01:00:00,22.78096557570115,60,0.0
2001-08-05 02:00:00,22.644668880857424,60,0.0
2001-08-05 03:00:00,22.78096557570115,60,0.0
2001-08-05 04:00:00,23.18056726571967,60,0.0
2001-08-05 05:00:00,23.816241756111232,60,0.0
2001-08-05 06:00:00,24.644668880857424,60,0.0
2001-08-05 07:00:00,25.60939270044734,60,148.49507082737495
2001-08-05 08:00:00,26.644668880857424,60,286.87044797757164
2001-08-05 09:00:00,27.679945061267507,60,405.6960781739273
2001-08-05 10:00:00,28.644668880857424,60,496.8741910871987
2001-08-05 11:00:00,29.473096005603615,60,554.1911490013023
2001-08-05 12:00:00,30.108770495995177,60,573.7408959551434
2001-08-05 13:00:00,30.5083721860137,60,554.1911490013023
2001-08-05 14:00:00,30.644668880857424,60,496.8741910871987
2001-08-05 15:00:00,30.5083721860137,60,405.69607817392733
2001-08-05 16:00:00,30.108770495995177,60,286.87044797757164
2001-08-05 17:00:00,29.473096005603615,60,148.4950708273751
2001-08-05 18:00:00,28.644668880857424,60,7.02629951771401e-14
2001-08-05 19:00:00,27.679945061267507,60,0.0
2001-08-05 20:00:00,26.644668880857424,60,0.0
2001-08-05 21:00:00,25.60939270044734,60,0.0
2001-08-05 22:00:00,24.644668880857424,60,0.0
2001-08-05 23:00:00,23.816241756111236,60,0.0
2001-08-06 00:00:00,23.082148199958066,60,0.0
2001-08-06 01:00:00,22.682546509939545,60,0.0
2001-08-06 02:00:00,22.54624981509582,60,0.0
2001-08-06 03:00:00,22.682546509939545,60,0.0
2001-08-06 04:00:00,23.082148199958066,60,0.0
2001-08-06 05:00:00,23.717822690349628,60,0.0
2001-08-06 06:00:00,24.54624981509582,60,0.0
2001-08-06 07:00:00,25.510973634685737,60,148.09848292818737
2001-08-06 08:00:00,26.54624981509582,60,286.10429898913367
2001-08-06 09:00:00,27.581525995505903,60,404.6125798836798
2001-08-06 10:00:00,28.54624981509582,60,495.5471821130566
2001-08-06 11:00:00,29.37467693984201,60,552.7110628118672
2001-08-06 12:00:00,30.010351430233573,60,572.2085979782674
2001-08-06 13:00:00,30.409953120252094,60,552.7110628118672
2001-08-06 14:00:00,30.54624981509582,60,495.5471821130566
2001-08-06 15:00:00,30.409953120252094,60,404.61257988367987
2001-08-06 16:00:00,30.010351430233573,60,286.10429898913367
2001-08-06 17:00:00,29.37467693984201,60,148.09848292818754
2001-08-06 18:00:00,28.54624981509582,60,7.007534279586798e-14
2001-08-06 19:00:00,27.581525995505903,60,0.0
2001-08-06 20:00:00,26.54624981509582,60,0.0
2001-08-06 21:00:00,25.510973634685737,60,0.0
2001-08-06 22:00:00,24.54624981509582,60,0.0
2001-08-06 23:00:00,23.71782269034963,60,0.0
2001-08-07 00:00:00,22.982085660678376,60,0.0
2001-08-07 01:00:00,22.582483970659855,60,0.0
2001-08-07 02:00:00,22.44618727581613,60,0.0
2001-08-07 03:00:00,22.582483970659855,60,0.0
2001-08-07 04:00:00,22.982085660678376,60,0.0
2001-08-07 05:00:00,23.617760151069938,60,0.0
2001-08-07 06:00:00,24.44618727581613,60,0.0
2001-08-07 07:00:00,25.410911095406046,60,147.69092363162497
2001-08-07 08:00:00,26.44618727581613,60,285.316954888546
2001-08-07 09:00:00,27.481463456226212,60,403.49910717837435
2001-08-07 10:00:00,28.44618727581613,60,494.18346212779915
2001-08-07 11:00:00,29.27461440056232,60,551.1900308099994
2001-08-07 12:00:00,29.910288890953883,60,570.6339097770921
2001-08-07 13:00:00,30.309890580972404,60,551.1900308099994
2001-08-07 14:00:00,30.44618727581613,60,494.18346212779915
2001-08-07 15:00:00,30.309890580972404,60,403.4991071783744
2001-08-07 16:00:00,29.910288890953883,60,285.316954888546
2001-08-07 17:00:00,29.27461440056232,60,147.6909236316251
2001-08-07 18:00:00,28.44618727581613,60,6.988249910934554e-14
2001-08-07 19:00:00,27.481463456226212,60,0.0
2001-08-07 20:00:00,26.44618727581613,60,0.0
2001-08-07 21:00:00,25.410911095406046,60,0.0
2001-08-07 22:00:00,24.44618727581613,60,0.0
2001-08-07 23:00:00,23.61776015106994,60,0.0
2001-08-08 00:00:00,22.880409298570516,60,0.0
2001-08-08 01:00:00,22.480807608551995,60,0.0
2001-08-08 02:00:00,22.34451091370827,60,0.0
2001-08-08 03:00:00,22.480807608551995,60,0.0
2001-08-08 04:00:00,22.880409298570516,60,0.0
2001-08-08 05:00:00,23.516083788962078,60,0.0
2001-08-08 06:00:00,24.34451091370827,60,0.0
2001-08-08 07:00:00,25.309234733298187,60,147.27242313040082
2001-08-08 08:00:00,26.34451091370827,60,284.50847400365143
2001-08-08 09:00:00,27.379787094118353,60,402.355742546037
2001-08-08 10:00:00,28.34451091370827,60,492.78313215821345
2001-08-08 11:00:00,29.17293803845446,60,549.6281656764379
2001-08-08 12:00:00,29.808612528846023,60,569.0169480073029
2001-08-08 13:00:00,30.208214218864544,60,549.6281656764379
2001-08-08 14:00:00,30.34451091370827,60,492.78313215821345
2001-08-08 15:00:00,30.208214218864544,60,402.35574254603705
2001-08-08 16:00:00,29.808612528846023,60,284.50847400365143
2001-08-08 17:00:00,29.17293803845446,60,147.272423130401
2001-08-08 18:00:00,28.34451091370827,60,6.968447840377394e-14
2001-08-08 19:00:00,27.379787094118353,60,0.0
2001-08-08 20:00:00,26.34451091370827,60,0.0
2001-08-08 21:00:00,25.309234733298187,60,0.0
2001-08-08 22:00:00,24.34451091370827,60,0.0
2001-08-08 23:00:00,23.51608378896208,60,0.0
2001-08-09 00:00:00,22.77714924253493,60,0.0
2001-08-09 01:00:00,22.377547552516408,60,0.0
2001-08-09 02:00:00,22.241250857672682,60,0.0
2001-08-09 03:00:00,22.377547552516408,60,0.0
2001-08-09 04:00:00,22.77714924253493,60,0.0
2001-08-09 05:00:00,23.41282373292649,60,0.0
2001-08-09 06:00:00,24.241250857672682,60,0.0
2001-08-09 07:00:00,25.2059746772626,60,146.84301242777178
2001-08-09 08:00:00,26.241250857672682,60,283.6789162281427
2001-08-09 09:00:00,27.276527038082765,60,401.18257068914056
2001-08-09 10:00:00,28.241250857672682,60,491.3462959432186
2001-08-09 11:00:00,29.069677982418874,60,548.0255831169123
2001-08-09 12:00:00,29.705352472810436,60,567.3578324562856
2001-08-09 13:00:00,30.104954162828957,60,548.0255831169123
2001-08-09 14:00:00,30.241250857672682,60,491.3462959432186
2001-08-09 15:00:00,30.104954162828957,60,401.1825706891406
2001-08-09 16:00:00,29.705352472810436,60,283.6789162281427
2001-08-09 17:00:00,29.069677982418874,60,146.84301242777195
2001-08-09 18:00:00,28.241250857672682,60,6.948129534887704e-14
2001-08-09 19:00:00,27.276527038082765,60,0.0
2001-08-09 20:00:00,26.241250857672682,60,0.0
2001-08-09 21:00:00,25.2059746772626,60,0.0
2001-08-09 22:00:00,24.241250857672682,60,0.0
2001-08-09 23:00:00,23.412823732926494,60,0.0
2001-08-10 00:00:00,22.672336090754758,60,0.0
2001-08-10 01:00:00,22.272734400736237,60,0.0
2001-08-10 02:00:00,22.13643770589251,60,0.0
2001-08-10 03:00:00,22.272734400736237,60,0.0
2001-08-10 04:00:00,22.672336090754758,60,0.0
2001-08-10 05:00:00,23.30801058114632,60,0.0
2001-08-10 06:00:00,24.13643770589251,60,0.0
2001-08-10 07:00:00,25.10116152548243,60,146.4027233352416
2001-08-10 08:00:00,26.13643770589251,60,282.82834301712614
2001-08-10 09:00:00,27.171713886302594,60,399.9796785183297
2001-08-10 10:00:00,28.13643770589251,60,489.87305992618093
2001-08-10 11:00:00,28.964864830638703,60,546.3824018535713
2001-08-10 12:00:00,29.600539321030265,60,565.6566860342524
2001-08-10 13:00:00,30.000141011048786,60,546.3824018535713
2001-08-10 14:00:00,30.13643770589251,60,489.87305992618093
2001-08-10 15:00:00,30.000141011048786,60,399.97967851832976
2001-08-10 16:00:00,29.600539321030265,60,282.82834301712614
2001-08-10 17:00:00,28.964864830638703,60,146.40272333524177
2001-08-10 18:00:00,28.13643770589251,60,6.927296499681465e-14
2001-08-10 19:00:00,27.171713886302594,60,0.0
2001-08-10 20:00:00,26.13643770589251,60,0.0
2001-08-10 21:00:00,25.10116152548243,60,0.0
2001-08-10 22:00:00,24.13643770589251,60,0.0
2001-08-10 23:00:00,23.308010581146323,60,0.0
2001-08-11 00:00:00,22.56600090162892,60,0.0
2001-08-11 01:00:00,22.1663992116104,60,0.0
2001-08-11 02:00:00,22.030102516766675,60,0.0
2001-08-11 03:00:00,22.1663992116104,60,0.0
2001-08-11 04:00:00,22.56600090162892,60,0.0
2001-08-11 05:00:00,23.201675392020483,60,0.0
2001-08-11 06:00:00,24.030102516766675,60,0.0
2001-08-11 07:00:00,24.994826336356592,60,145.95158847020448
2001-08-11 08:00:00,26.030102516766675,60,281.9568173825686
2001-08-11 09:00:00,27.065378697176758,60,398.7471551459826
2001-08-11 10:00:00,28.030102516766675,60,488.3635332470285
2001-08-11 11:00:00,28.858529641512867,60,544.6987436161871
2001-08-11 12:00:00,29.49420413190443,60,563.9136347651373
2001-08-11 13:00:00,29.89380582192295,60,544.6987436161871
2001-08-11 14:00:00,30.030102516766675,60,488.3635332470285
2001-08-11 15:00:00,29.89380582192295,60,398.7471551459827
2001-08-11 16:00:00,29.49420413190443,60,281.9568173825686
2001-08-11 17:00:00,28.858529641512867,60,145.95158847020465
2001-08-11 18:00:00,28.030102516766675,60,6.90595027810675e-14
2001-08-11 19:00:00,27.065378697176758,60,0.0
2001-08-11 20:00:00,26.030102516766675,60,0.0
2001-08-11 21:00:00,24.994826336356592,60,0.0
2001-08-11 22:00:00,24.030102516766675,60,0.0
2001-08-11 23:00:00,23.201675392020487,60,0.0
2001-08-12 00:00:00,22.45817518456887,60,0.0
2001-08-12 01:00:00,22.058573494550348,60,0.0
2001-08-12 02:00:00,21.922276799706623,60,0.0
2001-08-12 03:00:00,22.058573494550348,60,0.0
2001-08-12 04:00:00,22.45817518456887,60,0.0
2001-08-12 05:00:00,23.09384967496043,60,0.0
2001-08-12 06:00:00,23.922276799706623,60,0.0
2001-08-12 07:00:00,24.88700061929654,60,145.4896412535286
2001-08-12 08:00:00,25.922276799706623,60,281.0644038886294
2001-08-12 09:00:00,26.957552980116706,60,397.485091879609
2001-08-12 10:00:00,27.922276799706623,60,486.81782773416575
2001-08-12 11:00:00,28.750703924452814,60,542.9747331331376
2001-08-12 12:00:00,29.386378414844376,60,562.1288077772589
2001-08-12 13:00:00,29.785980104862897,60,542.9747331331376
2001-08-12 14:00:00,29.922276799706623,60,486.81782773416575
2001-08-12 15:00:00,29.785980104862897,60,397.48509187960906
2001-08-12 16:00:00,29.386378414844376,60,281.0644038886294
2001-08-12 17:00:00,28.750703924452814,60,145.48964125352876
2001-08-12 18:00:00,27.922276799706623,60,6.884092451529379e-14
2001-08-12 19:00:00,26.957552980116706,60,0.0
2001-08-12 20:00:00,25.922276799706623,60,0.0
2001-08-12 21:00:00,24.88700061929654,60,0.0
2001-08-12 22:00:00,23.922276799706623,60,0.0
2001-08-12 23:00:00,23.093849674960435,60,0.0
2001-08-13 00:00:00,22.348890890661625,60,0.0
2001-08-13 01:00:00,21.949289200643104,60,0.0
2001-08-13 02:00:00,21.81299250579938,60,0.0
2001-08-13 03:00:00,21.949289200643104,60,0.0
2001-08-13 04:00:00,22.348890890661625,60,0.0
2001-08-13 05:00:00,22.984565381053187,60,0.0
2001-08-13 06:00:00,23.81299250579938,60,0.0
2001-08-13 07:00:00,24.777716325389296,60,145.0169159070802
2001-08-13 08:00:00,25.81299250579938,60,280.1511686468775
2001-08-13 09:00:00,26.84826868620946,60,396.1935822150864
2001-08-13 10:00:00,27.81299250579938,60,485.23605789618904
2001-08-13 11:00:00,28.64141963054557,60,541.2104981221667
2001-08-13 12:00:00,29.277094120937132,60,560.3023372937552
2001-08-13 13:00:00,29.676695810955653,60,541.2104981221667
2001-08-13 14:00:00,29.81299250579938,60,485.23605789618904
2001-08-13 15:00:00,29.676695810955653,60,396.19358221508645
2001-08-13 16:00:00,29.277094120937132,60,280.1511686468775
2001-08-13 17:00:00,28.64141963054557,60,145.01691590708035
2001-08-13 18:00:00,27.81299250579938,60,6.861724639215778e-14
2001-08-13 19:00:00,26.84826868620946,60,0.0
2001-08-13 20:00:00,25.81299250579938,60,0.0
2001-08-13 21:00:00,24.777716325389296,60,0.0
2001-08-13 22:00:00,23.81299250579938,60,0.0
2001-08-13 23:00:00,22.98456538105319,60,0.0
2001-08-14 00:00:00,22.238180403202033,60,0.0
2001-08-14 01:00:00,21.838578713183512,60,0.0
2001-08-14 02:00:00,21.702282018339787,60,0.0
2001-08-14 03:00:00,21.838578713183512,60,0.0
2001-08-14 04:00:00,22.238180403202033,60,0.0
2001-08-14 05:00:00,22.873854893593595,60,0.0
2001-08-14 06:00:00,23.702282018339787,60,0.0
2001-08-14 07:00:00,24.667005837929704,60,144.53344745118852
2001-08-14 08:00:00,25.702282018339787,60,279.2171793113938
2001-08-14 09:00:00,26.73755819874987,60,394.8727218297335
2001-08-14 10:00:00,27.702282018339787,60,483.6183409134037
2001-08-14 11:00:00,28.53070914308598,60,539.4061692809221
2001-08-14 12:00:00,29.16638363347754,60,558.4343586227877
2001-08-14 13:00:00,29.56598532349606,60,539.4061692809221
2001-08-14 14:00:00,29.702282018339787,60,483.6183409134037
2001-08-14 15:00:00,29.56598532349606,60,394.87272182973356
2001-08-14 16:00:00,29.16638363347754,60,279.2171793113938
2001-08-14 17:00:00,28.53070914308598,60,144.5334474511887
2001-08-14 18:00:00,27.702282018339787,60,6.83884849821302e-14
2001-08-14 19:00:00,26.73755819874987,60,0.0
2001-08-14 20:00:00,25.702282018339787,60,0.0
2001-08-14 21:00:00,24.667005837929704,60,0.0
2001-08-14 22:00:00,23.702282018339787,60,0.0
2001-08-14 23:00:00,22.8738548935936,60,0.0
2001-08-15 00:00:00,22.126076528096842,60,0.0
2001-08-15 01:00:00,21.72647483807832,60,0.0
2001-08-15 02:00:00,21.590178143234596,60,0.0
2001-08-15 03:00:00,21.72647483807832,60,0.0
2001-08-15 04:00:00,22.126076528096842,60,0.0
2001-08-15 05:00:00,22.761751018488404,60,0.0
2001-08-15 06:00:00,23.590178143234596,60,0.0
2001-08-15 07:00:00,24.554901962824513,60,144.03927170205128
2001-08-15 08:00:00,25.590178143234596,60,278.262505073759
2001-08-15 09:00:00,26.62545432364468,60,393.52260857522214
2001-08-15 10:00:00,27.590178143234596,60,481.96479662914317
2001-08-15 11:00:00,28.418605267980787,60,537.5618802772734
2001-08-15 12:00:00,29.05427975837235,60,556.5250101475181
2001-08-15 13:00:00,29.45388144839087,60,537.5618802772734
2001-08-15 14:00:00,29.590178143234596,60,481.96479662914317
2001-08-15 15:00:00,29.45388144839087,60,393.5226085752222
2001-08-15 16:00:00,29.05427975837235,60,278.262505073759
2001-08-15 17:00:00,28.418605267980787,60,144.03927170205145
2001-08-15 18:00:00,27.590178143234596,60,6.815465723226062e-14
2001-08-15 19:00:00,26.62545432364468,60,0.0
2001-08-15 20:00:00,25.590178143234596,60,0.0
2001-08-15 21:00:00,24.554901962824513,60,0.0
2001-08-15 22:00:00,23.590178143234596,60,0.0
2001-08-15 23:00:00,22.761751018488408,60,0.0
2001-08-16 00:00:00,22.01261248414366,60,0.0
2001-08-16 01:00:00,21.613010794125138,60,0.0
2001-08-16 02:00:00,21.476714099281413,60,0.0
2001-08-16 03:00:00,21.613010794125138,60,0.0
2001-08-16 04:00:00,22.01261248414366,60,0.0
2001-08-16 05:00:00,22.648286974535225,60,0.0
2001-08-16 06:00:00,23.476714099281413,60,0.0
2001-08-16 07:00:00,24.44143791887133,60,143.53442526908142
2001-08-16 08:00:00,25.476714099281413,60,277.28721665792796
2001-08-16 09:00:00,26.511990279691496,60,392.14334247032855
2001-08-16 10:00:00,27.476714099281413,60,480.2755475408905
2001-08-16 11:00:00,28.3051412240276,60,535.67776773941
2001-08-16 12:00:00,28.940815714419166,60,554.574433315856
2001-08-16 13:00:00,29.340417404437687,60,535.67776773941
2001-08-16 14:00:00,29.476714099281413,60,480.2755475408905
2001-08-16 15:00:00,29.340417404437687,60,392.1433424703286
2001-08-16 16:00:00,28.940815714419166,60,277.28721665792796
2001-08-16 17:00:00,28.305141224027604,60,143.5344252690816
2001-08-16 18:00:00,27.476714099281413,60,6.791578046492203e-14
2001-08-16 19:00:00,26.511990279691496,60,0.0
2001-08-16 20:00:00,25.476714099281413,60,0.0
2001-08-16 21:00:00,24.44143791887133,60,0.0
2001-08-16 22:00:00,23.476714099281413,60,0.0
2001-08-16 23:00:00,22.648286974535225,60,0.0
2001-08-17 00:00:00,21.897821893187455,60,0.0
2001-08-17 01:00:00,21.498220203168934,60,0.0
2001-08-17 02:00:00,21.36192350832521,60,0.0
2001-08-17 03:00:00,21.498220203168934,60,0.0
2001-08-17 04:00:00,21.897821893187455,60,0.0
2001-08-17 05:00:00,22.53349638357902,60,0.0
2001-08-17 06:00:00,23.36192350832521,60,0.0
2001-08-17 07:00:00,24.326647327915126,60,143.018945552195
2001-08-17 08:00:00,25.36192350832521,60,276.29138631499035
2001-08-17 09:00:00,26.39719968873529,60,390.73502569352354
2001-08-17 10:00:00,27.36192350832521,60,478.5507187912038
2001-08-17 11:00:00,28.190350633071397,60,533.7539712457186
2001-08-17 12:00:00,28.826025123462962,60,552.5827726299808
2001-08-17 13:00:00,29.225626813481483,60,533.7539712457186
2001-08-17 14:00:00,29.36192350832521,60,478.5507187912038
2001-08-17 15:00:00,29.225626813481483,60,390.7350256935236
2001-08-17 16:00:00,28.826025123462962,60,276.29138631499035
2001-08-17 17:00:00,28.1903506330714,60,143.01894555219513
2001-08-17 18:00:00,27.36192350832521,60,6.767187237652757e-14
2001-08-17 19:00:00,26.39719968873529,60,0.0
2001-08-17 20:00:00,25.36192350832521,60,0.0
2001-08-17 21:00:00,24.326647327915126,60,0.0
2001-08-17 22:00:00,23.36192350832521,60,0.0
2001-08-17 23:00:00,22.53349638357902,60,0.0
2001-08-18 00:00:00,21.781738770157713,60,0.0
2001-08-18 01:00:00,21.38213708013919,60,0.0
2001-08-18 02:00:00,21.245840385295466,60,0.0
2001-08-18 03:00:00,21.38213708013919,60,0.0
2001-08-18 04:00:00,21.781738770157713,60,0.0
2001-08-18 05:00:00,22.417413260549274,60,0.0
2001-08-18 06:00:00,23.245840385295466,60,0.0
2001-08-18 07:00:00,24.210564204885383,60,142.49287073904046
2001-08-18 08:00:00,25.245840385295466,60,275.2750878178181
2001-08-18 09:00:00,26.28111656570555,60,389.2977625754031
2001-08-18 10:00:00,27.245840385295466,60,476.7904381584455
2001-08-18 11:00:00,28.074267510041658,60,531.7906333144435
2001-08-18 12:00:00,28.70994200043322,60,550.5501756356363
2001-08-18 13:00:00,29.10954369045174,60,531.7906333144435
2001-08-18 14:00:00,29.245840385295466,60,476.7904381584455
2001-08-18 15:00:00,29.10954369045174,60,389.29776257540317
2001-08-18 16:00:00,28.70994200043322,60,275.2750878178181
2001-08-18 17:00:00,28.074267510041658,60,142.4928707390406
2001-08-18 18:00:00,27.245840385295466,60,6.74229510362195e-14
2001-08-18 19:00:00,26.28111656570555,60,0.0
2001-08-18 20:00:00,25.245840385295466,60,0.0
2001-08-18 21:00:00,24.210564204885383,60,0.0
2001-08-18 22:00:00,23.245840385295466,60,0.0
2001-08-18 23:00:00,22.417413260549278,60,0.0
2001-08-19 00:00:00,21.66439751298907,60,0.0
2001-08-19 01:00:00,21.264795822970548,60,0.0
2001-08-19 02:00:00,21.128499128126823,60,0.0
2001-08-19 03:00:00,21.264795822970548,60,0.0
2001-08-19 04:00:00,21.66439751298907,60,0.0
2001-08-19 05:00:00,22.300072003380635,60,0.0
2001-08-19 06:00:00,23.128499128126823,60,0.0
2001-08-19 07:00:00,24.09322294771674,60,141.95623980216988
2001-08-19 08:00:00,25.128499128126823,60,274.2383964556001
2001-08-19 09:00:00,26.163775308536906,60,387.8316595909594
2001-08-19 10:00:00,27.128499128126823,60,474.9948360473162
2001-08-19 11:00:00,27.95692625287301,60,529.7878993931294
2001-08-19 12:00:00,28.592600743264576,60,548.4767929112003
2001-08-19 13:00:00,28.992202433283097,60,529.7878993931294
2001-08-19 14:00:00,29.128499128126823,60,474.9948360473162
2001-08-19 15:00:00,28.992202433283097,60,387.8316595909595
2001-08-19 16:00:00,28.592600743264576,60,274.2383964556001
2001-08-19 17:00:00,27.956926252873014,60,141.95623980217005
2001-08-19 18:00:00,27.128499128126823,60,6.716903488453071e-14
2001-08-19 19:00:00,26.163775308536906,60,0.0
2001-08-19 20:00:00,25.128499128126823,60,0.0
2001-08-19 21:00:00,24.09322294771674,60,0.0
2001-08-19 22:00:00,23.128499128126823,60,0.0
2001-08-19 23:00:00,22.300072003380635,60,0.0
2001-08-20 00:00:00,21.545832892428454,60,0.0
2001-08-20 01:00:00,21.146231202409933,60,0.0
2001-08-20 02:00:00,21.009934507566207,60,0.0
2001-08-20 03:00:00,21.146231202409933,60,0.0
2001-08-20 04:00:00,21.545832892428454,60,0.0
2001-08-20 05:00:00,22.181507382820016,60,0.0
2001-08-20 06:00:00,23.009934507566207,60,0.0
2001-08-20 07:00:00,23.974658327156124,60,141.40909249615152
2001-08-20 08:00:00,25.009934507566207,60,273.18138902826485
2001-08-20 09:00:00,26.04521068797629,60,386.3368253516928
2001-08-20 10:00:00,27.009934507566207,60,473.1640454791939
2001-08-20 11:00:00,27.8383616323124,60,527.7459178478443
2001-08-20 12:00:00,28.47403612270396,60,546.3627780565298
2001-08-20 13:00:00,28.87363781272248,60,527.7459178478443
2001-08-20 14:00:00,29.009934507566207,60,473.1640454791939
2001-08-20 15:00:00,28.87363781272248,60,386.3368253516929
2001-08-20 16:00:00,28.47403612270396,60,273.18138902826485
2001-08-20 17:00:00,27.8383616323124,60,141.4090924961517
2001-08-20 18:00:00,27.009934507566207,60,6.691014273201849e-14
2001-08-20 19:00:00,26.04521068797629,60,0.0
2001-08-20 20:00:00,25.009934507566207,60,0.0
2001-08-20 21:00:00,23.974658327156124,60,0.0
2001-08-20 22:00:00,23.009934507566207,60,0.0
2001-08-20 23:00:00,22.18150738282002,60,0.0
2001-08-21 00:00:00,21.426080041731765,60,0.0
2001-08-21 01:00:00,21.026478351713244,60,0.0
2001-08-21 02:00:00,20.89018165686952,60,0.0
2001-08-21 03:00:00,21.026478351713244,60,0.0
2001-08-21 04:00:00,21.426080041731765,60,0.0
2001-08-21 05:00:00,22.06175453212333,60,0.0
2001-08-21 06:00:00,22.89018165686952,60,0.0
2001-08-21 07:00:00,23.854905476459436,60,140.85146935462484
2001-08-21 08:00:00,24.89018165686952,60,272.1041438407907
2001-08-21 09:00:00,25.925457837279602,60,384.8133705975657
2001-08-21 10:00:00,26.89018165686952,60,471.2982020822796
2001-08-21 11:00:00,27.718608781615707,60,525.6648399521906
2001-08-21 12:00:00,28.354283272007272,60,544.2082876815815
2001-08-21 13:00:00,28.753884962025793,60,525.6648399521906
2001-08-21 14:00:00,28.89018165686952,60,471.2982020822796
2001-08-21 15:00:00,28.753884962025793,60,384.8133705975658
2001-08-21 16:00:00,28.354283272007272,60,272.1041438407907
2001-08-21 17:00:00,27.71860878161571,60,140.85146935462498
2001-08-21 18:00:00,26.89018165686952,60,6.664629375787107e-14
2001-08-21 19:00:00,25.925457837279602,60,0.0
2001-08-21 20:00:00,24.89018165686952,60,0.0
2001-08-21 21:00:00,23.854905476459436,60,0.0
2001-08-21 22:00:00,22.89018165686952,60,0.0
2001-08-21 23:00:00,22.06175453212333,60,0.0
2001-08-22 00:00:00,21.305174446253158,60,0.0
2001-08-22 01:00:00,20.905572756234637,60,0.0
2001-08-22 02:00:00,20.76927606139091,60,0.0
2001-08-22 03:00:00,20.905572756234637,60,0.0
2001-08-22 04:00:00,21.305174446253158,60,0.0
2001-08-22 05:00:00,21.94084893664472,60,0.0
2001-08-22 06:00:00,22.76927606139091,60,0.0
2001-08-22 07:00:00,23.73399988098083,60,140.28341168729781
2001-08-22 08:00:00,24.76927606139091,60,271.0067406974053
2001-08-22 09:00:00,25.804552241800994,60,383.26140818879924
2001-08-22 10:00:00,26.76927606139091,60,469.39744408155025
2001-08-22 11:00:00,27.597703186137103,60,523.544819876097
2001-08-22 12:00:00,28.233377676528665,60,542.0134813948107
2001-08-22 13:00:00,28.632979366547186,60,523.544819876097
2001-08-22 14:00:00,28.76927606139091,60,469.39744408155025
2001-08-22 15:00:00,28.632979366547186,60,383.2614081887993
2001-08-22 16:00:00,28.233377676528665,60,271.0067406974053
2001-08-22 17:00:00,27.597703186137103,60,140.28341168729796
2001-08-22 18:00:00,26.76927606139091,60,6.637750750848683e-14
2001-08-22 19:00:00,25.804552241800994,60,0.0
2001-08-22 20:00:00,24.76927606139091,60,0.0
2001-08-22 21:00:00,23.73399988098083,60,0.0
2001-08-22 22:00:00,22.76927606139091,60,0.0
2001-08-22 23:00:00,21.940848936644723,60,0.0
2001-08-23 00:00:00,21.183151932929917,60,0.0
2001-08-23 01:00:00,20.783550242911396,60,0.0
2001-08-23 02:00:00,20.64725354806767,60,0.0
2001-08-23 03:00:00,20.783550242911396,60,0.0
2001-08-23 04:00:00,21.183151932929917,60,0.0
2001-08-23 05:00:00,21.818826423321482,60,0.0
2001-08-23 06:00:00,22.64725354806767,60,0.0
2001-08-23 07:00:00,23.611977367657587,60,139.70496157688638
2001-08-23 08:00:00,24.64725354806767,60,269.889260895673
2001-08-23 09:00:00,25.682529728477753,60,381.6810530975113
2001-08-23 10:00:00,26.64725354806767,60,467.46191228851785
2001-08-23 11:00:00,27.47568067281386,60,521.3860146743978
2001-08-23 12:00:00,28.111355163205424,60,539.7785217913461
2001-08-23 13:00:00,28.510956853223945,60,521.3860146743978
2001-08-23 14:00:00,28.64725354806767,60,467.46191228851785
2001-08-23 15:00:00,28.510956853223945,60,381.6810530975114
2001-08-23 16:00:00,28.111355163205424,60,269.889260895673
2001-08-23 17:00:00,27.475680672813862,60,139.70496157688652
2001-08-23 18:00:00,26.64725354806767,60,6.610380389602618e-14
2001-08-23 19:00:00,25.682529728477753,60,0.0
2001-08-23 20:00:00,24.64725354806767,60,0.0
2001-08-23 21:00:00,23.611977367657587,60,0.0
2001-08-23 22:00:00,22.64725354806767,60,0.0
2001-08-23 23:00:00,21.818826423321482,60,0.0
2001-08-24 00:00:00,21.060048659666208,60,0.0
2001-08-24 01:00:00,20.660446969647687,60,0.0
2001-08-24 02:00:00,20.52415027480396,60,0.0
2001-08-24 03:00:00,20.660446969647687,60,0.0
2001-08-24 04:00:00,21.060048659666208,60,0.0
2001-08-24 05:00:00,21.695723150057773,60,0.0
2001-08-24 06:00:00,22.52415027480396,60,0.0
2001-08-24 07:00:00,23.48887409439388,60,139.11616187599716
2001-08-24 08:00:00,24.52415027480396,60,268.75178722047264
2001-08-24 09:00:00,25.559426455214044,60,380.0724223992007
2001-08-24 10:00:00,26.52415027480396,60,465.4917500907988
2001-08-24 11:00:00,27.35257739955015,60,519.1885842751979
2001-08-24 12:00:00,27.988251889941715,60,537.5035744409454
2001-08-24 13:00:00,28.387853579960236,60,519.1885842751979
2001-08-24 14:00:00,28.52415027480396,60,465.4917500907988
2001-08-24 15:00:00,28.387853579960236,60,380.0724223992007
2001-08-24 16:00:00,27.988251889941715,60,268.75178722047264
2001-08-24 17:00:00,27.352577399550153,60,139.1161618759973
2001-08-24 18:00:00,26.52415027480396,60,6.582520319693648e-14
2001-08-24 19:00:00,25.559426455214044,60,0.0
2001-08-24 20:00:00,24.52415027480396,60,0.0
2001-08-24 21:00:00,23.48887409439388,60,0.0
2001-08-24 22:00:00,22.52415027480396,60,0.0
2001-08-24 23:00:00,21.695723150057773,60,0.0
2001-08-25 00:00:00,20.93590110461868,60,0.0
2001-08-25 01:00:00,20.53629941460016,60,0.0
2001-08-25 02:00:00,20.400002719756433,60,0.0
2001-08-25 03:00:00,20.53629941460016,60,0.0
2001-08-25 04:00:00,20.93590110461868,60,0.0
2001-08-25 05:00:00,21.571575595010245,60,0.0
2001-08-25 06:00:00,22.400002719756433,60,0.0
2001-08-25 07:00:00,23.36472653934635,60,138.51705620395265
2001-08-25 08:00:00,24.400002719756433,60,267.5944039378645
2001-08-25 09:00:00,25.435278900166516,60,378.43563526407235
2001-08-25 10:00:00,26.400002719756433,60,463.48710344149066
2001-08-25 11:00:00,27.22842984450262,60,516.952691468025
2001-08-25 12:00:00,27.864104334894186,60,535.1888078757291
2001-08-25 13:00:00,28.263706024912707,60,516.952691468025
2001-08-25 14:00:00,28.400002719756433,60,463.48710344149066
2001-08-25 15:00:00,28.263706024912707,60,378.4356352640724
2001-08-25 16:00:00,27.864104334894186,60,267.5944039378645
2001-08-25 17:00:00,27.228429844502624,60,138.5170562039528
2001-08-25 18:00:00,26.400002719756433,60,6.554172605044994e-14
2001-08-25 19:00:00,25.435278900166516,60,0.0
2001-08-25 20:00:00,24.400002719756433,60,0.0
2001-08-25 21:00:00,23.36472653934635,60,0.0
2001-08-25 22:00:00,22.400002719756433,60,0.0
2001-08-25 23:00:00,21.571575595010245,60,0.0
2001-08-26 00:00:00,20.810746055387217,60,0.0
2001-08-26 01:00:00,20.411144365368695,60,0.0
2001-08-26 02:00:00,20.27484767052497,60,0.0
2001-08-26 03:00:00,20.411144365368695,60,0.0
2001-08-26 04:00:00,20.810746055387217,60,0.0
2001-08-26 05:00:00,21.44642054577878,60,0.0
2001-08-26 06:00:00,22.27484767052497,60,0.0
2001-08-26 07:00:00,23.239571490114887,60,137.90768894355998
2001-08-26 08:00:00,24.27484767052497,60,266.4171967888479
2001-08-26 09:00:00,25.310123850935053,60,376.77081294821056
2001-08-26 10:00:00,26.27484767052497,60,461.44812084836065
2001-08-26 11:00:00,27.10327479527116,60,514.6785018917706
2001-08-26 12:00:00,27.738949285662724,60,532.8343935776959
2001-08-26 13:00:00,28.138550975681245,60,514.6785018917706
2001-08-26 14:00:00,28.27484767052497,60,461.44812084836065
2001-08-26 15:00:00,28.138550975681245,60,376.7708129482106
2001-08-26 16:00:00,27.738949285662724,60,266.4171967888479
2001-08-26 17:00:00,27.10327479527116,60,137.90768894356012
2001-08-26 18:00:00,26.27484767052497,60,6.525339345705464e-14
2001-08-26 19:00:00,25.310123850935053,60,0.0
2001-08-26 20:00:00,24.27484767052497,60,0.0
2001-08-26 21:00:00,23.239571490114887,60,0.0
2001-08-26 22:00:00,22.27484767052497,60,0.0
2001-08-26 23:00:00,21.446420545778782,60,0.0
2001-08-27 00:00:00,20.68462059811398,60,0.0
2001-08-27 01:00:00,20.28501890809546,60,0.0
2001-08-27 02:00:00,20.148722213251734,60,0.0
2001-08-27 03:00:00,20.28501890809546,60,0.0
2001-08-27 04:00:00,20.68462059811398,60,0.0
2001-08-27 05:00:00,21.320295088505546,60,0.0
2001-08-27 06:00:00,22.148722213251734,60,0.0
2001-08-27 07:00:00,23.11344603284165,60,137.2881052378228
2001-08-27 08:00:00,24.148722213251734,60,265.22025298300906
2001-08-27 09:00:00,25.183998393661817,60,375.07807878459477
2001-08-27 10:00:00,26.148722213251734,60,459.37495336284286
2001-08-27 11:00:00,26.977149337997922,60,512.3661840224175
2001-08-27 12:00:00,27.612823828389487,60,530.4405059660182
2001-08-27 13:00:00,28.01242551840801,60,512.3661840224175
2001-08-27 14:00:00,28.148722213251734,60,459.37495336284286
2001-08-27 15:00:00,28.01242551840801,60,375.0780787845948
2001-08-27 16:00:00,27.612823828389487,60,265.22025298300906
2001-08-27 17:00:00,26.977149337997925,60,137.28810523782295
2001-08-27 18:00:00,26.148722213251734,60,6.496022677693867e-14
2001-08-27 19:00:00,25.183998393661817,60,0.0
2001-08-27 20:00:00,24.148722213251734,60,0.0
2001-08-27 21:00:00,23.11344603284165,60,0.0
2001-08-27 22:00:00,22.148722213251734,60,0.0
2001-08-27 23:00:00,21.320295088505546,60,0.0
2001-08-28 00:00:00,20.557562106493965,60,0.0
2001-08-28 01:00:00,20.157960416475444,60,0.0
2001-08-28 02:00:00,20.021663721631718,60,0.0
2001-08-28 03:00:00,20.157960416475444,60,0.0
2001-08-28 04:00:00,20.557562106493965,60,0.0
2001-08-28 05:00:00,21.193236596885527,60,0.0
2001-08-28 06:00:00,22.021663721631718,60,0.0
2001-08-28 07:00:00,22.986387541221635,60,136.65835098659716
2001-08-28 08:00:00,24.021663721631718,60,264.0036611920607
2001-08-28 09:00:00,25.0569399020418,60,373.3575581739638
2001-08-28 10:00:00,26.021663721631718,60,457.26775456884906
2001-08-28 11:00:00,26.85009084637791,60,510.01590916056097
2001-08-28 12:00:00,27.48576533676947,60,528.0073223841215
2001-08-28 13:00:00,27.885367026787993,60,510.01590916056097
2001-08-28 14:00:00,28.021663721631718,60,457.26775456884906
2001-08-28 15:00:00,27.885367026787993,60,373.3575581739638
2001-08-28 16:00:00,27.48576533676947,60,264.0036611920607
2001-08-28 17:00:00,26.85009084637791,60,136.6583509865973
2001-08-28 18:00:00,26.021663721631718,60,6.46622477284079e-14
2001-08-28 19:00:00,25.0569399020418,60,0.0
2001-08-28 20:00:00,24.021663721631718,60,0.0
2001-08-28 21:00:00,22.986387541221635,60,0.0
2001-08-28 22:00:00,22.021663721631718,60,0.0
2001-08-28 23:00:00,21.19323659688553,60,0.0
2001-08-29 00:00:00,20.42960823070039,60,0.0
2001-08-29 01:00:00,20.030006540681867,60,0.0
2001-08-29 02:00:00,19.893709845838142,60,0.0
2001-08-29 03:00:00,20.030006540681867,60,0.0
2001-08-29 04:00:00,20.42960823070039,60,0.0
2001-08-29 05:00:00,21.065282721091954,60,0.0
2001-08-29 06:00:00,21.893709845838142,60,0.0
2001-08-29 07:00:00,22.85843366542806,60,136.01847284319095
2001-08-29 08:00:00,23.893709845838142,60,262.7675115432728
2001-08-29 09:00:00,24.928986026248225,60,371.6093785755252
2001-08-29 10:00:00,25.893709845838142,60,455.12668057139007
2001-08-29 11:00:00,26.72213697058433,60,507.6278514187162
2001-08-29 12:00:00,27.357811460975896,60,525.5350230865457
2001-08-29 13:00:00,27.757413150994417,60,507.6278514187162
2001-08-29 14:00:00,27.893709845838142,60,455.12668057139007
2001-08-29 15:00:00,27.757413150994417,60,371.6093785755253
2001-08-29 16:00:00,27.357811460975896,60,262.7675115432728
2001-08-29 17:00:00,26.722136970584334,60,136.01847284319112
2001-08-29 18:00:00,25.893709845838142,60,6.435947838627686e-14
2001-08-29 19:00:00,24.928986026248225,60,0.0
2001-08-29 20:00:00,23.893709845838142,60,0.0
2001-08-29 21:00:00,22.85843366542806,60,0.0
2001-08-29 22:00:00,21.893709845838142,60,0.0
2001-08-29 23:00:00,21.065282721091954,60,0.0
2001-08-30 00:00:00,20.300796886228113,60,0.0
2001-08-30 01:00:00,19.901195196209592,60,0.0
2001-08-30 02:00:00,19.764898501365867,60,0.0
2001-08-30 03:00:00,19.901195196209592,60,0.0
2001-08-30 04:00:00,20.300796886228113,60,0.0
2001-08-30 05:00:00,20.93647137661968,60,0.0
2001-08-30 06:00:00,21.764898501365867,60,0.0
2001-08-30 07:00:00,22.729622320955784,60,135.36851821090818
2001-08-30 08:00:00,23.764898501365867,60,261.51189561279654
2001-08-30 09:00:00,24.80017468177595,60,369.833669497514
2001-08-30 10:00:00,25.764898501365867,60,452.95188998501226
2001-08-30 11:00:00,26.593325626112055,60,505.2021877084222
2001-08-30 12:00:00,27.22900011650362,60,523.0237912255932
2001-08-30 13:00:00,27.62860180652214,60,505.2021877084222
2001-08-30 14:00:00,27.764898501365867,60,452.95188998501226
2001-08-30 15:00:00,27.62860180652214,60,369.83366949751405
2001-08-30 16:00:00,27.22900011650362,60,261.51189561279654
2001-08-30 17:00:00,26.59332562611206,60,135.36851821090835
2001-08-30 18:00:00,25.764898501365867,60,6.405194118023361e-14
2001-08-30 19:00:00,24.80017468177595,60,0.0
2001-08-30 20:00:00,23.764898501365867,60,0.0
2001-08-30 21:00:00,22.729622320955784,60,0.0
2001-08-30 22:00:00,21.764898501365867,60,0.0
2001-08-30 23:00:00,20.93647137661968,60,0.0
2001-08-31 00:00:00,20.17116624265849,60,0.0
2001-08-31 01:00:00,19.77156455263997,60,0.0
2001-08-31 02:00:00,19.635267857796244,60,0.0
2001-08-31 03:00:00,19.77156455263997,60,0.0
2001-08-31 04:00:00,20.17116624265849,60,0.0
2001-08-31 05:00:00,20.806840733050052,60,0.0
2001-08-31 06:00:00,21.635267857796244,60,0.0
2001-08-31 07:00:00,22.59999167738616,60,134.70853523953664
2001-08-31 08:00:00,23.635267857796244,60,260.236906418879
2001-08-31 09:00:00,24.670544038206327,60,368.0305624875967
2001-08-31 10:00:00,25.635267857796244,60,450.74354392204583
2001-08-31 11:00:00,26.463694982542435,60,502.73909772713336
2001-08-31 12:00:00,27.099369472933997,60,520.473812837758
2001-08-31 13:00:00,27.498971162952518,60,502.73909772713336
2001-08-31 14:00:00,27.635267857796244,60,450.74354392204583
2001-08-31 15:00:00,27.498971162952518,60,368.03056248759674
2001-08-31 16:00:00,27.099369472933997,60,260.236906418879
2001-08-31 17:00:00,26.463694982542435,60,134.70853523953681
2001-08-31 18:00:00,25.635267857796244,60,6.37396588931779e-14
2001-08-31 19:00:00,24.670544038206327,60,0.0
2001-08-31 20:00:00,23.635267857796244,60,0.0
2001-08-31 21:00:00,22.59999167738616,60,0.0
2001-08-31 22:00:00,21.635267857796244,60,0.0
2001-08-31 23:00:00,20.806840733050056,60,0.0
2001-09-01 00:00:00,20.04075471234886,60,0.0
2001-09-01 01:00:00,19.64115302233034,60,0.0
2001-09-01 02:00:00,19.504856327486614,60,0.0
2001-09-01 03:00:00,19.64115302233034,60,0.0
2001-09-01 04:00:00,20.04075471234886,60,0.0
2001-09-01 05:00:00,20.676429202740422,60,0.0
2001-09-01 06:00:00,21.504856327486614,60,0.0
2001-09-01 07:00:00,22.46958014707653,60,134.03857282178146
2001-09-01 08:00:00,23.504856327486614,60,258.9426384149734
2001-09-01 09:00:00,24.540132507896697,60,366.2001911231278
2001-09-01 10:00:00,25.504856327486614,60,448.5018059806705
2001-09-01 11:00:00,26.333283452232806,60,500.23876394490924
2001-09-01 12:00:00,26.968957942624368,60,517.8852768299469
2001-09-01 13:00:00,27.36855963264289,60,500.23876394490924
2001-09-01 14:00:00,27.504856327486614,60,448.5018059806705
2001-09-01 15:00:00,27.36855963264289,60,366.2001911231278
2001-09-01 16:00:00,26.968957942624368,60,258.9426384149734
2001-09-01 17:00:00,26.333283452232806,60,134.0385728217816
2001-09-01 18:00:00,25.504856327486614,60,6.342265465953353e-14
2001-09-01 19:00:00,24.540132507896697,60,0.0
2001-09-01 20:00:00,23.504856327486614,60,0.0
2001-09-01 21:00:00,22.46958014707653,60,0.0
2001-09-01 22:00:00,21.504856327486614,60,0.0
2001-09-01 23:00:00,20.676429202740426,60,0.0
2001-09-02 00:00:00,19.909600939050172,60,0.0
2001-09-02 01:00:00,19.50999924903165,60,0.0
2001-09-02 02:00:00,19.373702554187926,60,0.0
2001-09-02 03:00:00,19.50999924903165,60,0.0
2001-09-02 04:00:00,19.909600939050172,60,0.0
2001-09-02 05:00:00,20.545275429441737,60,0.0
2001-09-02 06:00:00,21.373702554187926,60,0.0
2001-09-02 07:00:00,22.338426373777843,60,133.35868058964257
2001-09-02 08:00:00,23.373702554187926,60,257.62918748274086
2001-09-02 09:00:00,24.40897873459801,60,364.34269100125294
2001-09-02 10:00:00,25.373702554187926,60,446.2268422327951
2001-09-02 11:00:00,26.202129678934114,60,497.7013715908956
2001-09-02 12:00:00,26.83780416932568,60,515.2583749654818
2001-09-02 13:00:00,27.2374058593442,60,497.7013715908956
2001-09-02 14:00:00,27.373702554187926,60,446.2268422327951
2001-09-02 15:00:00,27.2374058593442,60,364.342691001253
2001-09-02 16:00:00,26.83780416932568,60,257.62918748274086
2001-09-02 17:00:00,26.202129678934117,60,133.35868058964272
2001-09-02 18:00:00,25.373702554187926,60,6.31009519635344e-14
2001-09-02 19:00:00,24.40897873459801,60,0.0
2001-09-02 20:00:00,23.373702554187926,60,0.0
2001-09-02 21:00:00,22.338426373777843,60,0.0
2001-09-02 22:00:00,21.373702554187926,60,0.0
2001-09-02 23:00:00,20.545275429441737,60,0.0
2001-09-03 00:00:00,19.777743786455975,60,0.0
2001-09-03 01:00:00,19.378142096437454,60,0.0
2001-09-03 02:00:00,19.24184540159373,60,0.0
2001-09-03 03:00:00,19.378142096437454,60,0.0
2001-09-03 04:00:00,19.777743786455975,60,0.0
2001-09-03 05:00:00,20.413418276847537,60,0.0
2001-09-03 06:00:00,21.24184540159373,60,0.0
2001-09-03 07:00:00,22.206569221183646,60,132.6689089107383
2001-09-03 08:00:00,23.24184540159373,60,256.29665092494804
2001-09-03 09:00:00,24.27712158200381,60,362.45819972886443
2001-09-03 10:00:00,25.24184540159373,60,443.918821211755
2001-09-03 11:00:00,26.07027252633992,60,495.12710863960274
2001-09-03 12:00:00,26.705947016731482,60,512.5933018498962
2001-09-03 13:00:00,27.105548706750003,60,495.12710863960274
2001-09-03 14:00:00,27.24184540159373,60,443.918821211755
2001-09-03 15:00:00,27.105548706750003,60,362.4581997288645
2001-09-03 16:00:00,26.705947016731482,60,256.29665092494804
2001-09-03 17:00:00,26.07027252633992,60,132.66890891073845
2001-09-03 18:00:00,25.24184540159373,60,6.277457463748484e-14
2001-09-03 19:00:00,24.27712158200381,60,0.0
2001-09-03 20:00:00,23.24184540159373,60,0.0
2001-09-03 21:00:00,22.206569221183646,60,0.0
2001-09-03 22:00:00,21.24184540159373,60,0.0
2001-09-03 23:00:00,20.41341827684754,60,0.0
2001-09-04 00:00:00,19.6452223266863,60,0.0
2001-09-04 01:00:00,19.24562063666778,60,0.0
2001-09-04 02:00:00,19.109323941824055,60,0.0
2001-09-04 03:00:00,19.24562063666778,60,0.0
2001-09-04 04:00:00,19.6452223266863,60,0.0
2001-09-04 05:00:00,20.280896817077867,60,0.0
2001-09-04 06:00:00,21.109323941824055,60,0.0
2001-09-04 07:00:00,22.074047761413972,60,131.96930888457376
2001-09-04 08:00:00,23.109323941824055,60,254.94512745825833
2001-09-04 09:00:00,24.144600122234138,60,360.5468569124063
2001-09-04 10:00:00,25.109323941824055,60,441.5779138998268
2001-09-04 11:00:00,25.937751066570243,60,492.5161657969801
2001-09-04 12:00:00,26.57342555696181,60,509.89025491651677
2001-09-04 13:00:00,26.97302724698033,60,492.5161657969801
2001-09-04 14:00:00,27.109323941824055,60,441.5779138998268
2001-09-04 15:00:00,26.97302724698033,60,360.5468569124064
2001-09-04 16:00:00,26.57342555696181,60,254.94512745825833
2001-09-04 17:00:00,25.937751066570247,60,131.9693088845739
2001-09-04 18:00:00,25.109323941824055,60,6.244354685999402e-14
2001-09-04 19:00:00,24.144600122234138,60,0.0
2001-09-04 20:00:00,23.109323941824055,60,0.0
2001-09-04 21:00:00,22.074047761413972,60,0.0
2001-09-04 22:00:00,21.109323941824055,60,0.0
2001-09-04 23:00:00,20.280896817077867,60,0.0
2001-09-05 00:00:00,19.51207582870973,60,0.0
2001-09-05 01:00:00,19.11247413869121,60,0.0
2001-09-05 02:00:00,18.976177443847483,60,0.0
2001-09-05 03:00:00,19.11247413869121,60,0.0
2001-09-05 04:00:00,19.51207582870973,60,0.0
2001-09-05 05:00:00,20.14775031910129,60,0.0
2001-09-05 06:00:00,20.976177443847483,60,0.0
2001-09-05 07:00:00,21.9409012634374,60,131.2599323387554
2001-09-05 08:00:00,22.976177443847483,60,253.57471720591894
2001-09-05 09:00:00,24.011453624257566,60,358.60880414753285
2001-09-05 10:00:00,24.976177443847483,60,439.2042937155617
2001-09-05 11:00:00,25.804604568593675,60,489.86873648628824
2001-09-05 12:00:00,26.440279058985237,60,507.149434411838
2001-09-05 13:00:00,26.839880749003758,60,489.86873648628824
2001-09-05 14:00:00,26.976177443847483,60,439.2042937155617
2001-09-05 15:00:00,26.839880749003758,60,358.60880414753285
2001-09-05 16:00:00,26.440279058985237,60,253.57471720591894
2001-09-05 17:00:00,25.804604568593675,60,131.25993233875553
2001-09-05 18:00:00,24.976177443847483,60,6.210789315418479e-14
2001-09-05 19:00:00,24.011453624257566,60,0.0
2001-09-05 20:00:00,22.976177443847483,60,0.0
2001-09-05 21:00:00,21.9409012634374,60,0.0
2001-09-05 22:00:00,20.976177443847483,60,0.0
2001-09-05 23:00:00,20.147750319101295,60,0.0
2001-09-06 00:00:00,19.378343746707145,60,0.0
2001-09-06 01:00:00,18.978742056688624,60,0.0
2001-09-06 02:00:00,18.8424453618449,60,0.0
2001-09-06 03:00:00,18.978742056688624,60,0.0
2001-09-06 04:00:00,19.378343746707145,60,0.0
2001-09-06 05:00:00,20.01401823709871,60,0.0
2001-09-06 06:00:00,20.8424453618449,60,0.0
2001-09-06 07:00:00,21.807169181434816,60,130.54083182515146
2001-09-06 08:00:00,22.8424453618449,60,252.18552169034342
2001-09-06 09:00:00,23.87772154225498,60,356.644185008618
2001-09-06 10:00:00,24.8424453618449,60,436.798136500938
2001-09-06 11:00:00,25.670872486591087,60,487.1850168337695
2001-09-06 12:00:00,26.306546976982652,60,504.3710433806869
2001-09-06 13:00:00,26.706148667001173,60,487.1850168337695
2001-09-06 14:00:00,26.8424453618449,60,436.798136500938
2001-09-06 15:00:00,26.706148667001173,60,356.6441850086181
2001-09-06 16:00:00,26.306546976982652,60,252.18552169034342
2001-09-06 17:00:00,25.67087248659109,60,130.5408318251516
2001-09-06 18:00:00,24.8424453618449,60,6.176763838587691e-14
2001-09-06 19:00:00,23.87772154225498,60,0.0
2001-09-06 20:00:00,22.8424453618449,60,0.0
2001-09-06 21:00:00,21.807169181434816,60,0.0
2001-09-06 22:00:00,20.8424453618449,60,0.0
2001-09-06 23:00:00,20.01401823709871,60,0.0
2001-09-07 00:00:00,19.244065708380614,60,0.0
2001-09-07 01:00:00,18.844464018362093,60,0.0
2001-09-07 02:00:00,18.708167323518367,60,0.0
2001-09-07 03:00:00,18.844464018362093,60,0.0
2001-09-07 04:00:00,19.244065708380614,60,0.0
2001-09-07 05:00:00,19.879740198772176,60,0.0
2001-09-07 06:00:00,20.708167323518367,60,0.0
2001-09-07 07:00:00,21.672891143108284,60,129.81206061599912
2001-09-07 08:00:00,22.708167323518367,60,250.7776438255911
2001-09-07 09:00:00,23.74344350392845,60,354.65314503812044
2001-09-07 10:00:00,24.708167323518367,60,434.3596205083354
2001-09-07 11:00:00,25.53659444826456,60,484.4652056541196
2001-09-07 12:00:00,26.17226893865612,60,501.5552876511823
2001-09-07 13:00:00,26.571870628674642,60,484.4652056541196
2001-09-07 14:00:00,26.708167323518367,60,434.3596205083354
2001-09-07 15:00:00,26.571870628674642,60,354.6531450381205
2001-09-07 16:00:00,26.17226893865612,60,250.7776438255911
2001-09-07 17:00:00,25.53659444826456,60,129.81206061599926
2001-09-07 18:00:00,24.708167323518367,60,6.142280776174504e-14
2001-09-07 19:00:00,23.74344350392845,60,0.0
2001-09-07 20:00:00,22.708167323518367,60,0.0
2001-09-07 21:00:00,21.672891143108284,60,0.0
2001-09-07 22:00:00,20.708167323518367,60,0.0
2001-09-07 23:00:00,19.87974019877218,60,0.0
2001-09-08 00:00:00,19.10928150321086,60,0.0
2001-09-08 01:00:00,18.709679813192338,60,0.0
2001-09-08 02:00:00,18.573383118348612,60,0.0
2001-09-08 03:00:00,18.709679813192338,60,0.0
2001-09-08 04:00:00,19.10928150321086,60,0.0
2001-09-08 05:00:00,19.744955993602424,60,0.0
2001-09-08 06:00:00,20.573383118348612,60,0.0
2001-09-08 07:00:00,21.53810693793853,60,129.07367269995746
2001-09-08 08:00:00,22.573383118348612,60,249.35118790974232
2001-09-08 09:00:00,23.608659298758695,60,352.63583173579974
2001-09-08 10:00:00,24.573383118348612,60,431.8889263873281
2001-09-08 11:00:00,25.4018102430948,60,481.7095044357572
2001-09-08 12:00:00,26.037484733486366,60,498.7023758194847
2001-09-08 13:00:00,26.437086423504887,60,481.7095044357572
2001-09-08 14:00:00,26.573383118348612,60,431.8889263873281
2001-09-08 15:00:00,26.437086423504887,60,352.6358317357998
2001-09-08 16:00:00,26.037484733486366,60,249.35118790974232
2001-09-08 17:00:00,25.401810243094804,60,129.0736726999576
2001-09-08 18:00:00,24.573383118348612,60,6.107342682745124e-14
2001-09-08 19:00:00,23.608659298758695,60,0.0
2001-09-08 20:00:00,22.573383118348612,60,0.0
2001-09-08 21:00:00,21.53810693793853,60,0.0
2001-09-08 22:00:00,20.573383118348612,60,0.0
2001-09-08 23:00:00,19.744955993602424,60,0.0
2001-09-09 00:00:00,18.974031070666747,60,0.0
2001-09-09 01:00:00,18.574429380648226,60,0.0
2001-09-09 02:00:00,18.4381326858045,60,0.0
2001-09-09 03:00:00,18.574429380648226,60,0.0
2001-09-09 04:00:00,18.974031070666747,60,0.0
2001-09-09 05:00:00,19.609705561058313,60,0.0
2001-09-09 06:00:00,20.4381326858045,60,0.0
2001-09-09 07:00:00,21.402856505394418,60,128.32572277810857
2001-09-09 08:00:00,22.4381326858045,60,247.90625961717282
2001-09-09 09:00:00,23.473408866214584,60,350.59239454779134
2001-09-09 10:00:00,24.4381326858045,60,429.38623717130406
2001-09-09 11:00:00,25.26655981055069,60,478.91811732589997
2001-09-09 12:00:00,25.902234300942254,60,495.81251923434576
2001-09-09 13:00:00,26.301835990960775,60,478.91811732589997
2001-09-09 14:00:00,26.4381326858045,60,429.38623717130406
2001-09-09 15:00:00,26.301835990960775,60,350.5923945477914
2001-09-09 16:00:00,25.902234300942254,60,247.90625961717282
2001-09-09 17:00:00,25.266559810550692,60,128.3257227781087
2001-09-09 18:00:00,24.4381326858045,60,6.07195214657527e-14
2001-09-09 19:00:00,23.473408866214584,60,0.0
2001-09-09 20:00:00,22.4381326858045,60,0.0
2001-09-09 21:00:00,21.402856505394418,60,0.0
2001-09-09 22:00:00,20.4381326858045,60,0.0
2001-09-09 23:00:00,19.609705561058313,60,0.0
2001-09-10 00:00:00,18.838354488370385,60,0.0
2001-09-10 01:00:00,18.438752798351864,60,0.0
2001-09-10 02:00:00,18.30245610350814,60,0.0
2001-09-10 03:00:00,18.438752798351864,60,0.0
2001-09-10 04:00:00,18.838354488370385,60,0.0
2001-09-10 05:00:00,19.47402897876195,60,0.0
2001-09-10 06:00:00,20.30245610350814,60,0.0
2001-09-10 07:00:00,21.267179923098055,60,127.5682662599045
2001-09-10 08:00:00,22.30245610350814,60,246.44296599072422
2001-09-10 09:00:00,23.33773228391822,60,348.52298485553365
2001-09-10 10:00:00,24.30245610350814,60,426.8517382639033
2001-09-10 11:00:00,25.130883228254326,60,476.0912511154382
2001-09-10 12:00:00,25.766557718645892,60,492.8859319814485
2001-09-10 13:00:00,26.166159408664413,60,476.0912511154382
2001-09-10 14:00:00,26.30245610350814,60,426.8517382639033
2001-09-10 15:00:00,26.166159408664413,60,348.5229848555337
2001-09-10 16:00:00,25.766557718645892,60,246.44296599072422
2001-09-10 17:00:00,25.13088322825433,60,127.56826625990465
2001-09-10 18:00:00,24.30245610350814,60,6.03611178945841e-14
2001-09-10 19:00:00,23.33773228391822,60,0.0
2001-09-10 20:00:00,22.30245610350814,60,0.0
2001-09-10 21:00:00,21.267179923098055,60,0.0
2001-09-10 22:00:00,20.30245610350814,60,0.0
2001-09-10 23:00:00,19.47402897876195,60,0.0
2001-09-11 00:00:00,18.70229196022125,60,0.0
2001-09-11 01:00:00,18.302690270202728,60,0.0
2001-09-11 02:00:00,18.166393575359002,60,0.0
2001-09-11 03:00:00,18.302690270202728,60,0.0
2001-09-11 04:00:00,18.70229196022125,60,0.0
2001-09-11 05:00:00,19.33796645061281,60,0.0
2001-09-11 06:00:00,20.166393575359002,60,0.0
2001-09-11 07:00:00,21.13111739494892,60,126.80135925906298
2001-09-11 08:00:00,22.166393575359002,60,244.96141543377476
2001-09-11 09:00:00,23.201669755769085,60,346.4277559645543
2001-09-11 10:00:00,24.166393575359002,60,424.28561742528495
2001-09-11 11:00:00,24.994820700105194,60,473.2291152236173
2001-09-11 12:00:00,25.630495190496756,60,489.92283086754964
2001-09-11 13:00:00,26.030096880515277,60,473.2291152236173
2001-09-11 14:00:00,26.166393575359002,60,424.28561742528495
2001-09-11 15:00:00,26.030096880515277,60,346.42775596455436
2001-09-11 16:00:00,25.630495190496756,60,244.96141543377476
2001-09-11 17:00:00,24.994820700105194,60,126.80135925906312
2001-09-11 18:00:00,24.166393575359002,60,5.999824266511547e-14
2001-09-11 19:00:00,23.201669755769085,60,0.0
2001-09-11 20:00:00,22.166393575359002,60,0.0
2001-09-11 21:00:00,21.13111739494892,60,0.0
2001-09-11 22:00:00,20.166393575359002,60,0.0
2001-09-11 23:00:00,19.337966450612814,60,0.0
2001-09-12 00:00:00,18.565883804482898,60,0.0
2001-09-12 01:00:00,18.166282114464376,60,0.0
2001-09-12 02:00:00,18.02998541962065,60,0.0
2001-09-12 03:00:00,18.166282114464376,60,0.0
2001-09-12 04:00:00,18.565883804482898,60,0.0
2001-09-12 05:00:00,19.20155829487446,60,0.0
2001-09-12 06:00:00,20.02998541962065,60,0.0
2001-09-12 07:00:00,20.994709239210568,60,126.02505858941005
2001-09-12 08:00:00,22.02998541962065,60,243.46171770220826
2001-09-12 09:00:00,23.065261600030734,60,344.3068630931128
2001-09-12 10:00:00,24.02998541962065,60,421.68806475821594
2001-09-12 11:00:00,24.858412544366843,60,470.3319216825229
2001-09-12 12:00:00,25.494087034758405,60,486.9234354044166
2001-09-12 13:00:00,25.893688724776926,60,470.3319216825229
2001-09-12 14:00:00,26.02998541962065,60,421.68806475821594
2001-09-12 15:00:00,25.893688724776926,60,344.30686309311284
2001-09-12 16:00:00,25.494087034758405,60,243.46171770220826
2001-09-12 17:00:00,24.858412544366843,60,126.0250585894102
2001-09-12 18:00:00,24.02998541962065,60,5.963092265978518e-14
2001-09-12 19:00:00,23.065261600030734,60,0.0
2001-09-12 20:00:00,22.02998541962065,60,0.0
2001-09-12 21:00:00,20.994709239210568,60,0.0
2001-09-12 22:00:00,20.02998541962065,60,0.0
2001-09-12 23:00:00,19.201558294874463,60,0.0
2001-09-13 00:00:00,18.429170441835808,60,0.0
2001-09-13 01:00:00,18.029568751817287,60,0.0
2001-09-13 02:00:00,17.89327205697356,60,0.0
2001-09-13 03:00:00,18.029568751817287,60,0.0
2001-09-13 04:00:00,18.429170441835808,60,0.0
2001-09-13 05:00:00,19.064844932227373,60,0.0
2001-09-13 06:00:00,19.89327205697356,60,0.0
2001-09-13 07:00:00,20.85799587656348,60,125.23942176067148
2001-09-13 08:00:00,21.89327205697356,60,241.94398389628338
2001-09-13 09:00:00,22.928548237383644,60,342.1604633607017
2001-09-13 10:00:00,23.89327205697356,60,419.05927269398916
2001-09-13 11:00:00,24.72169918171975,60,467.3998851213732
2001-09-13 12:00:00,25.357373672111315,60,483.8879677925669
2001-09-13 13:00:00,25.756975362129836,60,467.3998851213732
2001-09-13 14:00:00,25.89327205697356,60,419.05927269398916
2001-09-13 15:00:00,25.756975362129836,60,342.1604633607017
2001-09-13 16:00:00,25.357373672111315,60,241.94398389628338
2001-09-13 17:00:00,24.721699181719753,60,125.2394217606716
2001-09-13 18:00:00,23.89327205697356,60,5.925918509030845e-14
2001-09-13 19:00:00,22.928548237383644,60,0.0
2001-09-13 20:00:00,21.89327205697356,60,0.0
2001-09-13 21:00:00,20.85799587656348,60,0.0
2001-09-13 22:00:00,19.89327205697356,60,0.0
2001-09-13 23:00:00,19.064844932227373,60,0.0
2001-09-14 00:00:00,18.29219238339984,60,0.0
2001-09-14 01:00:00,17.89259069338132,60,0.0
2001-09-14 02:00:00,17.756293998537593,60,0.0
2001-09-14 03:00:00,17.89259069338132,60,0.0
2001-09-14 04:00:00,18.29219238339984,60,0.0
2001-09-14 05:00:00,18.9278668737914,60,0.0
2001-09-14 06:00:00,19.756293998537593,60,0.0
2001-09-14 07:00:00,20.72101781812751,60,124.44450697421203
2001-09-14 08:00:00,21.756293998537593,60,240.40832645240292
2001-09-14 09:00:00,22.791570178947676,60,339.98871577640676
2001-09-14 10:00:00,23.756293998537593,60,416.3994359781669
2001-09-14 11:00:00,24.584721123283785,60,464.4332227506188
2001-09-14 12:00:00,25.220395613675347,60,480.81665290480595
2001-09-14 13:00:00,25.619997303693868,60,464.4332227506188
2001-09-14 14:00:00,25.756293998537593,60,416.3994359781669
2001-09-14 15:00:00,25.619997303693868,60,339.98871577640676
2001-09-14 16:00:00,25.220395613675347,60,240.40832645240292
2001-09-14 17:00:00,24.584721123283785,60,124.44450697421217
2001-09-14 18:00:00,23.756293998537593,60,5.888305749566145e-14
2001-09-14 19:00:00,22.791570178947676,60,0.0
2001-09-14 20:00:00,21.756293998537593,60,0.0
2001-09-14 21:00:00,20.72101781812751,60,0.0
2001-09-14 22:00:00,19.756293998537593,60,0.0
2001-09-14 23:00:00,18.927866873791405,60,0.0
2001-09-15 00:00:00,18.15499021872995,60,0.0
2001-09-15 01:00:00,17.75538852871143,60,0.0
2001-09-15 02:00:00,17.619091833867703,60,0.0
2001-09-15 03:00:00,17.75538852871143,60,0.0
2001-09-15 04:00:00,18.15499021872995,60,0.0
2001-09-15 05:00:00,18.790664709121515,60,0.0
2001-09-15 06:00:00,19.619091833867703,60,0.0
2001-09-15 07:00:00,20.58381565345762,60,123.64037311872418
2001-09-15 08:00:00,21.619091833867703,60,238.8548591347847
2001-09-15 09:00:00,22.654368014277786,60,337.79178122712773
2001-09-15 10:00:00,23.619091833867703,60,413.70875165615433
2001-09-15 11:00:00,24.44751895861389,60,461.4321543458519
2001-09-15 12:00:00,25.083193449005456,60,477.7097182695695
2001-09-15 13:00:00,25.482795139023978,60,461.4321543458519
2001-09-15 14:00:00,25.619091833867703,60,413.70875165615433
2001-09-15 15:00:00,25.482795139023978,60,337.79178122712773
2001-09-15 16:00:00,25.083193449005456,60,238.8548591347847
2001-09-15 17:00:00,24.447518958613895,60,123.64037311872433
2001-09-15 18:00:00,23.619091833867703,60,5.850256774004121e-14
2001-09-15 19:00:00,22.654368014277786,60,0.0
2001-09-15 20:00:00,21.619091833867703,60,0.0
2001-09-15 21:00:00,20.58381565345762,60,0.0
2001-09-15 22:00:00,19.619091833867703,60,0.0
2001-09-15 23:00:00,18.790664709121515,60,0.0
2001-09-16 00:00:00,18.01760460378859,60,0.0
2001-09-16 01:00:00,17.61800291377007,60,0.0
2001-09-16 02:00:00,17.481706218926345,60,0.0
2001-09-16 03:00:00,17.61800291377007,60,0.0
2001-09-16 04:00:00,18.01760460378859,60,0.0
2001-09-16 05:00:00,18.653279094180157,60,0.0
2001-09-16 06:00:00,19.481706218926345,60,0.0
2001-09-16 07:00:00,20.44643003851626,60,122.82707976586515
2001-09-16 08:00:00,21.481706218926345,60,237.28369702703316
2001-09-16 09:00:00,22.516982399336428,60,335.5698224656588
2001-09-16 10:00:00,23.481706218926345,60,410.98741905860163
2001-09-16 11:00:00,24.310133343672533,60,458.39690223152394
2001-09-16 12:00:00,24.945807834064098,60,474.56739405406637
2001-09-16 13:00:00,25.34540952408262,60,458.39690223152394
2001-09-16 14:00:00,25.481706218926345,60,410.98741905860163
2001-09-16 15:00:00,25.34540952408262,60,335.56982246565883
2001-09-16 16:00:00,24.945807834064098,60,237.28369702703316
2001-09-16 17:00:00,24.310133343672536,60,122.82707976586528
2001-09-16 18:00:00,23.481706218926345,60,5.811774401080131e-14
2001-09-16 19:00:00,22.516982399336428,60,0.0
2001-09-16 20:00:00,21.481706218926345,60,0.0
2001-09-16 21:00:00,20.44643003851626,60,0.0
2001-09-16 22:00:00,19.481706218926345,60,0.0
2001-09-16 23:00:00,18.653279094180157,60,0.0
2001-09-17 00:00:00,17.88007624889849,60,0.0
2001-09-17 01:00:00,17.48047455887997,60,0.0
2001-09-17 02:00:00,17.344177864036244,60,0.0
2001-09-17 03:00:00,17.48047455887997,60,0.0
2001-09-17 04:00:00,17.88007624889849,60,0.0
2001-09-17 05:00:00,18.515750739290056,60,0.0
2001-09-17 06:00:00,19.344177864036244,60,0.0
2001-09-17 07:00:00,20.30890168362616,60,122.00468716584405
2001-09-17 08:00:00,21.344177864036244,60,235.69495652361437
2001-09-17 09:00:00,22.379454044446327,60,333.32300409863245
2001-09-17 10:00:00,23.344177864036244,60,408.23563978663776
2001-09-17 11:00:00,24.17260498878243,60,455.3276912644765
2001-09-17 12:00:00,24.808279479173997,60,471.3899130472288
2001-09-17 13:00:00,25.207881169192518,60,455.3276912644765
2001-09-17 14:00:00,25.344177864036244,60,408.23563978663776
2001-09-17 15:00:00,25.207881169192518,60,333.3230040986325
2001-09-17 16:00:00,24.808279479173997,60,235.69495652361437
2001-09-17 17:00:00,24.172604988782435,60,122.00468716584417
2001-09-17 18:00:00,23.344177864036244,60,5.772861481636378e-14
2001-09-17 19:00:00,22.379454044446327,60,0.0
2001-09-17 20:00:00,21.344177864036244,60,0.0
2001-09-17 21:00:00,20.30890168362616,60,0.0
2001-09-17 22:00:00,19.344177864036244,60,0.0
2001-09-17 23:00:00,18.515750739290056,60,0.0
2001-09-18 00:00:00,17.74244590667931,60,0.0
2001-09-18 01:00:00,17.34284421666079,60,0.0
2001-09-18 02:00:00,17.206547521817065,60,0.0
2001-09-18 03:00:00,17.34284421666079,60,0.0
2001-09-18 04:00:00,17.74244590667931,60,0.0
2001-09-18 05:00:00,18.378120397070873,60,0.0
2001-09-18 06:00:00,19.206547521817065,60,0.0
2001-09-18 07:00:00,20.17127134140698,60,121.17325624295815
2001-09-18 08:00:00,21.206547521817065,60,234.08875532123267
2001-09-18 09:00:00,22.241823702227148,60,331.0514925743243
2001-09-18 10:00:00,23.206547521817065,60,405.45361769693443
2001-09-18 11:00:00,24.034974646563256,60,452.22474881728243
2001-09-18 12:00:00,24.670649136954818,60,468.17751064246545
2001-09-18 13:00:00,25.07025082697334,60,452.22474881728243
2001-09-18 14:00:00,25.206547521817065,60,405.45361769693443
2001-09-18 15:00:00,25.07025082697334,60,331.05149257432436
2001-09-18 16:00:00,24.670649136954818,60,234.08875532123267
2001-09-18 17:00:00,24.034974646563256,60,121.17325624295827
2001-09-18 18:00:00,23.206547521817065,60,5.733520898410711e-14
2001-09-18 19:00:00,22.241823702227148,60,0.0
2001-09-18 20:00:00,21.206547521817065,60,0.0
2001-09-18 21:00:00,20.17127134140698,60,0.0
2001-09-18 22:00:00,19.206547521817065,60,0.0
2001-09-18 23:00:00,18.378120397070877,60,0.0
2001-09-19 00:00:00,17.604754359971757,60,0.0
2001-09-19 01:00:00,17.205152669953236,60,0.0
2001-09-19 02:00:00,17.06885597510951,60,0.0
2001-09-19 03:00:00,17.205152669953236,60,0.0
2001-09-19 04:00:00,17.604754359971757,60,0.0
2001-09-19 05:00:00,18.240428850363323,60,0.0
2001-09-19 06:00:00,19.06885597510951,60,0.0
2001-09-19 07:00:00,20.033579794699428,60,120.3328485910798
2001-09-19 08:00:00,21.06885597510951,60,232.46521241011217
2001-09-19 09:00:00,22.104132155519594,60,328.755456170323
2001-09-19 10:00:00,23.06885597510951,60,402.6415588866055
2001-09-19 11:00:00,23.8972830998557,60,449.0883047614028
2001-09-19 12:00:00,24.532957590247264,60,464.9304248202244
2001-09-19 13:00:00,24.932559280265785,60,449.0883047614028
2001-09-19 14:00:00,25.06885597510951,60,402.6415588866055
2001-09-19 15:00:00,24.932559280265785,60,328.75545617032304
2001-09-19 16:00:00,24.532957590247264,60,232.46521241011217
2001-09-19 17:00:00,23.897283099855702,60,120.33284859107992
2001-09-19 18:00:00,23.06885597510951,60,5.69375556582307e-14
2001-09-19 19:00:00,22.104132155519594,60,0.0
2001-09-19 20:00:00,21.06885597510951,60,0.0
2001-09-19 21:00:00,20.033579794699428,60,0.0
2001-09-19 22:00:00,19.06885597510951,60,0.0
2001-09-19 23:00:00,18.240428850363323,60,0.0
2001-09-20 00:00:00,17.467042409752743,60,0.0
2001-09-20 01:00:00,17.067440719734222,60,0.0
2001-09-20 02:00:00,16.931144024890497,60,0.0
2001-09-20 03:00:00,17.067440719734222,60,0.0
2001-09-20 04:00:00,17.467042409752743,60,0.0
2001-09-20 05:00:00,18.10271690014431,60,0.0
2001-09-20 06:00:00,18.931144024890497,60,0.0
2001-09-20 07:00:00,19.895867844480414,60,119.48352646909326
2001-09-20 08:00:00,20.931144024890497,60,230.8244480651813
2001-09-20 09:00:00,21.96642020530058,60,326.43506498106353
2001-09-20 10:00:00,22.931144024890497,60,399.79967167793774
2001-09-20 11:00:00,23.759571149636685,60,445.91859145015684
2001-09-20 12:00:00,24.39524564002825,60,461.6488961303627
2001-09-20 13:00:00,24.79484733004677,60,445.91859145015684
2001-09-20 14:00:00,24.931144024890497,60,399.79967167793774
2001-09-20 15:00:00,24.79484733004677,60,326.4350649810636
2001-09-20 16:00:00,24.39524564002825,60,230.8244480651813
2001-09-20 17:00:00,23.759571149636688,60,119.48352646909339
2001-09-20 18:00:00,22.931144024890497,60,5.6535684297595756e-14
2001-09-20 19:00:00,21.96642020530058,60,0.0
2001-09-20 20:00:00,20.931144024890497,60,0.0
2001-09-20 21:00:00,19.895867844480414,60,0.0
2001-09-20 22:00:00,18.931144024890497,60,0.0
2001-09-20 23:00:00,18.10271690014431,60,0.0
2001-09-21 00:00:00,17.32935086304519,60,0.0
2001-09-21 01:00:00,16.929749173026668,60,0.0
2001-09-21 02:00:00,16.793452478182942,60,0.0
2001-09-21 03:00:00,16.929749173026668,60,0.0
2001-09-21 04:00:00,17.32935086304519,60,0.0
2001-09-21 05:00:00,17.96502535343675,60,0.0
2001-09-21 06:00:00,18.793452478182942,60,0.0
2001-09-21 07:00:00,19.75817629777286,60,118.6253527962825
2001-09-21 08:00:00,20.793452478182942,60,229.1665838371628
2001-09-21 09:00:00,21.828728658593025,60,324.09049090522655
2001-09-21 10:00:00,22.793452478182942,60,396.9281666029587
2001-09-21 11:00:00,23.621879602929134,60,442.7158437015091
2001-09-21 12:00:00,24.257554093320696,60,458.33316767432564
2001-09-21 13:00:00,24.657155783339217,60,442.7158437015091
2001-09-21 14:00:00,24.793452478182942,60,396.9281666029587
2001-09-21 15:00:00,24.657155783339217,60,324.0904909052266
2001-09-21 16:00:00,24.257554093320696,60,229.1665838371628
2001-09-21 17:00:00,23.621879602929134,60,118.62535279628263
2001-09-21 18:00:00,22.793452478182942,60,5.6129624673543004e-14
2001-09-21 19:00:00,21.828728658593025,60,0.0
2001-09-21 20:00:00,20.793452478182942,60,0.0
2001-09-21 21:00:00,19.75817629777286,60,0.0
2001-09-21 22:00:00,18.793452478182942,60,0.0
2001-09-21 23:00:00,17.965025353436754,60,0.0
2001-09-22 00:00:00,17.191720520826003,60,0.0
2001-09-22 01:00:00,16.792118830807482,60,0.0
2001-09-22 02:00:00,16.655822135963756,60,0.0
2001-09-22 03:00:00,16.792118830807482,60,0.0
2001-09-22 04:00:00,17.191720520826003,60,0.0
2001-09-22 05:00:00,17.82739501121757,60,0.0
2001-09-22 06:00:00,18.655822135963756,60,0.0
2001-09-22 07:00:00,19.620545955553673,60,117.75839114766993
2001-09-22 08:00:00,20.655822135963756,60,227.49174254356873
2001-09-22 09:00:00,21.69109831637384,60,321.72190763300335
2001-09-22 10:00:00,22.655822135963756,60,394.02725638783943
2001-09-22 11:00:00,23.484249260709944,60,439.4802987806733
2001-09-22 12:00:00,24.11992375110151,60,454.9834850871375
2001-09-22 13:00:00,24.51952544112003,60,439.4802987806733
2001-09-22 14:00:00,24.655822135963756,60,394.02725638783943
2001-09-22 15:00:00,24.51952544112003,60,321.72190763300335
2001-09-22 16:00:00,24.11992375110151,60,227.49174254356873
2001-09-22 17:00:00,23.484249260709948,60,117.75839114767005
2001-09-22 18:00:00,22.655822135963756,60,5.571940686768705e-14
2001-09-22 19:00:00,21.69109831637384,60,0.0
2001-09-22 20:00:00,20.655822135963756,60,0.0
2001-09-22 21:00:00,19.620545955553673,60,0.0
2001-09-22 22:00:00,18.655822135963756,60,0.0
2001-09-22 23:00:00,17.82739501121757,60,0.0
2001-09-23 00:00:00,17.054192165935905,60,0.0
2001-09-23 01:00:00,16.654590475917384,60,0.0
2001-09-23 02:00:00,16.51829378107366,60,0.0
2001-09-23 03:00:00,16.654590475917384,60,0.0
2001-09-23 04:00:00,17.054192165935905,60,0.0
2001-09-23 05:00:00,17.689866656327467,60,0.0
2001-09-23 06:00:00,18.51829378107366,60,0.0
2001-09-23 07:00:00,19.483017600663576,60,116.88270574930685
2001-09-23 08:00:00,20.51829378107366,60,225.80004825960248
2001-09-23 09:00:00,21.553569961483742,60,319.3294906332292
2001-09-23 10:00:00,22.51829378107366,60,391.09715593713605
2001-09-23 11:00:00,23.34672090581985,60,436.2121963825361
2001-09-23 12:00:00,23.982395396211412,60,451.60009651920507
2001-09-23 13:00:00,24.381997086229934,60,436.2121963825361
2001-09-23 14:00:00,24.51829378107366,60,391.09715593713605
2001-09-23 15:00:00,24.381997086229934,60,319.3294906332293
2001-09-23 16:00:00,23.982395396211412,60,225.80004825960248
2001-09-23 17:00:00,23.34672090581985,60,116.88270574930698
2001-09-23 18:00:00,22.51829378107366,60,5.530506126968802e-14
2001-09-23 19:00:00,21.553569961483742,60,0.0
2001-09-23 20:00:00,20.51829378107366,60,0.0
2001-09-23 21:00:00,19.483017600663576,60,0.0
2001-09-23 22:00:00,18.51829378107366,60,0.0
2001-09-23 23:00:00,17.68986665632747,60,0.0
2001-09-24 00:00:00,16.91680655099454,60,0.0
2001-09-24 01:00:00,16.51720486097602,60,0.0
2001-09-24 02:00:00,16.380908166132294,60,0.0
2001-09-24 03:00:00,16.51720486097602,60,0.0
2001-09-24 04:00:00,16.91680655099454,60,0.0
2001-09-24 05:00:00,17.552481041386102,60,0.0
2001-09-24 06:00:00,18.380908166132294,60,0.0
2001-09-24 07:00:00,19.34563198572221,60,115.9983614735153
2001-09-24 08:00:00,20.380908166132294,60,224.09162630896657
2001-09-24 09:00:00,21.416184346542376,60,316.913417140384
2001-09-24 10:00:00,22.380908166132294,60,388.1380823178687
2001-09-24 11:00:00,23.209335290878485,60,432.91177861389934
2001-09-24 12:00:00,23.845009781270047,60,448.1832526179332
2001-09-24 13:00:00,24.244611471288568,60,432.91177861389934
2001-09-24 14:00:00,24.380908166132294,60,388.1380823178687
2001-09-24 15:00:00,24.244611471288568,60,316.91341714038407
2001-09-24 16:00:00,23.845009781270047,60,224.09162630896657
2001-09-24 17:00:00,23.209335290878485,60,115.99836147351543
2001-09-24 18:00:00,22.380908166132294,60,5.488661857500015e-14
2001-09-24 19:00:00,21.416184346542376,60,0.0
2001-09-24 20:00:00,20.380908166132294,60,0.0
2001-09-24 21:00:00,19.34563198572221,60,0.0
2001-09-24 22:00:00,18.380908166132294,60,0.0
2001-09-24 23:00:00,17.552481041386105,60,0.0
2001-09-25 00:00:00,16.779604386324653,60,0.0
2001-09-25 01:00:00,16.380002696306132,60,0.0
2001-09-25 02:00:00,16.243706001462407,60,0.0
2001-09-25 03:00:00,16.380002696306132,60,0.0
2001-09-25 04:00:00,16.779604386324653,60,0.0
2001-09-25 05:00:00,17.415278876716215,60,0.0
2001-09-25 06:00:00,18.243706001462407,60,0.0
2001-09-25 07:00:00,19.208429821052324,60,115.10542383408233
2001-09-25 08:00:00,20.243706001462407,60,222.36660325457873
2001-09-25 09:00:00,21.27898218187249,60,314.4738661414625
2001-09-25 10:00:00,22.243706001462407,60,385.15025474344134
2001-09-25 11:00:00,23.0721331262086,60,429.57928997554484
2001-09-25 12:00:00,23.70780761660016,60,444.7332065091576
2001-09-25 13:00:00,24.10740930661868,60,429.57928997554484
2001-09-25 14:00:00,24.243706001462407,60,385.15025474344134
2001-09-25 15:00:00,24.10740930661868,60,314.47386614146257
2001-09-25 16:00:00,23.70780761660016,60,222.36660325457873
2001-09-25 17:00:00,23.0721331262086,60,115.10542383408246
2001-09-25 18:00:00,22.243706001462407,60,5.446410978259786e-14
2001-09-25 19:00:00,21.27898218187249,60,0.0
2001-09-25 20:00:00,20.243706001462407,60,0.0
2001-09-25 21:00:00,19.208429821052324,60,0.0
2001-09-25 22:00:00,18.243706001462407,60,0.0
2001-09-25 23:00:00,17.41527887671622,60,0.0
2001-09-26 00:00:00,16.642626327888692,60,0.0
2001-09-26 01:00:00,16.24302463787017,60,0.0
2001-09-26 02:00:00,16.106727943026446,60,0.0
2001-09-26 03:00:00,16.24302463787017,60,0.0
2001-09-26 04:00:00,16.642626327888692,60,0.0
2001-09-26 05:00:00,17.278300818280258,60,0.0
2001-09-26 06:00:00,18.106727943026446,60,0.0
2001-09-26 07:00:00,19.071451762616363,60,114.20395898140642
2001-09-26 08:00:00,20.106727943026446,60,220.62510688919568
2001-09-26 09:00:00,21.14200412343653,60,312.0110183627143
2001-09-26 10:00:00,22.106727943026446,60,382.13389455740133
2001-09-26 11:00:00,22.935155067772634,60,426.21497734412077
2001-09-26 12:00:00,23.5708295581642,60,441.2502137783914
2001-09-26 13:00:00,23.97043124818272,60,426.21497734412077
2001-09-26 14:00:00,24.106727943026446,60,382.13389455740133
2001-09-26 15:00:00,23.97043124818272,60,312.01101836271437
2001-09-26 16:00:00,23.5708295581642,60,220.62510688919568
2001-09-26 17:00:00,22.935155067772637,60,114.20395898140654
2001-09-26 18:00:00,22.106727943026446,60,5.403756619267924e-14
2001-09-26 19:00:00,21.14200412343653,60,0.0
2001-09-26 20:00:00,20.106727943026446,60,0.0
2001-09-26 21:00:00,19.071451762616363,60,0.0
2001-09-26 22:00:00,18.106727943026446,60,0.0
2001-09-26 23:00:00,17.278300818280258,60,0.0
2001-09-27 00:00:00,16.505912965241603,60,0.0
2001-09-27 01:00:00,16.10631127522308,60,0.0
2001-09-27 02:00:00,15.970014580379356,60,0.0
2001-09-27 03:00:00,16.10631127522308,60,0.0
2001-09-27 04:00:00,16.505912965241603,60,0.0
2001-09-27 05:00:00,17.141587455633164,60,0.0
2001-09-27 06:00:00,17.970014580379356,60,0.0
2001-09-27 07:00:00,18.934738399969273,60,113.2940336975972
2001-09-27 08:00:00,19.970014580379356,60,218.8672662259462
2001-09-27 09:00:00,21.00529076078944,60,309.525056256256
2001-09-27 10:00:00,21.970014580379356,60,379.08922521704267
2001-09-27 11:00:00,22.798441705125548,60,422.8190899538532
2001-09-27 12:00:00,23.43411619551711,60,437.7345324518925
2001-09-27 13:00:00,23.83371788553563,60,422.8190899538532
2001-09-27 14:00:00,23.970014580379356,60,379.08922521704267
2001-09-27 15:00:00,23.83371788553563,60,309.52505625625605
2001-09-27 16:00:00,23.43411619551711,60,218.8672662259462
2001-09-27 17:00:00,22.798441705125548,60,113.29403369759731
2001-09-27 18:00:00,21.970014580379356,60,5.3607019404347335e-14
2001-09-27 19:00:00,21.00529076078944,60,0.0
2001-09-27 20:00:00,19.970014580379356,60,0.0
2001-09-27 21:00:00,18.934738399969273,60,0.0
2001-09-27 22:00:00,17.970014580379356,60,0.0
2001-09-27 23:00:00,17.141587455633168,60,0.0
2001-09-28 00:00:00,16.36950480950325,60,0.0
2001-09-28 01:00:00,15.969903119484732,60,0.0
2001-09-28 02:00:00,15.833606424641005,60,0.0
2001-09-28 03:00:00,15.969903119484732,60,0.0
2001-09-28 04:00:00,16.36950480950325,60,0.0
2001-09-28 05:00:00,17.005179299894813,60,0.0
2001-09-28 06:00:00,17.833606424641005,60,0.0
2001-09-28 07:00:00,18.79833024423092,60,112.37571539152802
2001-09-28 08:00:00,19.833606424641005,60,217.0932114887737
2001-09-28 09:00:00,20.868882605051088,60,307.01616398655443
2001-09-28 10:00:00,21.833606424641005,60,376.01647227685163
2001-09-28 11:00:00,22.662033549387196,60,419.3918793780825
2001-09-28 12:00:00,23.297708039778758,60,434.1864229775475
2001-09-28 13:00:00,23.69730972979728,60,419.3918793780825
2001-09-28 14:00:00,23.833606424641005,60,376.01647227685163
2001-09-28 15:00:00,23.69730972979728,60,307.0161639865545
2001-09-28 16:00:00,23.297708039778758,60,217.0932114887737
2001-09-28 17:00:00,22.662033549387196,60,112.37571539152815
2001-09-28 18:00:00,21.833606424641005,60,5.3172501313269237e-14
2001-09-28 19:00:00,20.868882605051088,60,0.0
2001-09-28 20:00:00,19.833606424641005,60,0.0
2001-09-28 21:00:00,18.79833024423092,60,0.0
2001-09-28 22:00:00,17.833606424641005,60,0.0
2001-09-28 23:00:00,17.005179299894817,60,0.0
2001-09-29 00:00:00,16.233442281354115,60,0.0
2001-09-29 01:00:00,15.833840591335596,60,0.0
2001-09-29 02:00:00,15.697543896491869,60,0.0
2001-09-29 03:00:00,15.833840591335596,60,0.0
2001-09-29 04:00:00,16.233442281354115,60,0.0
2001-09-29 05:00:00,16.86911677174568,60,0.0
2001-09-29 06:00:00,17.69754389649187,60,0.0
2001-09-29 07:00:00,18.662267716081786,60,111.44907209384202
2001-09-29 08:00:00,19.69754389649187,60,215.30307410278854
2001-09-29 09:00:00,20.73282007690195,60,304.48452741678307
2001-09-29 10:00:00,21.69754389649187,60,372.91586337179683
2001-09-29 11:00:00,22.525971021238057,60,415.93359951062513
2001-09-29 12:00:00,23.161645511629622,60,430.6061482055772
2001-09-29 13:00:00,23.561247201648143,60,415.93359951062513
2001-09-29 14:00:00,23.69754389649187,60,372.91586337179683
2001-09-29 15:00:00,23.561247201648143,60,304.4845274167831
2001-09-29 16:00:00,23.161645511629622,60,215.30307410278854
2001-09-29 17:00:00,22.52597102123806,60,111.44907209384213
2001-09-29 18:00:00,21.69754389649187,60,5.273404410931309e-14
2001-09-29 19:00:00,20.73282007690195,60,0.0
2001-09-29 20:00:00,19.69754389649187,60,0.0
2001-09-29 21:00:00,18.662267716081786,60,0.0
2001-09-29 22:00:00,17.69754389649187,60,0.0
2001-09-29 23:00:00,16.86911677174568,60,0.0
2001-09-30 00:00:00,16.09776569905775,60,0.0
2001-09-30 01:00:00,15.69816400903923,60,0.0
2001-09-30 02:00:00,15.561867314195503,60,0.0
2001-09-30 03:00:00,15.69816400903923,60,0.0
2001-09-30 04:00:00,16.09776569905775,60,0.0
2001-09-30 05:00:00,16.73344018944931,60,0.0
2001-09-30 06:00:00,17.561867314195503,60,0.0
2001-09-30 07:00:00,18.52659113378542,60,110.51417245191251
2001-09-30 08:00:00,19.561867314195503,60,213.49698668453235
2001-09-30 09:00:00,20.597143494605586,60,301.93033409505375
2001-09-30 10:00:00,21.561867314195503,60,369.78762820046614
2001-09-30 11:00:00,22.390294438941694,60,412.4445065469663
2001-09-30 12:00:00,23.025968929333256,60,426.99397336906475
2001-09-30 13:00:00,23.425570619351777,60,412.4445065469663
2001-09-30 14:00:00,23.561867314195503,60,369.78762820046614
2001-09-30 15:00:00,23.425570619351777,60,301.9303340950538
2001-09-30 16:00:00,23.025968929333256,60,213.49698668453235
2001-09-30 17:00:00,22.390294438941694,60,110.51417245191264
2001-09-30 18:00:00,21.561867314195503,60,5.229168027416353e-14
2001-09-30 19:00:00,20.597143494605586,60,0.0
2001-09-30 20:00:00,19.561867314195503,60,0.0
2001-09-30 21:00:00,18.52659113378542,60,0.0
2001-09-30 22:00:00,17.561867314195503,60,0.0
2001-09-30 23:00:00,16.733440189449315,60,0.0
2001-10-01 00:00:00,15.962515266513636,60,0.0
2001-10-01 01:00:00,15.562913576495118,60,0.0
2001-10-01 02:00:00,15.426616881651391,60,0.0
2001-10-01 03:00:00,15.562913576495118,60,0.0
2001-10-01 04:00:00,15.962515266513638,60,0.0
2001-10-01 05:00:00,16.5981897569052,60,0.0
2001-10-01 06:00:00,17.42661688165139,60,0.0
2001-10-01 07:00:00,18.391340701241308,60,109.57108572475747
2001-10-01 08:00:00,19.42661688165139,60,211.67508303215334
2001-10-01 09:00:00,20.461893062061474,60,299.3537732405223
2001-10-01 10:00:00,21.42661688165139,60,366.63199850805046
2001-10-01 11:00:00,22.255044006397583,60,408.9248589652798
2001-10-01 12:00:00,22.890718496789145,60,423.3501660643068
2001-10-01 13:00:00,23.290320186807666,60,408.9248589652798
2001-10-01 14:00:00,23.42661688165139,60,366.63199850805046
2001-10-01 15:00:00,23.290320186807666,60,299.35377324052234
2001-10-01 16:00:00,22.890718496789145,60,211.67508303215334
2001-10-01 17:00:00,22.255044006397583,60,109.57108572475758
2001-10-01 18:00:00,21.42661688165139,60,5.184544257891537e-14
2001-10-01 19:00:00,20.461893062061474,60,0.0
2001-10-01 20:00:00,19.42661688165139,60,0.0
2001-10-01 21:00:00,18.391340701241308,60,0.0
2001-10-01 22:00:00,17.42661688165139,60,0.0
2001-10-01 23:00:00,16.598189756905203,60,0.0
2001-10-02 00:00:00,15.827731061343878,60,0.0
2001-10-02 01:00:00,15.42812937132536,60,0.0
2001-10-02 02:00:00,15.291832676481633,60,0.0
2001-10-02 03:00:00,15.42812937132536,60,0.0
2001-10-02 04:00:00,15.82773106134388,60,0.0
2001-10-02 05:00:00,16.46340555173544,60,0.0
2001-10-02 06:00:00,17.291832676481633,60,0.0
2001-10-02 07:00:00,18.25655649607155,60,108.61988177790838
2001-10-02 08:00:00,19.291832676481633,60,209.8374981154941
2001-10-02 09:00:00,20.327108856891716,60,296.75503572937055
2001-10-02 10:00:00,21.291832676481633,60,363.4492080691744
2001-10-02 11:00:00,22.120259801227824,60,405.37491750727895
2001-10-02 12:00:00,22.755934291619386,60,419.67499623098826
2001-10-02 13:00:00,23.155535981637907,60,405.37491750727895
2001-10-02 14:00:00,23.291832676481633,60,363.4492080691744
2001-10-02 15:00:00,23.155535981637907,60,296.7550357293706
2001-10-02 16:00:00,22.755934291619386,60,209.8374981154941
2001-10-02 17:00:00,22.120259801227824,60,108.6198817779085
2001-10-02 18:00:00,21.291832676481633,60,5.139536408164573e-14
2001-10-02 19:00:00,20.327108856891716,60,0.0
2001-10-02 20:00:00,19.291832676481633,60,0.0
2001-10-02 21:00:00,18.25655649607155,60,0.0
2001-10-02 22:00:00,17.291832676481633,60,0.0
2001-10-02 23:00:00,16.463405551735445,60,0.0
2001-10-03 00:00:00,15.69345302301735,60,0.0
2001-10-03 01:00:00,15.293851332998832,60,0.0
2001-10-03 02:00:00,15.157554638155105,60,0.0
2001-10-03 03:00:00,15.293851332998832,60,0.0
2001-10-03 04:00:00,15.693453023017351,60,0.0
2001-10-03 05:00:00,16.329127513408913,60,0.0
2001-10-03 06:00:00,17.157554638155105,60,0.0
2001-10-03 07:00:00,18.122278457745022,60,107.66063107823496
2001-10-03 08:00:00,19.157554638155105,60,207.98436806609325
2001-10-03 09:00:00,20.192830818565188,60,294.1343140806668
2001-10-03 10:00:00,21.157554638155105,60,360.2394926705795
2001-10-03 11:00:00,21.985981762901297,60,401.7949451589018
2001-10-03 12:00:00,22.62165625329286,60,415.9687361321866
2001-10-03 13:00:00,23.02125794331138,60,401.7949451589018
2001-10-03 14:00:00,23.157554638155105,60,360.2394926705795
2001-10-03 15:00:00,23.02125794331138,60,294.1343140806668
2001-10-03 16:00:00,22.62165625329286,60,207.98436806609325
2001-10-03 17:00:00,21.985981762901297,60,107.66063107823508
2001-10-03 18:00:00,21.157554638155105,60,5.094147812496523e-14
2001-10-03 19:00:00,20.192830818565188,60,0.0
2001-10-03 20:00:00,19.157554638155105,60,0.0
2001-10-03 21:00:00,18.122278457745022,60,0.0
2001-10-03 22:00:00,17.157554638155105,60,0.0
2001-10-03 23:00:00,16.329127513408917,60,0.0
2001-10-04 00:00:00,15.559720941014762,60,0.0
2001-10-04 01:00:00,15.160119250996244,60,0.0
2001-10-04 02:00:00,15.023822556152517,60,0.0
2001-10-04 03:00:00,15.160119250996244,60,0.0
2001-10-04 04:00:00,15.559720941014763,60,0.0
2001-10-04 05:00:00,16.195395431406325,60,0.0
2001-10-04 06:00:00,17.023822556152517,60,0.0
2001-10-04 07:00:00,17.988546375742434,60,106.6934046887244
2001-10-04 08:00:00,19.023822556152517,60,206.1158301671001
2001-10-04 09:00:00,20.0590987365626,60,291.49180244210254
2001-10-04 10:00:00,21.023822556152517,60,357.0030900936554
2001-10-04 11:00:00,21.85224968089871,60,398.18520713082694
2001-10-04 12:00:00,22.48792417129027,60,412.2316603342003
2001-10-04 13:00:00,22.88752586130879,60,398.18520713082694
2001-10-04 14:00:00,23.023822556152517,60,357.0030900936554
2001-10-04 15:00:00,22.88752586130879,60,291.49180244210254
2001-10-04 16:00:00,22.48792417129027,60,206.1158301671001
2001-10-04 17:00:00,21.85224968089871,60,106.69340468872451
2001-10-04 18:00:00,21.023822556152517,60,5.048381833354773e-14
2001-10-04 19:00:00,20.0590987365626,60,0.0
2001-10-04 20:00:00,19.023822556152517,60,0.0
2001-10-04 21:00:00,17.988546375742434,60,0.0
2001-10-04 22:00:00,17.023822556152517,60,0.0
2001-10-04 23:00:00,16.19539543140633,60,0.0
2001-10-05 00:00:00,15.426574443038186,60,0.0
2001-10-05 01:00:00,15.026972753019669,60,0.0
2001-10-05 02:00:00,14.890676058175941,60,0.0
2001-10-05 03:00:00,15.026972753019669,60,0.0
2001-10-05 04:00:00,15.426574443038188,60,0.0
2001-10-05 05:00:00,16.06224893342975,60,0.0
2001-10-05 06:00:00,16.89067605817594,60,0.0
2001-10-05 07:00:00,17.85539987776586,60,105.7182742632172
2001-10-05 08:00:00,18.89067605817594,60,204.2320228431048
2001-10-05 09:00:00,19.925952238586024,60,288.8276965756106
2001-10-05 10:00:00,20.89067605817594,60,353.7402400968252
2001-10-05 11:00:00,21.719103182922133,60,394.5459708388278
2001-10-05 12:00:00,22.354777673313695,60,408.4640456862097
2001-10-05 13:00:00,22.754379363332216,60,394.5459708388278
2001-10-05 14:00:00,22.89067605817594,60,353.7402400968252
2001-10-05 15:00:00,22.754379363332216,60,288.8276965756106
2001-10-05 16:00:00,22.354777673313695,60,204.2320228431048
2001-10-05 17:00:00,21.719103182922133,60,105.71827426321732
2001-10-05 18:00:00,20.89067605817594,60,5.002241861163949e-14
2001-10-05 19:00:00,19.925952238586024,60,0.0
2001-10-05 20:00:00,18.89067605817594,60,0.0
2001-10-05 21:00:00,17.85539987776586,60,0.0
2001-10-05 22:00:00,16.89067605817594,60,0.0
2001-10-05 23:00:00,16.062248933429753,60,0.0
2001-10-06 00:00:00,15.294052983268516,60,0.0
2001-10-06 01:00:00,14.894451293249999,60,0.0
2001-10-06 02:00:00,14.758154598406271,60,0.0
2001-10-06 03:00:00,14.894451293249999,60,0.0
2001-10-06 04:00:00,15.294052983268518,60,0.0
2001-10-06 05:00:00,15.929727473660082,60,0.0
2001-10-06 06:00:00,16.75815459840627,60,0.0
2001-10-06 07:00:00,17.72287841799619,60,104.7353120410989
2001-10-06 08:00:00,18.75815459840627,60,202.33308564988366
2001-10-06 09:00:00,19.793430778816354,60,286.1421938428626
2001-10-06 10:00:00,20.75815459840627,60,350.4511843977839
2001-10-06 11:00:00,21.586581723152463,60,390.8775058839615
2001-10-06 12:00:00,22.222256213544025,60,404.6661712997674
2001-10-06 13:00:00,22.621857903562546,60,390.8775058839615
2001-10-06 14:00:00,22.75815459840627,60,350.4511843977839
2001-10-06 15:00:00,22.621857903562546,60,286.1421938428626
2001-10-06 16:00:00,22.222256213544025,60,202.33308564988366
2001-10-06 17:00:00,21.586581723152463,60,104.73531204109901
2001-10-06 18:00:00,20.75815459840627,60,4.955731314054747e-14
2001-10-06 19:00:00,19.793430778816354,60,0.0
2001-10-06 20:00:00,18.75815459840627,60,0.0
2001-10-06 21:00:00,17.72287841799619,60,0.0
2001-10-06 22:00:00,16.75815459840627,60,0.0
2001-10-06 23:00:00,15.929727473660083,60,0.0
2001-10-07 00:00:00,15.162195830674323,60,0.0
2001-10-07 01:00:00,14.762594140655805,60,0.0
2001-10-07 02:00:00,14.626297445812078,60,0.0
2001-10-07 03:00:00,14.762594140655805,60,0.0
2001-10-07 04:00:00,15.162195830674325,60,0.0
2001-10-07 05:00:00,15.797870321065888,60,0.0
2001-10-07 06:00:00,16.626297445812078,60,0.0
2001-10-07 07:00:00,17.591021265401995,60,103.7445908419481
2001-10-07 08:00:00,18.626297445812078,60,200.41915926406
2001-10-07 09:00:00,19.66157362622216,60,283.43549319064704
2001-10-07 10:00:00,20.626297445812078,60,347.1361666555906
2001-10-07 11:00:00,21.45472457055827,60,387.1800840325951
2001-10-07 12:00:00,22.09039906094983,60,400.8383185281201
2001-10-07 13:00:00,22.490000750968353,60,387.1800840325951
2001-10-07 14:00:00,22.626297445812078,60,347.1361666555906
2001-10-07 15:00:00,22.490000750968353,60,283.43549319064704
2001-10-07 16:00:00,22.09039906094983,60,200.41915926406
2001-10-07 17:00:00,21.45472457055827,60,103.74459084194821
2001-10-07 18:00:00,20.626297445812078,60,4.9088536376106944e-14
2001-10-07 19:00:00,19.66157362622216,60,0.0
2001-10-07 20:00:00,18.626297445812078,60,0.0
2001-10-07 21:00:00,17.591021265401995,60,0.0
2001-10-07 22:00:00,16.626297445812078,60,0.0
2001-10-07 23:00:00,15.79787032106589,60,0.0
2001-10-08 00:00:00,15.03104205737563,60,0.0
2001-10-08 01:00:00,14.631440367357113,60,0.0
2001-10-08 02:00:00,14.495143672513386,60,0.0
2001-10-08 03:00:00,14.631440367357113,60,0.0
2001-10-08 04:00:00,15.031042057375632,60,0.0
2001-10-08 05:00:00,15.666716547767196,60,0.0
2001-10-08 06:00:00,16.495143672513386,60,0.0
2001-10-08 07:00:00,17.459867492103303,60,102.74618406014244
2001-10-08 08:00:00,18.495143672513386,60,198.49038547268353
2001-10-08 09:00:00,19.53041985292347,60,280.70779513613263
2001-10-08 10:00:00,20.495143672513386,60,343.7954324526193
2001-10-08 11:00:00,21.323570797259578,60,383.4539791962751
2001-10-08 12:00:00,21.95924528765114,60,396.9807709453671
2001-10-08 13:00:00,22.35884697766966,60,383.4539791962751
2001-10-08 14:00:00,22.495143672513386,60,343.7954324526193
2001-10-08 15:00:00,22.35884697766966,60,280.7077951361327
2001-10-08 16:00:00,21.95924528765114,60,198.49038547268353
2001-10-08 17:00:00,21.323570797259578,60,102.74618406014254
2001-10-08 18:00:00,20.495143672513386,60,4.8616123046129244e-14
2001-10-08 19:00:00,19.53041985292347,60,0.0
2001-10-08 20:00:00,18.495143672513386,60,0.0
2001-10-08 21:00:00,17.459867492103303,60,0.0
2001-10-08 22:00:00,16.495143672513386,60,0.0
2001-10-08 23:00:00,15.666716547767198,60,0.0
2001-10-09 00:00:00,14.900630527066005,60,0.0
2001-10-09 01:00:00,14.501028837047487,60,0.0
2001-10-09 02:00:00,14.36473214220376,60,0.0
2001-10-09 03:00:00,14.501028837047487,60,0.0
2001-10-09 04:00:00,14.900630527066006,60,0.0
2001-10-09 05:00:00,15.53630501745757,60,0.0
2001-10-09 06:00:00,16.36473214220376,60,0.0
2001-10-09 07:00:00,17.329455961793677,60,101.74016565942087
2001-10-09 08:00:00,18.36473214220376,60,196.54690716272555
2001-10-09 09:00:00,19.400008322613843,60,277.9593017520121
2001-10-09 10:00:00,20.36473214220376,60,340.429229276364
2001-10-09 11:00:00,21.193159266949948,60,379.699467411433
2001-10-09 12:00:00,21.828833757341513,60,393.09381432545115
2001-10-09 13:00:00,22.228435447360035,60,379.699467411433
2001-10-09 14:00:00,22.36473214220376,60,340.429229276364
2001-10-09 15:00:00,22.228435447360035,60,277.95930175201215
2001-10-09 16:00:00,21.828833757341513,60,196.54690716272555
2001-10-09 17:00:00,21.19315926694995,60,101.74016565942098
2001-10-09 18:00:00,20.36473214220376,60,4.8140108147828775e-14
2001-10-09 19:00:00,19.400008322613843,60,0.0
2001-10-09 20:00:00,18.36473214220376,60,0.0
2001-10-09 21:00:00,17.329455961793677,60,0.0
2001-10-09 22:00:00,16.36473214220376,60,0.0
2001-10-09 23:00:00,15.536305017457572,60,0.0
2001-10-10 00:00:00,14.770999883496378,60,0.0
2001-10-10 01:00:00,14.37139819347786,60,0.0
2001-10-10 02:00:00,14.235101498634133,60,0.0
2001-10-10 03:00:00,14.37139819347786,60,0.0
2001-10-10 04:00:00,14.77099988349638,60,0.0
2001-10-10 05:00:00,15.406674373887943,60,0.0
2001-10-10 06:00:00,16.235101498634133,60,0.0
2001-10-10 07:00:00,17.19982531822405,60,100.72661016740464
2001-10-10 08:00:00,18.235101498634133,60,194.58886831049438
2001-10-10 09:00:00,19.270377679044216,60,275.1902166515333
2001-10-10 10:00:00,20.235101498634133,60,337.03780650110576
2001-10-10 11:00:00,21.06352862338032,60,375.91682681893803
2001-10-10 12:00:00,21.699203113771887,60,389.1777366209888
2001-10-10 13:00:00,22.098804803790408,60,375.91682681893803
2001-10-10 14:00:00,22.235101498634133,60,337.03780650110576
2001-10-10 15:00:00,22.098804803790408,60,275.1902166515334
2001-10-10 16:00:00,21.699203113771887,60,194.58886831049438
2001-10-10 17:00:00,21.063528623380325,60,100.72661016740476
2001-10-10 18:00:00,20.235101498634133,60,4.766052694523056e-14
2001-10-10 19:00:00,19.270377679044216,60,0.0
2001-10-10 20:00:00,18.235101498634133,60,0.0
2001-10-10 21:00:00,17.19982531822405,60,0.0
2001-10-10 22:00:00,16.235101498634133,60,0.0
2001-10-10 23:00:00,15.406674373887945,60,0.0
2001-10-11 00:00:00,14.642188539024106,60,0.0
2001-10-11 01:00:00,14.242586849005589,60,0.0
2001-10-11 02:00:00,14.106290154161861,60,0.0
2001-10-11 03:00:00,14.242586849005589,60,0.0
2001-10-11 04:00:00,14.642188539024108,60,0.0
2001-10-11 05:00:00,15.277863029415672,60,0.0
2001-10-11 06:00:00,16.10629015416186,60,0.0
2001-10-11 07:00:00,17.07101397375178,60,99.70559267007613
2001-10-11 08:00:00,18.10629015416186,60,192.61641397096906
2001-10-11 09:00:00,19.141566334571944,60,272.400744973415
2001-10-11 10:00:00,20.10629015416186,60,333.62141536943824
2001-10-11 11:00:00,20.934717278908053,60,372.10633764349114
2001-10-11 12:00:00,21.570391769299615,60,385.23282794193824
2001-10-11 13:00:00,21.969993459318136,60,372.10633764349114
2001-10-11 14:00:00,22.10629015416186,60,333.62141536943824
2001-10-11 15:00:00,21.969993459318136,60,272.40074497341504
2001-10-11 16:00:00,21.570391769299615,60,192.61641397096906
2001-10-11 17:00:00,20.934717278908053,60,99.70559267007624
2001-10-11 18:00:00,20.10629015416186,60,4.717741496655777e-14
2001-10-11 19:00:00,19.141566334571944,60,0.0
2001-10-11 20:00:00,18.10629015416186,60,0.0
2001-10-11 21:00:00,17.07101397375178,60,0.0
2001-10-11 22:00:00,16.10629015416186,60,0.0
2001-10-11 23:00:00,15.277863029415673,60,0.0
2001-10-12 00:00:00,14.514234663230527,60,0.0
2001-10-12 01:00:00,14.114632973212009,60,0.0
2001-10-12 02:00:00,13.978336278368282,60,0.0
2001-10-12 03:00:00,14.114632973212009,60,0.0
2001-10-12 04:00:00,14.514234663230528,60,0.0
2001-10-12 05:00:00,15.149909153622092,60,0.0
2001-10-12 06:00:00,15.978336278368282,60,0.0
2001-10-12 07:00:00,16.9430600979582,60,98.67718880621602
2001-10-12 08:00:00,17.978336278368282,60,190.6296902670532
2001-10-12 09:00:00,19.013612458778365,60,269.59109336664903
2001-10-12 10:00:00,19.978336278368282,60,330.1803089736545
2001-10-12 11:00:00,20.806763403114473,60,368.2682821728651
2001-10-12 12:00:00,21.442437893506035,60,381.25938053410647
2001-10-12 13:00:00,21.842039583524556,60,368.2682821728651
2001-10-12 14:00:00,21.978336278368282,60,330.1803089736545
2001-10-12 15:00:00,21.842039583524556,60,269.5910933666491
2001-10-12 16:00:00,21.442437893506035,60,190.6296902670532
2001-10-12 17:00:00,20.806763403114473,60,98.67718880621614
2001-10-12 18:00:00,19.978336278368282,60,4.6690808001599615e-14
2001-10-12 19:00:00,19.013612458778365,60,0.0
2001-10-12 20:00:00,17.978336278368282,60,0.0
2001-10-12 21:00:00,16.9430600979582,60,0.0
2001-10-12 22:00:00,15.978336278368284,60,0.0
2001-10-12 23:00:00,15.149909153622094,60,0.0
2001-10-13 00:00:00,14.387176171610514,60,0.0
2001-10-13 01:00:00,13.987574481591997,60,0.0
2001-10-13 02:00:00,13.85127778674827,60,0.0
2001-10-13 03:00:00,13.987574481591997,60,0.0
2001-10-13 04:00:00,14.387176171610516,60,0.0
2001-10-13 05:00:00,15.02285066200208,60,0.0
2001-10-13 06:00:00,15.85127778674827,60,0.0
2001-10-13 07:00:00,16.816001606338187,60,97.6414747618003
2001-10-13 08:00:00,17.85127778674827,60,188.62884437875027
2001-10-13 09:00:00,18.886553967158353,60,266.7614699751926
2001-10-13 10:00:00,19.85127778674827,60,326.7147422369986
2001-10-13 11:00:00,20.67970491149446,60,364.40294473699294
2001-10-13 12:00:00,21.315379401886023,60,377.25768875750066
2001-10-13 13:00:00,21.714981091904544,60,364.40294473699294
2001-10-13 14:00:00,21.85127778674827,60,326.7147422369986
2001-10-13 15:00:00,21.714981091904544,60,266.76146997519265
2001-10-13 16:00:00,21.315379401886023,60,188.62884437875027
2001-10-13 17:00:00,20.67970491149446,60,97.6414747618004
2001-10-13 18:00:00,19.85127778674827,60,4.6200742099060154e-14
2001-10-13 19:00:00,18.886553967158353,60,0.0
2001-10-13 20:00:00,17.85127778674827,60,0.0
2001-10-13 21:00:00,16.816001606338187,60,0.0
2001-10-13 22:00:00,15.851277786748271,60,0.0
2001-10-13 23:00:00,15.022850662002082,60,0.0
2001-10-14 00:00:00,14.261050714337275,60,0.0
2001-10-14 01:00:00,13.861449024318757,60,0.0
2001-10-14 02:00:00,13.72515232947503,60,0.0
2001-10-14 03:00:00,13.861449024318757,60,0.0
2001-10-14 04:00:00,14.261050714337276,60,0.0
2001-10-14 05:00:00,14.89672520472884,60,0.0
2001-10-14 06:00:00,15.72515232947503,60,0.0
2001-10-14 07:00:00,16.689876149064947,60,96.59852726435598
2001-10-14 08:00:00,17.72515232947503,60,186.61402453226026
2001-10-14 09:00:00,18.760428509885113,60,263.91208442254793
2001-10-14 10:00:00,19.72515232947503,60,323.2249718947797
2001-10-14 11:00:00,20.55357945422122,60,360.5106116869039
2001-10-14 12:00:00,21.189253944612783,60,373.2280490645206
2001-10-14 13:00:00,21.588855634631305,60,360.5106116869039
2001-10-14 14:00:00,21.72515232947503,60,323.2249718947797
2001-10-14 15:00:00,21.588855634631305,60,263.912084422548
2001-10-14 16:00:00,21.189253944612783,60,186.61402453226026
2001-10-14 17:00:00,20.55357945422122,60,96.59852726435608
2001-10-14 18:00:00,19.72515232947503,60,4.5707253563887637e-14
2001-10-14 19:00:00,18.760428509885113,60,0.0
2001-10-14 20:00:00,17.72515232947503,60,0.0
2001-10-14 21:00:00,16.689876149064947,60,0.0
2001-10-14 22:00:00,15.725152329475032,60,0.0
2001-10-14 23:00:00,14.896725204728842,60,0.0
2001-10-15 00:00:00,14.135895665105812,60,0.0
2001-10-15 01:00:00,13.736293975087294,60,0.0
2001-10-15 02:00:00,13.599997280243567,60,0.0
2001-10-15 03:00:00,13.736293975087294,60,0.0
2001-10-15 04:00:00,14.135895665105814,60,0.0
2001-10-15 05:00:00,14.771570155497377,60,0.0
2001-10-15 06:00:00,15.599997280243567,60,0.0
2001-10-15 07:00:00,16.564721099833484,60,95.54842357727696
2001-10-15 08:00:00,17.599997280243567,60,184.58537998899826
2001-10-15 09:00:00,18.63527346065365,60,261.04314779623263
2001-10-15 10:00:00,19.599997280243567,60,319.71125647535257
2001-10-15 11:00:00,20.428424404989755,60,356.5915713735096
2001-10-15 12:00:00,21.06409889538132,60,369.17075997799657
2001-10-15 13:00:00,21.46370058539984,60,356.5915713735096
2001-10-15 14:00:00,21.599997280243567,60,319.71125647535257
2001-10-15 15:00:00,21.46370058539984,60,261.0431477962327
2001-10-15 16:00:00,21.06409889538132,60,184.58537998899826
2001-10-15 17:00:00,20.42842440498976,60,95.54842357727706
2001-10-15 18:00:00,19.599997280243567,60,4.521037895458493e-14
2001-10-15 19:00:00,18.63527346065365,60,0.0
2001-10-15 20:00:00,17.599997280243567,60,0.0
2001-10-15 21:00:00,16.564721099833484,60,0.0
2001-10-15 22:00:00,15.599997280243569,60,0.0
2001-10-15 23:00:00,14.771570155497379,60,0.0
2001-10-16 00:00:00,14.011748110058283,60,0.0
2001-10-16 01:00:00,13.612146420039766,60,0.0
2001-10-16 02:00:00,13.475849725196039,60,0.0
2001-10-16 03:00:00,13.612146420039766,60,0.0
2001-10-16 04:00:00,14.011748110058285,60,0.0
2001-10-16 05:00:00,14.647422600449849,60,0.0
2001-10-16 06:00:00,15.475849725196039,60,0.0
2001-10-16 07:00:00,16.440573544785956,60,94.49124149410052
2001-10-16 08:00:00,17.47584972519604,60,182.54306103453786
2001-10-16 09:00:00,18.51112590560612,60,258.1548726321431
2001-10-16 10:00:00,19.47584972519604,60,316.1738562809662
2001-10-16 11:00:00,20.304276849942227,60,352.6461141262437
2001-10-16 12:00:00,20.939951340333792,60,365.08612206907577
2001-10-16 13:00:00,21.339553030352313,60,352.6461141262437
2001-10-16 14:00:00,21.47584972519604,60,316.1738562809662
2001-10-16 15:00:00,21.339553030352313,60,258.15487263214317
2001-10-16 16:00:00,20.939951340333792,60,182.54306103453786
2001-10-16 17:00:00,20.30427684994223,60,94.49124149410062
2001-10-16 18:00:00,19.47584972519604,60,4.471015508050135e-14
2001-10-16 19:00:00,18.51112590560612,60,0.0
2001-10-16 20:00:00,17.47584972519604,60,0.0
2001-10-16 21:00:00,16.440573544785956,60,0.0
2001-10-16 22:00:00,15.47584972519604,60,0.0
2001-10-16 23:00:00,14.64742260044985,60,0.0
2001-10-17 00:00:00,13.88864483679457,60,0.0
2001-10-17 01:00:00,13.489043146776053,60,0.0
2001-10-17 02:00:00,13.352746451932326,60,0.0
2001-10-17 03:00:00,13.489043146776053,60,0.0
2001-10-17 04:00:00,13.888644836794573,60,0.0
2001-10-17 05:00:00,14.524319327186136,60,0.0
2001-10-17 06:00:00,15.352746451932326,60,0.0
2001-10-17 07:00:00,16.317470271522243,60,93.42705933274382
2001-10-17 08:00:00,17.352746451932326,60,180.48721896747674
2001-10-17 09:00:00,18.38802263234241,60,255.24747289880816
2001-10-17 10:00:00,19.352746451932326,60,312.6130333684789
2001-10-17 11:00:00,20.181173576678518,60,348.674532231552
2001-10-17 12:00:00,20.81684806707008,60,360.9744379349535
2001-10-17 13:00:00,21.2164497570886,60,348.674532231552
2001-10-17 14:00:00,21.352746451932326,60,312.6130333684789
2001-10-17 15:00:00,21.2164497570886,60,255.24747289880818
2001-10-17 16:00:00,20.81684806707008,60,180.48721896747674
2001-10-17 17:00:00,20.181173576678518,60,93.42705933274392
2001-10-17 18:00:00,19.352746451932326,60,4.4206618999105575e-14
2001-10-17 19:00:00,18.38802263234241,60,0.0
2001-10-17 20:00:00,17.352746451932326,60,0.0
2001-10-17 21:00:00,16.317470271522243,60,0.0
2001-10-17 22:00:00,15.352746451932328,60,0.0
2001-10-17 23:00:00,14.524319327186138,60,0.0
2001-10-18 00:00:00,13.766622323471333,60,0.0
2001-10-18 01:00:00,13.367020633452816,60,0.0
2001-10-18 02:00:00,13.230723938609088,60,0.0
2001-10-18 03:00:00,13.367020633452816,60,0.0
2001-10-18 04:00:00,13.766622323471335,60,0.0
2001-10-18 05:00:00,14.402296813862899,60,0.0
2001-10-18 06:00:00,15.230723938609088,60,0.0
2001-10-18 07:00:00,16.195447758199006,60,92.35595592970236
2001-10-18 08:00:00,17.23072393860909,60,178.41800608822905
2001-10-18 09:00:00,18.26600011901917,60,252.32116398153897
2001-10-18 10:00:00,19.23072393860909,60,309.02905152994606
2001-10-18 11:00:00,20.05915106335528,60,344.67711991124133
2001-10-18 12:00:00,20.694825553746842,60,356.83601217645815
2001-10-18 13:00:00,21.094427243765363,60,344.67711991124133
2001-10-18 14:00:00,21.23072393860909,60,309.02905152994606
2001-10-18 15:00:00,21.094427243765363,60,252.321163981539
2001-10-18 16:00:00,20.694825553746842,60,178.41800608822905
2001-10-18 17:00:00,20.05915106335528,60,92.35595592970246
2001-10-18 18:00:00,19.23072393860909,60,4.369980801324054e-14
2001-10-18 19:00:00,18.26600011901917,60,0.0
2001-10-18 20:00:00,17.23072393860909,60,0.0
2001-10-18 21:00:00,16.195447758199006,60,0.0
2001-10-18 22:00:00,15.23072393860909,60,0.0
2001-10-18 23:00:00,14.4022968138629,60,0.0
2001-10-19 00:00:00,13.645716727992722,60,0.0
2001-10-19 01:00:00,13.246115037974205,60,0.0
2001-10-19 02:00:00,13.109818343130478,60,0.0
2001-10-19 03:00:00,13.246115037974205,60,0.0
2001-10-19 04:00:00,13.645716727992724,60,0.0
2001-10-19 05:00:00,14.281391218384288,60,0.0
2001-10-19 06:00:00,15.109818343130478,60,0.0
2001-10-19 07:00:00,16.074542162720395,60,91.27801063420931
2001-10-19 08:00:00,17.109818343130478,60,176.33557568774194
2001-10-19 09:00:00,18.14509452354056,60,249.37616266647208
2001-10-19 10:00:00,19.109818343130478,60,305.4221762730764
2001-10-19 11:00:00,19.93824546787667,60,340.6541733006814
2001-10-19 12:00:00,20.57391995826823,60,352.67115137548393
2001-10-19 13:00:00,20.973521648286752,60,340.6541733006814
2001-10-19 14:00:00,21.109818343130478,60,305.4221762730764
2001-10-19 15:00:00,20.973521648286752,60,249.3761626664721
2001-10-19 16:00:00,20.57391995826823,60,176.33557568774194
2001-10-19 17:00:00,19.93824546787667,60,91.27801063420941
2001-10-19 18:00:00,19.109818343130478,60,4.318975966835981e-14
2001-10-19 19:00:00,18.14509452354056,60,0.0
2001-10-19 20:00:00,17.109818343130478,60,0.0
2001-10-19 21:00:00,16.074542162720395,60,0.0
2001-10-19 22:00:00,15.10981834313048,60,0.0
2001-10-19 23:00:00,14.28139121838429,60,0.0
2001-10-20 00:00:00,13.525963877296041,60,0.0
2001-10-20 01:00:00,13.126362187277524,60,0.0
2001-10-20 02:00:00,12.990065492433796,60,0.0
2001-10-20 03:00:00,13.126362187277524,60,0.0
2001-10-20 04:00:00,13.525963877296043,60,0.0
2001-10-20 05:00:00,14.161638367687607,60,0.0
2001-10-20 06:00:00,14.990065492433796,60,0.0
2001-10-20 07:00:00,15.954789312023713,60,90.19330330235746
2001-10-20 08:00:00,16.990065492433796,60,174.24008203614034
2001-10-20 09:00:00,18.02534167284388,60,246.41268712451037
2001-10-20 10:00:00,18.990065492433796,60,301.7926748015644
2001-10-20 11:00:00,19.818492617179984,60,336.60599042686783
2001-10-20 12:00:00,20.45416710757155,60,348.48016407228073
2001-10-20 13:00:00,20.85376879759007,60,336.60599042686783
2001-10-20 14:00:00,20.990065492433796,60,301.7926748015644
2001-10-20 15:00:00,20.85376879759007,60,246.41268712451043
2001-10-20 16:00:00,20.45416710757155,60,174.24008203614034
2001-10-20 17:00:00,19.818492617179988,60,90.19330330235756
2001-10-20 18:00:00,18.990065492433796,60,4.267651174974631e-14
2001-10-20 19:00:00,18.02534167284388,60,0.0
2001-10-20 20:00:00,16.990065492433796,60,0.0
2001-10-20 21:00:00,15.954789312023713,60,0.0
2001-10-20 22:00:00,14.990065492433798,60,0.0
2001-10-20 23:00:00,14.161638367687608,60,0.0
2001-10-21 00:00:00,13.407399256735426,60,0.0
2001-10-21 01:00:00,13.007797566716908,60,0.0
2001-10-21 02:00:00,12.871500871873181,60,0.0
2001-10-21 03:00:00,13.007797566716908,60,0.0
2001-10-21 04:00:00,13.407399256735427,60,0.0
2001-10-21 05:00:00,14.043073747126991,60,0.0
2001-10-21 06:00:00,14.871500871873181,60,0.0
2001-10-21 07:00:00,15.836224691463098,60,89.101914291183
2001-10-21 08:00:00,16.87150087187318,60,172.13168037129734
2001-10-21 09:00:00,17.906777052283264,60,243.4309568951594
2001-10-21 10:00:00,18.87150087187318,60,298.1408159952935
2001-10-21 11:00:00,19.699927996619373,60,332.5328711863424
2001-10-21 12:00:00,20.335602487010934,60,344.2633607425947
2001-10-21 13:00:00,20.735204177029456,60,332.5328711863424
2001-10-21 14:00:00,20.87150087187318,60,298.1408159952935
2001-10-21 15:00:00,20.735204177029456,60,243.43095689515943
2001-10-21 16:00:00,20.335602487010934,60,172.13168037129734
2001-10-21 17:00:00,19.699927996619373,60,89.10191429118309
2001-10-21 18:00:00,18.87150087187318,60,4.216010227971292e-14
2001-10-21 19:00:00,17.906777052283264,60,0.0
2001-10-21 20:00:00,16.87150087187318,60,0.0
2001-10-21 21:00:00,15.836224691463098,60,0.0
2001-10-21 22:00:00,14.871500871873183,60,0.0
2001-10-21 23:00:00,14.043073747126993,60,0.0
2001-10-22 00:00:00,13.290057999566779,60,0.0
2001-10-22 01:00:00,12.890456309548261,60,0.0
2001-10-22 02:00:00,12.754159614704534,60,0.0
2001-10-22 03:00:00,12.890456309548261,60,0.0
2001-10-22 04:00:00,13.29005799956678,60,0.0
2001-10-22 05:00:00,13.925732489958344,60,0.0
2001-10-22 06:00:00,14.754159614704534,60,0.0
2001-10-22 07:00:00,15.718883434294451,60,88.0039244527131
2001-10-22 08:00:00,16.754159614704534,60,170.01052688733526
2001-10-22 09:00:00,17.789435795114617,60,240.43119287026528
2001-10-22 10:00:00,18.754159614704534,60,294.46687039041944
2001-10-22 11:00:00,19.582586739450726,60,328.4351173229784
2001-10-22 12:00:00,20.218261229842287,60,340.0210537746706
2001-10-22 13:00:00,20.61786291986081,60,328.4351173229784
2001-10-22 14:00:00,20.754159614704534,60,294.46687039041944
2001-10-22 15:00:00,20.61786291986081,60,240.4311928702653
2001-10-22 16:00:00,20.218261229842287,60,170.01052688733526
2001-10-22 17:00:00,19.582586739450726,60,88.00392445271319
2001-10-22 18:00:00,18.754159614704534,60,4.164056951478604e-14
2001-10-22 19:00:00,17.789435795114617,60,0.0
2001-10-22 20:00:00,16.754159614704534,60,0.0
2001-10-22 21:00:00,15.718883434294451,60,0.0
2001-10-22 22:00:00,14.754159614704536,60,0.0
2001-10-22 23:00:00,13.925732489958346,60,0.0
2001-10-23 00:00:00,13.17397487653704,60,0.0
2001-10-23 01:00:00,12.774373186518522,60,0.0
2001-10-23 02:00:00,12.638076491674795,60,0.0
2001-10-23 03:00:00,12.774373186518522,60,0.0
2001-10-23 04:00:00,13.173974876537041,60,0.0
2001-10-23 05:00:00,13.809649366928605,60,0.0
2001-10-23 06:00:00,14.638076491674795,60,0.0
2001-10-23 07:00:00,15.602800311264712,60,86.89941512797547
2001-10-23 08:00:00,16.638076491674795,60,167.87677872305292
2001-10-23 09:00:00,17.673352672084878,60,237.41361727764848
2001-10-23 10:00:00,18.638076491674795,60,290.7711101593256
2001-10-23 11:00:00,19.466503616420987,60,324.31303240562397
2001-10-23 12:00:00,20.10217810681255,60,335.7535574461059
2001-10-23 13:00:00,20.50177979683107,60,324.31303240562397
2001-10-23 14:00:00,20.638076491674795,60,290.7711101593256
2001-10-23 15:00:00,20.50177979683107,60,237.4136172776485
2001-10-23 16:00:00,20.10217810681255,60,167.87677872305292
2001-10-23 17:00:00,19.466503616420987,60,86.89941512797557
2001-10-23 18:00:00,18.638076491674795,60,4.1117951942871055e-14
2001-10-23 19:00:00,17.673352672084878,60,0.0
2001-10-23 20:00:00,16.638076491674795,60,0.0
2001-10-23 21:00:00,15.602800311264712,60,0.0
2001-10-23 22:00:00,14.638076491674797,60,0.0
2001-10-23 23:00:00,13.809649366928607,60,0.0
2001-10-24 00:00:00,13.059184285580836,60,0.0
2001-10-24 01:00:00,12.659582595562318,60,0.0
2001-10-24 02:00:00,12.52328590071859,60,0.0
2001-10-24 03:00:00,12.659582595562318,60,0.0
2001-10-24 04:00:00,13.059184285580837,60,0.0
2001-10-24 05:00:00,13.694858775972401,60,0.0
2001-10-24 06:00:00,14.52328590071859,60,0.0
2001-10-24 07:00:00,15.488009720308508,60,85.78846814097321
2001-10-24 08:00:00,16.52328590071859,60,165.73059395028588
2001-10-24 09:00:00,17.558562081128674,60,234.37845366464273
2001-10-24 10:00:00,18.52328590071859,60,287.05380909046244
2001-10-24 11:00:00,19.351713025464782,60,320.16692180561597
2001-10-24 12:00:00,19.987387515856344,60,331.4611879005718
2001-10-24 13:00:00,20.386989205874865,60,320.16692180561597
2001-10-24 14:00:00,20.52328590071859,60,287.05380909046244
2001-10-24 15:00:00,20.386989205874865,60,234.37845366464276
2001-10-24 16:00:00,19.987387515856344,60,165.73059395028588
2001-10-24 17:00:00,19.351713025464782,60,85.78846814097331
2001-10-24 18:00:00,18.52328590071859,60,4.059228828040147e-14
2001-10-24 19:00:00,17.558562081128674,60,0.0
2001-10-24 20:00:00,16.52328590071859,60,0.0
2001-10-24 21:00:00,15.488009720308508,60,0.0
2001-10-24 22:00:00,14.523285900718593,60,0.0
2001-10-24 23:00:00,13.694858775972403,60,0.0
2001-10-25 00:00:00,12.94572024162765,60,0.0
2001-10-25 01:00:00,12.546118551609132,60,0.0
2001-10-25 02:00:00,12.409821856765404,60,0.0
2001-10-25 03:00:00,12.546118551609132,60,0.0
2001-10-25 04:00:00,12.945720241627651,60,0.0
2001-10-25 05:00:00,13.581394732019215,60,0.0
2001-10-25 06:00:00,14.409821856765404,60,0.0
2001-10-25 07:00:00,15.374545676355321,60,84.67116579262256
2001-10-25 08:00:00,16.409821856765404,60,163.57213156219527
2001-10-25 09:00:00,17.445098037175487,60,231.32592688153275
2001-10-25 10:00:00,18.409821856765404,60,283.315242568063
2001-10-25 11:00:00,19.238248981511596,60,315.99709267415534
2001-10-25 12:00:00,19.873923471903158,60,327.1442631243906
2001-10-25 13:00:00,20.27352516192168,60,315.99709267415534
2001-10-25 14:00:00,20.409821856765404,60,283.315242568063
2001-10-25 15:00:00,20.27352516192168,60,231.32592688153278
2001-10-25 16:00:00,19.873923471903158,60,163.57213156219527
2001-10-25 17:00:00,19.238248981511596,60,84.67116579262266
2001-10-25 18:00:00,18.409821856765404,60,4.006361746947044e-14
2001-10-25 19:00:00,17.445098037175487,60,0.0
2001-10-25 20:00:00,16.409821856765404,60,0.0
2001-10-25 21:00:00,15.374545676355321,60,0.0
2001-10-25 22:00:00,14.409821856765406,60,0.0
2001-10-25 23:00:00,13.581394732019216,60,0.0
2001-10-26 00:00:00,12.833616366522458,60,0.0
2001-10-26 01:00:00,12.43401467650394,60,0.0
2001-10-26 02:00:00,12.297717981660213,60,0.0
2001-10-26 03:00:00,12.43401467650394,60,0.0
2001-10-26 04:00:00,12.83361636652246,60,0.0
2001-10-26 05:00:00,13.469290856914023,60,0.0
2001-10-26 06:00:00,14.297717981660213,60,0.0
2001-10-26 07:00:00,15.26244180125013,60,83.54759085465639
2001-10-26 08:00:00,16.297717981660213,60,161.40155146148993
2001-10-26 09:00:00,17.332994162070296,60,228.25626306489812
2001-10-26 10:00:00,18.297717981660213,60,279.5556875517434
2001-10-26 11:00:00,19.126145106406405,60,311.8038539195545
2001-10-26 12:00:00,19.761819596797967,60,322.8031029229799
2001-10-26 13:00:00,20.161421286816488,60,311.8038539195545
2001-10-26 14:00:00,20.297717981660213,60,279.5556875517434
2001-10-26 15:00:00,20.161421286816488,60,228.25626306489815
2001-10-26 16:00:00,19.761819596797967,60,161.40155146148993
2001-10-26 17:00:00,19.126145106406405,60,83.54759085465648
2001-10-26 18:00:00,18.297717981660213,60,3.9531978674946096e-14
2001-10-26 19:00:00,17.332994162070296,60,0.0
2001-10-26 20:00:00,16.297717981660213,60,0.0
2001-10-26 21:00:00,15.26244180125013,60,0.0
2001-10-26 22:00:00,14.297717981660215,60,0.0
2001-10-26 23:00:00,13.469290856914025,60,0.0
2001-10-27 00:00:00,12.722905879062862,60,0.0
2001-10-27 01:00:00,12.323304189044345,60,0.0
2001-10-27 02:00:00,12.187007494200618,60,0.0
2001-10-27 03:00:00,12.323304189044345,60,0.0
2001-10-27 04:00:00,12.722905879062864,60,0.0
2001-10-27 05:00:00,13.358580369454428,60,0.0
2001-10-27 06:00:00,14.187007494200618,60,0.0
2001-10-27 07:00:00,15.151731313790535,60,82.41782656349187
2001-10-27 08:00:00,16.187007494200618,60,159.21901444857997
2001-10-27 09:00:00,17.2222836746107,60,225.1696896208596
2001-10-27 10:00:00,18.187007494200618,60,275.77542255598377
2001-10-27 11:00:00,19.015434618946806,60,307.5875161843515
2001-10-27 12:00:00,19.65110910933837,60,318.43802889716
2001-10-27 13:00:00,20.050710799356892,60,307.5875161843515
2001-10-27 14:00:00,20.187007494200618,60,275.77542255598377
2001-10-27 15:00:00,20.050710799356892,60,225.16968962085963
2001-10-27 16:00:00,19.65110910933837,60,159.21901444857997
2001-10-27 17:00:00,19.01543461894681,60,82.41782656349196
2001-10-27 18:00:00,18.187007494200618,60,3.899741128156994e-14
2001-10-27 19:00:00,17.2222836746107,60,0.0
2001-10-27 20:00:00,16.187007494200618,60,0.0
2001-10-27 21:00:00,15.151731313790535,60,0.0
2001-10-27 22:00:00,14.18700749420062,60,0.0
2001-10-27 23:00:00,13.35858036945443,60,0.0
2001-10-28 00:00:00,12.613621585155622,60,0.0
2001-10-28 01:00:00,12.214019895137104,60,0.0
2001-10-28 02:00:00,12.077723200293377,60,0.0
2001-10-28 03:00:00,12.214019895137104,60,0.0
2001-10-28 04:00:00,12.613621585155624,60,0.0
2001-10-28 05:00:00,13.249296075547187,60,0.0
2001-10-28 06:00:00,14.077723200293377,60,0.0
2001-10-28 07:00:00,15.042447019883294,60,81.28195661406463
2001-10-28 08:00:00,16.077723200293377,60,157.02468220966512
2001-10-28 09:00:00,17.11299938070346,60,222.06643520823368
2001-10-28 10:00:00,18.077723200293377,60,271.97472762949684
2001-10-28 11:00:00,18.90615032503957,60,303.3483918222983
2001-10-28 12:00:00,19.54182481543113,60,314.0493644193303
2001-10-28 13:00:00,19.941426505449652,60,303.3483918222983
2001-10-28 14:00:00,20.077723200293377,60,271.97472762949684
2001-10-28 15:00:00,19.941426505449652,60,222.0664352082337
2001-10-28 16:00:00,19.54182481543113,60,157.02468220966512
2001-10-28 17:00:00,18.90615032503957,60,81.28195661406471
2001-10-28 18:00:00,18.077723200293377,60,3.845995489103935e-14
2001-10-28 19:00:00,17.11299938070346,60,0.0
2001-10-28 20:00:00,16.077723200293377,60,0.0
2001-10-28 21:00:00,15.042447019883294,60,0.0
2001-10-28 22:00:00,14.077723200293379,60,0.0
2001-10-28 23:00:00,13.24929607554719,60,0.0
2001-10-29 00:00:00,12.50579586809557,60,0.0
2001-10-29 01:00:00,12.106194178077052,60,0.0
2001-10-29 02:00:00,11.969897483233325,60,0.0
2001-10-29 03:00:00,12.106194178077052,60,0.0
2001-10-29 04:00:00,12.505795868095571,60,0.0
2001-10-29 05:00:00,13.141470358487135,60,0.0
2001-10-29 06:00:00,13.969897483233325,60,0.0
2001-10-29 07:00:00,14.934621302823242,60,80.14006515362803
2001-10-29 08:00:00,15.969897483233325,60,154.8187173047558
2001-10-29 09:00:00,17.005173663643408,60,218.94672972159188
2001-10-29 10:00:00,17.969897483233325,60,268.1538843344801
2001-10-29 11:00:00,18.798324607979517,60,299.08679487521994
2001-10-29 12:00:00,19.43399909837108,60,309.6374346095117
2001-10-29 13:00:00,19.8336007883896,60,299.08679487521994
2001-10-29 14:00:00,19.969897483233325,60,268.1538843344801
2001-10-29 15:00:00,19.8336007883896,60,218.9467297215919
2001-10-29 16:00:00,19.43399909837108,60,154.8187173047558
2001-10-29 17:00:00,18.798324607979517,60,80.14006515362811
2001-10-29 18:00:00,17.969897483233325,60,3.7919649319073635e-14
2001-10-29 19:00:00,17.005173663643408,60,0.0
2001-10-29 20:00:00,15.969897483233325,60,0.0
2001-10-29 21:00:00,14.934621302823242,60,0.0
2001-10-29 22:00:00,13.969897483233327,60,0.0
2001-10-29 23:00:00,13.141470358487137,60,0.0
2001-10-30 00:00:00,12.399460678969737,60,0.0
2001-10-30 01:00:00,11.99985898895122,60,0.0
2001-10-30 02:00:00,11.863562294107492,60,0.0
2001-10-30 03:00:00,11.99985898895122,60,0.0
2001-10-30 04:00:00,12.399460678969739,60,0.0
2001-10-30 05:00:00,13.035135169361302,60,0.0
2001-10-30 06:00:00,13.863562294107492,60,0.0
2001-10-30 07:00:00,14.82828611369741,60,78.99223677551984
2001-10-30 08:00:00,15.863562294107492,60,152.60128315563142
2001-10-30 09:00:00,16.898838474517575,60,215.81080427423095
2001-10-30 10:00:00,17.863562294107492,60,264.3131757257584
2001-10-30 11:00:00,18.69198941885368,60,294.8030410497508
2001-10-30 12:00:00,19.327663909245246,60,305.2025663112629
2001-10-30 13:00:00,19.727265599263767,60,294.8030410497508
2001-10-30 14:00:00,19.863562294107492,60,264.3131757257584
2001-10-30 15:00:00,19.727265599263767,60,215.81080427423097
2001-10-30 16:00:00,19.327663909245246,60,152.60128315563142
2001-10-30 17:00:00,18.691989418853684,60,78.99223677551993
2001-10-30 18:00:00,17.863562294107492,60,3.737653459246459e-14
2001-10-30 19:00:00,16.898838474517575,60,0.0
2001-10-30 20:00:00,15.863562294107492,60,0.0
2001-10-30 21:00:00,14.82828611369741,60,0.0
2001-10-30 22:00:00,13.863562294107494,60,0.0
2001-10-30 23:00:00,13.035135169361304,60,0.0
2001-10-31 00:00:00,12.294647527189564,60,0.0
2001-10-31 01:00:00,11.895045837171047,60,0.0
2001-10-31 02:00:00,11.75874914232732,60,0.0
2001-10-31 03:00:00,11.895045837171047,60,0.0
2001-10-31 04:00:00,12.294647527189564,60,0.0
2001-10-31 05:00:00,12.93032201758113,60,0.0
2001-10-31 06:00:00,13.75874914232732,60,0.0
2001-10-31 07:00:00,14.723472961917237,60,77.83855651289493
2001-10-31 08:00:00,15.75874914232732,60,150.3725440337327
2001-10-31 09:00:00,16.794025322737404,60,212.65889118105025
2001-10-31 10:00:00,17.758749142327318,60,260.45288632981334
2001-10-31 11:00:00,18.58717626707351,60,290.49744769394516
2001-10-31 12:00:00,19.222850757465075,60,300.7450880674655
2001-10-31 13:00:00,19.622452447483592,60,290.49744769394516
2001-10-31 14:00:00,19.758749142327318,60,260.45288632981334
2001-10-31 15:00:00,19.622452447483592,60,212.65889118105028
2001-10-31 16:00:00,19.222850757465075,60,150.3725440337327
2001-10-31 17:00:00,18.58717626707351,60,77.83855651289501
2001-10-31 18:00:00,17.758749142327318,60,3.6830650946111046e-14
2001-10-31 19:00:00,16.794025322737404,60,0.0
2001-10-31 20:00:00,15.75874914232732,60,0.0
2001-10-31 21:00:00,14.723472961917237,60,0.0
2001-10-31 22:00:00,13.758749142327321,60,0.0
2001-10-31 23:00:00,12.930322017581132,60,0.0
2001-11-01 00:00:00,12.191387471153979,60,0.0
2001-11-01 01:00:00,11.791785781135461,60,0.0
2001-11-01 02:00:00,11.655489086291734,60,0.0
2001-11-01 03:00:00,11.791785781135461,60,0.0
2001-11-01 04:00:00,12.19138747115398,60,0.0
2001-11-01 05:00:00,12.827061961545544,60,0.0
2001-11-01 06:00:00,13.655489086291734,60,0.0
2001-11-01 07:00:00,14.620212905881651,60,76.67910983242629
2001-11-01 08:00:00,15.655489086291734,60,148.13266504799316
2001-11-01 09:00:00,16.690765266701817,60,209.49122394134287
2001-11-01 10:00:00,17.655489086291734,60,256.5733021237066
2001-11-01 11:00:00,18.483916211037922,60,286.1703337737692
2001-11-01 12:00:00,19.119590701429487,60,296.26533009598637
2001-11-01 13:00:00,19.51919239144801,60,286.1703337737692
2001-11-01 14:00:00,19.655489086291734,60,256.5733021237066
2001-11-01 15:00:00,19.51919239144801,60,209.4912239413429
2001-11-01 16:00:00,19.119590701429487,60,148.13266504799316
2001-11-01 17:00:00,18.483916211037926,60,76.67910983242638
2001-11-01 18:00:00,17.655489086291734,60,3.628203882003837e-14
2001-11-01 19:00:00,16.690765266701817,60,0.0
2001-11-01 20:00:00,15.655489086291734,60,0.0
2001-11-01 21:00:00,14.620212905881651,60,0.0
2001-11-01 22:00:00,13.655489086291736,60,0.0
2001-11-01 23:00:00,12.827061961545546,60,0.0
2001-11-02 00:00:00,12.089711109046116,60,0.0
2001-11-02 01:00:00,11.690109419027598,60,0.0
2001-11-02 02:00:00,11.55381272418387,60,0.0
2001-11-02 03:00:00,11.690109419027598,60,0.0
2001-11-02 04:00:00,12.089711109046117,60,0.0
2001-11-02 05:00:00,12.725385599437681,60,0.0
2001-11-02 06:00:00,13.55381272418387,60,0.0
2001-11-02 07:00:00,14.518536543773788,60,75.51398262797335
2001-11-02 08:00:00,15.55381272418387,60,145.88181213260697
2001-11-02 09:00:00,16.589088904593954,60,206.30803722149673
2001-11-02 10:00:00,17.55381272418387,60,252.67471051389322
2001-11-02 11:00:00,18.382239848930062,60,281.8220198494701
2001-11-02 12:00:00,19.017914339321624,60,291.763624265214
2001-11-02 13:00:00,19.417516029340145,60,281.8220198494701
2001-11-02 14:00:00,19.55381272418387,60,252.67471051389322
2001-11-02 15:00:00,19.417516029340145,60,206.30803722149676
2001-11-02 16:00:00,19.017914339321624,60,145.88181213260697
2001-11-02 17:00:00,18.382239848930062,60,75.51398262797343
2001-11-02 18:00:00,17.55381272418387,60,3.5730738856402535e-14
2001-11-02 19:00:00,16.589088904593954,60,0.0
2001-11-02 20:00:00,15.55381272418387,60,0.0
2001-11-02 21:00:00,14.518536543773788,60,0.0
2001-11-02 22:00:00,13.553812724183873,60,0.0
2001-11-02 23:00:00,12.725385599437683,60,0.0
2001-11-03 00:00:00,11.989648569766429,60,0.0
2001-11-03 01:00:00,11.590046879747911,60,0.0
2001-11-03 02:00:00,11.453750184904184,60,0.0
2001-11-03 03:00:00,11.590046879747911,60,0.0
2001-11-03 04:00:00,11.98964856976643,60,0.0
2001-11-03 05:00:00,12.625323060157994,60,0.0
2001-11-03 06:00:00,13.453750184904184,60,0.0
2001-11-03 07:00:00,14.4184740044941,60,74.34326121421874
2001-11-03 08:00:00,15.453750184904184,60,143.62015203473655
2001-11-03 09:00:00,16.489026365314267,60,203.1095668376103
2001-11-03 10:00:00,17.453750184904184,60,248.7574003149304
2001-11-03 11:00:00,18.282177309650372,60,277.45282805182904
2001-11-03 12:00:00,18.917851800041937,60,287.24030406947315
2001-11-03 13:00:00,19.31745349006046,60,277.45282805182904
2001-11-03 14:00:00,19.453750184904184,60,248.7574003149304
2001-11-03 15:00:00,19.31745349006046,60,203.10956683761032
2001-11-03 16:00:00,18.917851800041937,60,143.62015203473655
2001-11-03 17:00:00,18.282177309650375,60,74.34326121421883
2001-11-03 18:00:00,17.453750184904184,60,3.517679189647927e-14
2001-11-03 19:00:00,16.489026365314267,60,0.0
2001-11-03 20:00:00,15.453750184904184,60,0.0
2001-11-03 21:00:00,14.4184740044941,60,0.0
2001-11-03 22:00:00,13.453750184904186,60,0.0
2001-11-03 23:00:00,12.625323060157996,60,0.0
2001-11-04 00:00:00,11.891229504004825,60,0.0
2001-11-04 01:00:00,11.491627813986307,60,0.0
2001-11-04 02:00:00,11.35533111914258,60,0.0
2001-11-04 03:00:00,11.491627813986307,60,0.0
2001-11-04 04:00:00,11.891229504004826,60,0.0
2001-11-04 05:00:00,12.52690399439639,60,0.0
2001-11-04 06:00:00,13.35533111914258,60,0.0
2001-11-04 07:00:00,14.320054938732497,60,73.16703232027393
2001-11-04 08:00:00,15.35533111914258,60,141.3478523021591
2001-11-04 09:00:00,16.390607299552663,60,199.89604973802253
2001-11-04 10:00:00,17.35533111914258,60,244.82166172808112
2001-11-04 11:00:00,18.183758243888768,60,273.06308205829646
2001-11-04 12:00:00,18.819432734280333,60,282.6957046043183
2001-11-04 13:00:00,19.219034424298854,60,273.06308205829646
2001-11-04 14:00:00,19.35533111914258,60,244.82166172808112
2001-11-04 15:00:00,19.219034424298854,60,199.89604973802255
2001-11-04 16:00:00,18.819432734280333,60,141.3478523021591
2001-11-04 17:00:00,18.18375824388877,60,73.16703232027402
2001-11-04 18:00:00,17.35533111914258,60,3.46202389776384e-14
2001-11-04 19:00:00,16.390607299552663,60,0.0
2001-11-04 20:00:00,15.35533111914258,60,0.0
2001-11-04 21:00:00,14.320054938732497,60,0.0
2001-11-04 22:00:00,13.355331119142582,60,0.0
2001-11-04 23:00:00,12.526903994396392,60,0.0
2001-11-05 00:00:00,11.794483075454552,60,0.0
2001-11-05 01:00:00,11.394881385436035,60,0.0
2001-11-05 02:00:00,11.258584690592308,60,0.0
2001-11-05 03:00:00,11.394881385436035,60,0.0
2001-11-05 04:00:00,11.794483075454554,60,0.0
2001-11-05 05:00:00,12.430157565846118,60,0.0
2001-11-05 06:00:00,13.258584690592308,60,0.0
2001-11-05 07:00:00,14.223308510182225,60,71.98538308325445
2001-11-05 08:00:00,15.258584690592308,60,139.0650812708553
2001-11-05 09:00:00,16.29386087100239,60,196.6677239857603
2001-11-05 10:00:00,17.258584690592308,60,240.86778631981653
2001-11-05 11:00:00,18.0870118153385,60,268.6531070690147
2001-11-05 12:00:00,18.72268630573006,60,278.13016254171066
2001-11-05 13:00:00,19.122287995748582,60,268.6531070690147
2001-11-05 14:00:00,19.258584690592308,60,240.86778631981653
2001-11-05 15:00:00,19.122287995748582,60,196.66772398576032
2001-11-05 16:00:00,18.72268630573006,60,139.0650812708553
2001-11-05 17:00:00,18.0870118153385,60,71.98538308325452
2001-11-05 18:00:00,17.258584690592308,60,3.40611213303039e-14
2001-11-05 19:00:00,16.29386087100239,60,0.0
2001-11-05 20:00:00,15.258584690592308,60,0.0
2001-11-05 21:00:00,14.223308510182225,60,0.0
2001-11-05 22:00:00,13.25858469059231,60,0.0
2001-11-05 23:00:00,12.43015756584612,60,0.0
2001-11-06 00:00:00,11.699437952170344,60,0.0
2001-11-06 01:00:00,11.299836262151826,60,0.0
2001-11-06 02:00:00,11.1635395673081,60,0.0
2001-11-06 03:00:00,11.299836262151826,60,0.0
2001-11-06 04:00:00,11.699437952170346,60,0.0
2001-11-06 05:00:00,12.33511244256191,60,0.0
2001-11-06 06:00:00,13.1635395673081,60,0.0
2001-11-06 07:00:00,14.128263386898016,60,70.79840104182414
2001-11-06 08:00:00,15.1635395673081,60,136.77200805253761
2001-11-06 09:00:00,16.198815747718182,60,193.4248287409009
2001-11-06 10:00:00,17.1635395673081,60,236.89606700021483
2001-11-06 11:00:00,17.99196669205429,60,264.223229782725
2001-11-06 12:00:00,18.627641182445853,60,273.5440161050753
2001-11-06 13:00:00,19.027242872464374,60,264.223229782725
2001-11-06 14:00:00,19.1635395673081,60,236.89606700021483
2001-11-06 15:00:00,19.027242872464374,60,193.42482874090092
2001-11-06 16:00:00,18.627641182445853,60,136.77200805253761
2001-11-06 17:00:00,17.99196669205429,60,70.79840104182422
2001-11-06 18:00:00,17.1635395673081,60,3.349948037489925e-14
2001-11-06 19:00:00,16.198815747718182,60,0.0
2001-11-06 20:00:00,15.1635395673081,60,0.0
2001-11-06 21:00:00,14.128263386898016,60,0.0
2001-11-06 22:00:00,13.163539567308101,60,0.0
2001-11-06 23:00:00,12.335112442561911,60,0.0
2001-11-07 00:00:00,11.606122298073478,60,0.0
2001-11-07 01:00:00,11.20652060805496,60,0.0
2001-11-07 02:00:00,11.070223913211233,60,0.0
2001-11-07 03:00:00,11.20652060805496,60,0.0
2001-11-07 04:00:00,11.60612229807348,60,0.0
2001-11-07 05:00:00,12.241796788465043,60,0.0
2001-11-07 06:00:00,13.070223913211233,60,0.0
2001-11-07 07:00:00,14.03494773280115,60,69.60617412971075
2001-11-07 08:00:00,15.070223913211233,60,134.46880252212324
2001-11-07 09:00:00,16.105500093621316,60,190.16760424285616
2001-11-07 10:00:00,17.070223913211233,60,232.9067980012635
2001-11-07 11:00:00,17.89865103795742,60,259.77377837256694
2001-11-07 12:00:00,18.534325528348987,60,268.93760504424654
2001-11-07 13:00:00,18.933927218367508,60,259.77377837256694
2001-11-07 14:00:00,19.070223913211233,60,232.9067980012635
2001-11-07 15:00:00,18.933927218367508,60,190.16760424285619
2001-11-07 16:00:00,18.534325528348987,60,134.46880252212324
2001-11-07 17:00:00,17.898651037957425,60,69.60617412971084
2001-11-07 18:00:00,17.070223913211233,60,3.293535771877916e-14
2001-11-07 19:00:00,16.105500093621316,60,0.0
2001-11-07 20:00:00,15.070223913211233,60,0.0
2001-11-07 21:00:00,14.03494773280115,60,0.0
2001-11-07 22:00:00,13.070223913211235,60,0.0
2001-11-07 23:00:00,12.241796788465045,60,0.0
2001-11-08 00:00:00,11.514563764606178,60,0.0
2001-11-08 01:00:00,11.11496207458766,60,0.0
2001-11-08 02:00:00,10.978665379743934,60,0.0
2001-11-08 03:00:00,11.11496207458766,60,0.0
2001-11-08 04:00:00,11.51456376460618,60,0.0
2001-11-08 05:00:00,12.150238254997744,60,0.0
2001-11-08 06:00:00,12.978665379743934,60,0.0
2001-11-08 07:00:00,13.94338919933385,60,68.40879066919103
2001-11-08 08:00:00,14.978665379743934,60,132.15563530514848
2001-11-08 09:00:00,16.013941560154016,60,186.8962917925736
2001-11-08 10:00:00,16.978665379743934,60,228.9002748550605
2001-11-08 11:00:00,17.80709250449012,60,255.30508246176467
2001-11-08 12:00:00,18.442766994881687,60,264.311270610297
2001-11-08 13:00:00,18.842368684900208,60,255.30508246176467
2001-11-08 14:00:00,18.978665379743934,60,228.9002748550605
2001-11-08 15:00:00,18.842368684900208,60,186.89629179257363
2001-11-08 16:00:00,18.442766994881687,60,132.15563530514848
2001-11-08 17:00:00,17.807092504490125,60,68.4087906691911
2001-11-08 18:00:00,16.978665379743934,60,3.236879515314701e-14
2001-11-08 19:00:00,16.013941560154016,60,0.0
2001-11-08 20:00:00,14.978665379743934,60,0.0
2001-11-08 21:00:00,13.94338919933385,60,0.0
2001-11-08 22:00:00,12.978665379743935,60,0.0
2001-11-08 23:00:00,12.150238254997745,60,0.0
2001-11-09 00:00:00,11.424789482537902,60,0.0
2001-11-09 01:00:00,11.025187792519384,60,0.0
2001-11-09 02:00:00,10.888891097675657,60,0.0
2001-11-09 03:00:00,11.025187792519384,60,0.0
2001-11-09 04:00:00,11.424789482537903,60,0.0
2001-11-09 05:00:00,12.060463972929467,60,0.0
2001-11-09 06:00:00,12.888891097675657,60,0.0
2001-11-09 07:00:00,13.853614917265574,60,67.20633936454817
2001-11-09 08:00:00,14.888891097675657,60,129.83267776512946
2001-11-09 09:00:00,15.92416727808574,60,183.61113373466185
2001-11-09 10:00:00,16.888891097675657,60,224.87679437192233
2001-11-09 11:00:00,17.717318222421845,60,250.81747309921005
2001-11-09 12:00:00,18.35299271281341,60,259.6653555302589
2001-11-09 13:00:00,18.75259440283193,60,250.81747309921005
2001-11-09 14:00:00,18.888891097675657,60,224.87679437192233
2001-11-09 15:00:00,18.75259440283193,60,183.61113373466188
2001-11-09 16:00:00,18.35299271281341,60,129.83267776512946
2001-11-09 17:00:00,17.71731822242185,60,67.20633936454826
2001-11-09 18:00:00,16.888891097675657,60,3.179983464995911e-14
2001-11-09 19:00:00,15.924167278085742,60,0.0
2001-11-09 20:00:00,14.888891097675657,60,0.0
2001-11-09 21:00:00,13.853614917265574,60,0.0
2001-11-09 22:00:00,12.888891097675659,60,0.0
2001-11-09 23:00:00,12.060463972929469,60,0.0
2001-11-10 00:00:00,11.33682605392592,60,0.0
2001-11-10 01:00:00,10.937224363907402,60,0.0
2001-11-10 02:00:00,10.800927669063675,60,0.0
2001-11-10 03:00:00,10.937224363907402,60,0.0
2001-11-10 04:00:00,11.336826053925922,60,0.0
2001-11-10 05:00:00,11.972500544317485,60,0.0
2001-11-10 06:00:00,12.800927669063675,60,0.0
2001-11-10 07:00:00,13.765651488653592,60,65.99890929550001
2001-11-10 08:00:00,14.800927669063675,60,127.50010199086623
2001-11-10 09:00:00,15.836203849473758,60,180.3123734394359
2001-11-10 10:00:00,16.800927669063675,60,220.8366546183941
2001-11-10 11:00:00,17.629354793809867,60,246.31128273493593
2001-11-10 12:00:00,18.26502928420143,60,255.0002039817325
2001-11-10 13:00:00,18.66463097421995,60,246.31128273493593
2001-11-10 14:00:00,18.800927669063675,60,220.8366546183941
2001-11-10 15:00:00,18.66463097421995,60,180.3123734394359
2001-11-10 16:00:00,18.26502928420143,60,127.50010199086623
2001-11-10 17:00:00,17.629354793809867,60,65.99890929550008
2001-11-10 18:00:00,16.800927669063675,60,3.1228518358815085e-14
2001-11-10 19:00:00,15.83620384947376,60,0.0
2001-11-10 20:00:00,14.800927669063675,60,0.0
2001-11-10 21:00:00,13.765651488653592,60,0.0
2001-11-10 22:00:00,12.800927669063677,60,0.0
2001-11-10 23:00:00,11.972500544317487,60,0.0
2001-11-11 00:00:00,11.25069954423253,60,0.0
2001-11-11 01:00:00,10.851097854214013,60,0.0
2001-11-11 02:00:00,10.714801159370285,60,0.0
2001-11-11 03:00:00,10.851097854214013,60,0.0
2001-11-11 04:00:00,11.250699544232532,60,0.0
2001-11-11 05:00:00,11.886374034624096,60,0.0
2001-11-11 06:00:00,12.714801159370285,60,0.0
2001-11-11 07:00:00,13.679524978960202,60,64.78658991060021
2001-11-11 08:00:00,14.714801159370285,60,125.15808078369504
2001-11-11 09:00:00,15.750077339780368,60,177.000255284889
2001-11-11 10:00:00,16.714801159370285,60,216.7801548951698
2001-11-11 11:00:00,17.543228284116474,60,241.7868451954892
2001-11-11 12:00:00,18.17890277450804,60,250.3161615673901
2001-11-11 13:00:00,18.57850446452656,60,241.7868451954892
2001-11-11 14:00:00,18.714801159370285,60,216.7801548951698
2001-11-11 15:00:00,18.57850446452656,60,177.000255284889
2001-11-11 16:00:00,18.17890277450804,60,125.15808078369504
2001-11-11 17:00:00,17.543228284116477,60,64.78658991060028
2001-11-11 18:00:00,16.714801159370285,60,3.0654888603835604e-14
2001-11-11 19:00:00,15.75007733978037,60,0.0
2001-11-11 20:00:00,14.714801159370285,60,0.0
2001-11-11 21:00:00,13.679524978960202,60,0.0
2001-11-11 22:00:00,12.714801159370287,60,0.0
2001-11-11 23:00:00,11.886374034624097,60,0.0
2001-11-12 00:00:00,11.166435474601322,60,0.0
2001-11-12 01:00:00,10.766833784582804,60,0.0
2001-11-12 02:00:00,10.630537089739077,60,0.0
2001-11-12 03:00:00,10.766833784582804,60,0.0
2001-11-12 04:00:00,11.166435474601322,60,0.0
2001-11-12 05:00:00,11.802109964992887,60,0.0
2001-11-12 06:00:00,12.630537089739077,60,0.0
2001-11-12 07:00:00,13.595260909328994,60,63.56947102061155
2001-11-12 08:00:00,14.630537089739077,60,122.80678764468637
2001-11-12 09:00:00,15.66581327014916,60,173.67502463858813
2001-11-12 10:00:00,16.630537089739075,60,212.7075957149187
2001-11-12 11:00:00,17.458964214485267,60,237.24449565919969
2001-11-12 12:00:00,18.094638704876832,60,245.6135752893728
2001-11-12 13:00:00,18.49424039489535,60,237.24449565919969
2001-11-12 14:00:00,18.63053708973908,60,212.7075957149187
2001-11-12 15:00:00,18.49424039489535,60,173.67502463858816
2001-11-12 16:00:00,18.094638704876832,60,122.80678764468637
2001-11-12 17:00:00,17.458964214485267,60,63.56947102061162
2001-11-12 18:00:00,16.630537089739075,60,3.0078987880526784e-14
2001-11-12 19:00:00,15.665813270149162,60,0.0
2001-11-12 20:00:00,14.630537089739077,60,0.0
2001-11-12 21:00:00,13.595260909328994,60,0.0
2001-11-12 22:00:00,12.630537089739079,60,0.0
2001-11-12 23:00:00,11.802109964992889,60,0.0
2001-11-13 00:00:00,11.084058814294687,60,0.0
2001-11-13 01:00:00,10.68445712427617,60,0.0
2001-11-13 02:00:00,10.548160429432443,60,0.0
2001-11-13 03:00:00,10.68445712427617,60,0.0
2001-11-13 04:00:00,11.08405881429469,60,0.0
2001-11-13 05:00:00,11.719733304686253,60,0.0
2001-11-13 06:00:00,12.548160429432443,60,0.0
2001-11-13 07:00:00,13.51288424902236,60,62.34764279185268
2001-11-13 08:00:00,14.548160429432443,60,120.44639676179193
2001-11-13 09:00:00,15.583436609842526,60,170.336927839497
2001-11-13 10:00:00,16.548160429432443,60,208.61927878002317
2001-11-13 11:00:00,17.376587554178634,60,232.6845706313497
2001-11-13 12:00:00,18.012262044570196,60,240.8927935235839
2001-11-13 13:00:00,18.411863734588717,60,232.6845706313497
2001-11-13 14:00:00,18.548160429432443,60,208.61927878002317
2001-11-13 15:00:00,18.411863734588717,60,170.336927839497
2001-11-13 16:00:00,18.012262044570196,60,120.44639676179193
2001-11-13 17:00:00,17.376587554178634,60,62.34764279185275
2001-11-13 18:00:00,16.548160429432443,60,2.950085885263213e-14
2001-11-13 19:00:00,15.583436609842527,60,0.0
2001-11-13 20:00:00,14.548160429432443,60,0.0
2001-11-13 21:00:00,13.51288424902236,60,0.0
2001-11-13 22:00:00,12.548160429432444,60,0.0
2001-11-13 23:00:00,11.719733304686255,60,0.0
2001-11-14 00:00:00,11.003593973294919,60,0.0
2001-11-14 01:00:00,10.603992283276401,60,0.0
2001-11-14 02:00:00,10.467695588432674,60,0.0
2001-11-14 03:00:00,10.603992283276401,60,0.0
2001-11-14 04:00:00,11.003593973294919,60,0.0
2001-11-14 05:00:00,11.639268463686484,60,0.0
2001-11-14 06:00:00,12.467695588432674,60,0.0
2001-11-14 07:00:00,13.432419408022591,60,61.12119573951821
2001-11-14 08:00:00,14.467695588432674,60,118.07708299693999
2001-11-14 09:00:00,15.502971768842757,60,166.98621217972615
2001-11-14 10:00:00,16.467695588432672,60,204.51550696022733
2001-11-14 11:00:00,17.296122713178864,60,228.10740791924437
2001-11-14 12:00:00,17.93179720357043,60,236.15416599388004
2001-11-14 13:00:00,18.331398893588947,60,228.10740791924437
2001-11-14 14:00:00,18.467695588432676,60,204.51550696022733
2001-11-14 15:00:00,18.331398893588947,60,166.98621217972615
2001-11-14 16:00:00,17.93179720357043,60,118.07708299693999
2001-11-14 17:00:00,17.296122713178864,60,61.12119573951828
2001-11-14 18:00:00,16.467695588432672,60,2.892054434897179e-14
2001-11-14 19:00:00,15.502971768842759,60,0.0
2001-11-14 20:00:00,14.467695588432674,60,0.0
2001-11-14 21:00:00,13.432419408022591,60,0.0
2001-11-14 22:00:00,12.467695588432676,60,0.0
2001-11-14 23:00:00,11.639268463686486,60,0.0
2001-11-15 00:00:00,10.92506479507097,60,0.0
2001-11-15 01:00:00,10.525463105052452,60,0.0
2001-11-15 02:00:00,10.389166410208725,60,0.0
2001-11-15 03:00:00,10.525463105052452,60,0.0
2001-11-15 04:00:00,10.92506479507097,60,0.0
2001-11-15 05:00:00,11.560739285462535,60,0.0
2001-11-15 06:00:00,12.389166410208725,60,0.0
2001-11-15 07:00:00,13.353890229798642,60,59.890220720973595
2001-11-15 08:00:00,14.389166410208725,60,115.69902187308219
2001-11-15 09:00:00,15.424442590618808,60,163.6231258862142
2001-11-15 10:00:00,16.389166410208723,60,200.39658427020123
2001-11-15 11:00:00,17.217593534954915,60,223.51334660718783
2001-11-15 12:00:00,17.85326802534648,60,231.3980437461644
2001-11-15 13:00:00,18.252869715364998,60,223.51334660718783
2001-11-15 14:00:00,18.389166410208723,60,200.39658427020123
2001-11-15 15:00:00,18.252869715364998,60,163.62312588621424
2001-11-15 16:00:00,17.85326802534648,60,115.69902187308219
2001-11-15 17:00:00,17.217593534954915,60,59.89022072097366
2001-11-15 18:00:00,16.389166410208723,60,2.8338087360269944e-14
2001-11-15 19:00:00,15.42444259061881,60,0.0
2001-11-15 20:00:00,14.389166410208725,60,0.0
2001-11-15 21:00:00,13.353890229798642,60,0.0
2001-11-15 22:00:00,12.389166410208727,60,0.0
2001-11-15 23:00:00,11.560739285462537,60,0.0
2001-11-16 00:00:00,10.848494549513154,60,0.0
2001-11-16 01:00:00,10.448892859494636,60,0.0
2001-11-16 02:00:00,10.312596164650909,60,0.0
2001-11-16 03:00:00,10.448892859494636,60,0.0
2001-11-16 04:00:00,10.848494549513156,60,0.0
2001-11-16 05:00:00,11.48416903990472,60,0.0
2001-11-16 06:00:00,12.312596164650909,60,0.0
2001-11-16 07:00:00,13.277319984240826,60,58.654808929023794
2001-11-16 08:00:00,14.312596164650909,60,113.31238956118945
2001-11-16 09:00:00,15.347872345060992,60,160.24791810233765
2001-11-16 10:00:00,16.31259616465091,60,196.26281584701744
2001-11-16 11:00:00,17.141023289397097,60,218.90272703136145
2001-11-16 12:00:00,17.776697779788663,60,226.62477912237892
2001-11-16 13:00:00,18.176299469807184,60,218.90272703136145
2001-11-16 14:00:00,18.31259616465091,60,196.26281584701744
2001-11-16 15:00:00,18.176299469807184,60,160.24791810233768
2001-11-16 16:00:00,17.776697779788663,60,113.31238956118945
2001-11-16 17:00:00,17.1410232893971,60,58.65480892902386
2001-11-16 18:00:00,16.31259616465091,60,2.7753531035969726e-14
2001-11-16 19:00:00,15.347872345060994,60,0.0
2001-11-16 20:00:00,14.312596164650909,60,0.0
2001-11-16 21:00:00,13.277319984240826,60,0.0
2001-11-16 22:00:00,12.31259616465091,60,0.0
2001-11-16 23:00:00,11.484169039904721,60,0.0
2001-11-17 00:00:00,10.773905926037738,60,0.0
2001-11-17 01:00:00,10.37430423601922,60,0.0
2001-11-17 02:00:00,10.238007541175493,60,0.0
2001-11-17 03:00:00,10.37430423601922,60,0.0
2001-11-17 04:00:00,10.773905926037738,60,0.0
2001-11-17 05:00:00,11.409580416429304,60,0.0
2001-11-17 06:00:00,12.238007541175493,60,0.0
2001-11-17 07:00:00,13.20273136076541,60,57.41505188515805
2001-11-17 08:00:00,14.238007541175493,60,110.91736286720202
2001-11-17 09:00:00,15.273283721585576,60,156.86083886945502
2001-11-17 10:00:00,16.23800754117549,60,192.1145079275475
2001-11-17 11:00:00,17.066434665921683,60,214.2758907546131
2001-11-17 12:00:00,17.70210915631325,60,221.8347257344041
2001-11-17 13:00:00,18.101710846331766,60,214.2758907546131
2001-11-17 14:00:00,18.23800754117549,60,192.1145079275475
2001-11-17 15:00:00,18.101710846331766,60,156.86083886945505
2001-11-17 16:00:00,17.70210915631325,60,110.91736286720202
2001-11-17 17:00:00,17.066434665921683,60,57.415051885158114
2001-11-17 18:00:00,16.23800754117549,60,2.7166918681036893e-14
2001-11-17 19:00:00,15.273283721585578,60,0.0
2001-11-17 20:00:00,14.238007541175493,60,0.0
2001-11-17 21:00:00,13.20273136076541,60,0.0
2001-11-17 22:00:00,12.238007541175495,60,0.0
2001-11-17 23:00:00,11.409580416429305,60,0.0
2001-11-18 00:00:00,10.70132102686363,60,0.0
2001-11-18 01:00:00,10.301719336845112,60,0.0
2001-11-18 02:00:00,10.165422642001385,60,0.0
2001-11-18 03:00:00,10.301719336845112,60,0.0
2001-11-18 04:00:00,10.701321026863631,60,0.0
2001-11-18 05:00:00,11.336995517255195,60,0.0
2001-11-18 06:00:00,12.165422642001385,60,0.0
2001-11-18 07:00:00,13.130146461591302,60,56.171041432769265
2001-11-18 08:00:00,14.165422642001385,60,108.51411921893028
2001-11-18 09:00:00,15.200698822411468,60,153.46213910838213
2001-11-18 10:00:00,16.165422642001385,60,187.95196782577364
2001-11-18 11:00:00,16.993849766747573,60,209.6331805411514
2001-11-18 12:00:00,17.62952425713914,60,217.02823843786058
2001-11-18 13:00:00,18.02912594715766,60,209.6331805411514
2001-11-18 14:00:00,18.165422642001385,60,187.95196782577364
2001-11-18 15:00:00,18.02912594715766,60,153.46213910838216
2001-11-18 16:00:00,17.62952425713914,60,108.51411921893028
2001-11-18 17:00:00,16.993849766747577,60,56.17104143276933
2001-11-18 18:00:00,16.165422642001385,60,2.6578293752751454e-14
2001-11-18 19:00:00,15.20069882241147,60,0.0
2001-11-18 20:00:00,14.165422642001385,60,0.0
2001-11-18 21:00:00,13.130146461591302,60,0.0
2001-11-18 22:00:00,12.165422642001387,60,0.0
2001-11-18 23:00:00,11.336995517255197,60,0.0
2001-11-19 00:00:00,10.630761360462953,60,0.0
2001-11-19 01:00:00,10.231159670444436,60,0.0
2001-11-19 02:00:00,10.094862975600709,60,0.0
2001-11-19 03:00:00,10.231159670444436,60,0.0
2001-11-19 04:00:00,10.630761360462955,60,0.0
2001-11-19 05:00:00,11.266435850854519,60,0.0
2001-11-19 06:00:00,12.094862975600709,60,0.0
2001-11-19 07:00:00,13.059586795190626,60,54.922869730350634
2001-11-19 08:00:00,14.094862975600709,60,106.10283665291156
2001-11-19 09:00:00,15.130139156010792,60,150.05207060080468
2001-11-19 10:00:00,16.09486297560071,60,183.77550391002418
2001-11-19 11:00:00,16.923290100346897,60,204.97494033115532
2001-11-19 12:00:00,17.558964590738462,60,212.20567330582318
2001-11-19 13:00:00,17.958566280756983,60,204.97494033115532
2001-11-19 14:00:00,18.09486297560071,60,183.77550391002418
2001-11-19 15:00:00,17.958566280756983,60,150.0520706008047
2001-11-19 16:00:00,17.558964590738462,60,106.10283665291156
2001-11-19 17:00:00,16.9232901003469,60,54.92286973035069
2001-11-19 18:00:00,16.09486297560071,60,2.5987699857488528e-14
2001-11-19 19:00:00,15.130139156010793,60,0.0
2001-11-19 20:00:00,14.094862975600709,60,0.0
2001-11-19 21:00:00,13.059586795190626,60,0.0
2001-11-19 22:00:00,12.09486297560071,60,0.0
2001-11-19 23:00:00,11.26643585085452,60,0.0
2001-11-20 00:00:00,10.562247835187671,60,0.0
2001-11-20 01:00:00,10.162646145169154,60,0.0
2001-11-20 02:00:00,10.026349450325426,60,0.0
2001-11-20 03:00:00,10.162646145169154,60,0.0
2001-11-20 04:00:00,10.562247835187673,60,0.0
2001-11-20 05:00:00,11.197922325579237,60,0.0
2001-11-20 06:00:00,12.026349450325426,60,0.0
2001-11-20 07:00:00,12.991073269915344,60,53.67062924466785
2001-11-20 08:00:00,14.026349450325426,60,103.68369380122003
2001-11-20 09:00:00,15.06162563073551,60,146.63088597062458
2001-11-20 10:00:00,16.026349450325426,60,179.58542558012738
2001-11-20 11:00:00,16.854776575071618,60,200.30151521529245
2001-11-20 12:00:00,17.49045106546318,60,207.3673876024401
2001-11-20 13:00:00,17.8900527554817,60,200.30151521529245
2001-11-20 14:00:00,18.026349450325426,60,179.58542558012738
2001-11-20 15:00:00,17.8900527554817,60,146.6308859706246
2001-11-20 16:00:00,17.49045106546318,60,103.68369380122003
2001-11-20 17:00:00,16.854776575071618,60,53.67062924466791
2001-11-20 18:00:00,16.026349450325426,60,2.539518074748768e-14
2001-11-20 19:00:00,15.061625630735511,60,0.0
2001-11-20 20:00:00,14.026349450325426,60,0.0
2001-11-20 21:00:00,12.991073269915344,60,0.0
2001-11-20 22:00:00,12.026349450325428,60,0.0
2001-11-20 23:00:00,11.197922325579238,60,0.0
2001-11-21 00:00:00,10.49580075307396,60,0.0
2001-11-21 01:00:00,10.096199063055442,60,0.0
2001-11-21 02:00:00,9.959902368211715,60,0.0
2001-11-21 03:00:00,10.096199063055442,60,0.0
2001-11-21 04:00:00,10.495800753073961,60,0.0
2001-11-21 05:00:00,11.131475243465525,60,0.0
2001-11-21 06:00:00,11.959902368211715,60,0.0
2001-11-21 07:00:00,12.924626187801632,60,52.414412743909445
2001-11-21 08:00:00,13.959902368211715,60,101.25686987823399
2001-11-21 09:00:00,14.995178548621798,60,143.19883866524626
2001-11-21 10:00:00,15.959902368211715,60,175.38204324449194
2001-11-21 11:00:00,16.788329492957907,60,195.6132514091557
2001-11-21 12:00:00,17.42400398334947,60,202.51373975646803
2001-11-21 13:00:00,17.82360567336799,60,195.6132514091557
2001-11-21 14:00:00,17.959902368211715,60,175.38204324449194
2001-11-21 15:00:00,17.82360567336799,60,143.19883866524626
2001-11-21 16:00:00,17.42400398334947,60,101.25686987823399
2001-11-21 17:00:00,16.788329492957907,60,52.4144127439095
2001-11-21 18:00:00,15.959902368211715,60,2.4800780317611863e-14
2001-11-21 19:00:00,14.9951785486218,60,0.0
2001-11-21 20:00:00,13.959902368211715,60,0.0
2001-11-21 21:00:00,12.924626187801632,60,0.0
2001-11-21 22:00:00,11.959902368211717,60,0.0
2001-11-21 23:00:00,11.131475243465527,60,0.0
2001-11-22 00:00:00,10.4314398038263,60,0.0
2001-11-22 01:00:00,10.031838113807783,60,0.0
2001-11-22 02:00:00,9.895541418964056,60,0.0
2001-11-22 03:00:00,10.031838113807783,60,0.0
2001-11-22 04:00:00,10.4314398038263,60,0.0
2001-11-22 05:00:00,11.067114294217866,60,0.0
2001-11-22 06:00:00,11.895541418964056,60,0.0
2001-11-22 07:00:00,12.860265238553973,60,51.15431329081418
2001-11-22 08:00:00,13.895541418964056,60,98.8225446673591
2001-11-22 09:00:00,14.930817599374139,60,139.75618293680023
2001-11-22 10:00:00,15.895541418964056,60,171.1656682971108
2001-11-22 11:00:00,16.723968543710246,60,190.91049622761443
2001-11-22 12:00:00,17.35964303410181,60,197.64508933471825
2001-11-22 13:00:00,17.75924472412033,60,190.91049622761443
2001-11-22 14:00:00,17.895541418964058,60,171.1656682971108
2001-11-22 15:00:00,17.75924472412033,60,139.75618293680026
2001-11-22 16:00:00,17.35964303410181,60,98.8225446673591
2001-11-22 17:00:00,16.723968543710246,60,51.15431329081424
2001-11-22 18:00:00,15.895541418964056,60,2.4204542602095536e-14
2001-11-22 19:00:00,14.93081759937414,60,0.0
2001-11-22 20:00:00,13.895541418964056,60,0.0
2001-11-22 21:00:00,12.860265238553973,60,0.0
2001-11-22 22:00:00,11.895541418964058,60,0.0
2001-11-22 23:00:00,11.067114294217868,60,0.0
2001-11-23 00:00:00,10.369184058982974,60,0.0
2001-11-23 01:00:00,9.969582368964456,60,0.0
2001-11-23 02:00:00,9.833285674120729,60,0.0
2001-11-23 03:00:00,9.969582368964456,60,0.0
2001-11-23 04:00:00,10.369184058982974,60,0.0
2001-11-23 05:00:00,11.00485854937454,60,0.0
2001-11-23 06:00:00,11.833285674120729,60,0.0
2001-11-23 07:00:00,12.798009493710646,60,49.890424235776614
2001-11-23 08:00:00,13.833285674120729,60,96.38089850770936
2001-11-23 09:00:00,14.868561854530812,60,136.3031738233074
2001-11-23 10:00:00,15.833285674120729,60,166.93661309449203
2001-11-23 11:00:00,16.66171279886692,60,186.19359805908402
2001-11-23 12:00:00,17.297387289258484,60,192.76179701541875
2001-11-23 13:00:00,17.696988979277002,60,186.19359805908402
2001-11-23 14:00:00,17.83328567412073,60,166.93661309449203
2001-11-23 15:00:00,17.696988979277002,60,136.30317382330742
2001-11-23 16:00:00,17.297387289258484,60,96.38089850770936
2001-11-23 17:00:00,16.66171279886692,60,49.89042423577667
2001-11-23 18:00:00,15.833285674120729,60,2.360651177128244e-14
2001-11-23 19:00:00,14.868561854530814,60,0.0
2001-11-23 20:00:00,13.833285674120729,60,0.0
2001-11-23 21:00:00,12.798009493710646,60,0.0
2001-11-23 22:00:00,11.83328567412073,60,0.0
2001-11-23 23:00:00,11.004858549374541,60,0.0
2001-11-24 00:00:00,10.309051966264771,60,0.0
2001-11-24 01:00:00,9.909450276246254,60,0.0
2001-11-24 02:00:00,9.773153581402527,60,0.0
2001-11-24 03:00:00,9.909450276246254,60,0.0
2001-11-24 04:00:00,10.309051966264771,60,0.0
2001-11-24 05:00:00,10.944726456656337,60,0.0
2001-11-24 06:00:00,11.773153581402527,60,0.0
2001-11-24 07:00:00,12.737877400992444,60,48.62283920993196
2001-11-24 08:00:00,13.773153581402527,60,93.93211228074806
2001-11-24 09:00:00,14.80842976181261,60,132.84006712978626
2001-11-24 10:00:00,15.773153581402527,60,162.69519093252018
2001-11-24 11:00:00,16.601580706148717,60,181.46290633971824
2001-11-24 12:00:00,17.237255196540282,60,187.86422456149614
2001-11-24 13:00:00,17.6368568865588,60,181.46290633971824
2001-11-24 14:00:00,17.773153581402525,60,162.69519093252018
2001-11-24 15:00:00,17.6368568865588,60,132.8400671297863
2001-11-24 16:00:00,17.237255196540282,60,93.93211228074806
2001-11-24 17:00:00,16.601580706148717,60,48.62283920993201
2001-11-24 18:00:00,15.773153581402527,60,2.3006732128353582e-14
2001-11-24 19:00:00,14.808429761812612,60,0.0
2001-11-24 20:00:00,13.773153581402527,60,0.0
2001-11-24 21:00:00,12.737877400992444,60,0.0
2001-11-24 22:00:00,11.773153581402529,60,0.0
2001-11-24 23:00:00,10.944726456656339,60,0.0
2001-11-25 00:00:00,10.251061344108516,60,0.0
2001-11-25 01:00:00,9.851459654089998,60,0.0
2001-11-25 02:00:00,9.715162959246271,60,0.0
2001-11-25 03:00:00,9.851459654089998,60,0.0
2001-11-25 04:00:00,10.251061344108518,60,0.0
2001-11-25 05:00:00,10.886735834500081,60,0.0
2001-11-25 06:00:00,11.715162959246271,60,0.0
2001-11-25 07:00:00,12.679886778836188,60,47.3516521182192
2001-11-25 08:00:00,13.715162959246271,60,91.47636739688677
2001-11-25 09:00:00,14.750439139656354,60,129.3671194093013
2001-11-25 10:00:00,15.715162959246271,60,158.44171602324508
2001-11-25 11:00:00,16.543590083992463,60,176.71877152752052
2001-11-25 12:00:00,17.179264574384025,60,182.95273479377357
2001-11-25 13:00:00,17.578866264402546,60,176.71877152752052
2001-11-25 14:00:00,17.71516295924627,60,158.44171602324508
2001-11-25 15:00:00,17.578866264402546,60,129.36711940930132
2001-11-25 16:00:00,17.179264574384025,60,91.47636739688677
2001-11-25 17:00:00,16.543590083992463,60,47.35165211821925
2001-11-25 18:00:00,15.715162959246271,60,2.240524810604494e-14
2001-11-25 19:00:00,14.750439139656356,60,0.0
2001-11-25 20:00:00,13.715162959246271,60,0.0
2001-11-25 21:00:00,12.679886778836188,60,0.0
2001-11-25 22:00:00,11.715162959246273,60,0.0
2001-11-25 23:00:00,10.886735834500083,60,0.0
2001-11-26 00:00:00,10.195229376387099,60,0.0
2001-11-26 01:00:00,9.795627686368581,60,0.0
2001-11-26 02:00:00,9.659330991524854,60,0.0
2001-11-26 03:00:00,9.795627686368581,60,0.0
2001-11-26 04:00:00,10.1952293763871,60,0.0
2001-11-26 05:00:00,10.830903866778664,60,0.0
2001-11-26 06:00:00,11.659330991524854,60,0.0
2001-11-26 07:00:00,12.624054811114771,60,46.076957132425015
2001-11-26 08:00:00,13.659330991524854,60,89.01384578204721
2001-11-26 09:00:00,14.694607171934937,60,125.8845879439583
2001-11-26 10:00:00,15.659330991524854,60,154.1765034716064
2001-11-26 11:00:00,16.487758116271046,60,171.96154507638332
2001-11-26 12:00:00,17.123432606662607,60,178.02769156409445
2001-11-26 13:00:00,17.52303429668113,60,171.96154507638332
2001-11-26 14:00:00,17.659330991524854,60,154.1765034716064
2001-11-26 15:00:00,17.52303429668113,60,125.88458794395831
2001-11-26 16:00:00,17.123432606662607,60,89.01384578204721
2001-11-26 17:00:00,16.487758116271046,60,46.076957132425065
2001-11-26 18:00:00,15.659330991524854,60,2.180210426335605e-14
2001-11-26 19:00:00,14.694607171934939,60,0.0
2001-11-26 20:00:00,13.659330991524854,60,0.0
2001-11-26 21:00:00,12.624054811114771,60,0.0
2001-11-26 22:00:00,11.659330991524856,60,0.0
2001-11-26 23:00:00,10.830903866778666,60,0.0
2001-11-27 00:00:00,10.141572607317498,60,0.0
2001-11-27 01:00:00,9.74197091729898,60,0.0
2001-11-27 02:00:00,9.605674222455253,60,0.0
2001-11-27 03:00:00,9.74197091729898,60,0.0
2001-11-27 04:00:00,10.1415726073175,60,0.0
2001-11-27 05:00:00,10.777247097709063,60,0.0
2001-11-27 06:00:00,11.605674222455253,60,0.0
2001-11-27 07:00:00,12.57039804204517,60,44.7988486842068
2001-11-27 08:00:00,13.605674222455253,60,86.54472986418278
2001-11-27 09:00:00,14.640950402865336,60,122.39273072584312
2001-11-27 10:00:00,15.605674222455253,60,149.89986925208814
2001-11-27 11:00:00,16.43410134720144,60,167.19157941004994
2001-11-27 12:00:00,17.069775837593006,60,173.0894597283656
2001-11-27 13:00:00,17.469377527611528,60,167.19157941004994
2001-11-27 14:00:00,17.605674222455253,60,149.89986925208814
2001-11-27 15:00:00,17.469377527611528,60,122.39273072584314
2001-11-27 16:00:00,17.069775837593006,60,86.54472986418278
2001-11-27 17:00:00,16.434101347201445,60,44.79884868420685
2001-11-27 18:00:00,15.605674222455253,60,2.119734528224876e-14
2001-11-27 19:00:00,14.640950402865338,60,0.0
2001-11-27 20:00:00,13.605674222455253,60,0.0
2001-11-27 21:00:00,12.57039804204517,60,0.0
2001-11-27 22:00:00,11.605674222455255,60,0.0
2001-11-27 23:00:00,10.777247097709065,60,0.0
2001-11-28 00:00:00,10.09010693655841,60,0.0
2001-11-28 01:00:00,9.690505246539892,60,0.0
2001-11-28 02:00:00,9.554208551696165,60,0.0
2001-11-28 03:00:00,9.690505246539892,60,0.0
2001-11-28 04:00:00,10.09010693655841,60,0.0
2001-11-28 05:00:00,10.725781426949975,60,0.0
2001-11-28 06:00:00,11.554208551696165,60,0.0
2001-11-28 07:00:00,12.518932371286082,60,43.517421458097424
2001-11-28 08:00:00,13.554208551696165,60,84.06920255976476
2001-11-28 09:00:00,14.589484732106248,60,118.89180643791025
2001-11-28 10:00:00,15.554208551696165,60,145.6121301853121
2001-11-28 11:00:00,16.382635676442355,60,162.40922789600768
2001-11-28 12:00:00,17.01831016683392,60,168.13840511952955
2001-11-28 13:00:00,17.417911856852438,60,162.40922789600768
2001-11-28 14:00:00,17.554208551696163,60,145.6121301853121
2001-11-28 15:00:00,17.417911856852438,60,118.89180643791026
2001-11-28 16:00:00,17.01831016683392,60,84.06920255976476
2001-11-28 17:00:00,16.382635676442355,60,43.51742145809747
2001-11-28 18:00:00,15.554208551696165,60,2.059101596433728e-14
2001-11-28 19:00:00,14.58948473210625,60,0.0
2001-11-28 20:00:00,13.554208551696165,60,0.0
2001-11-28 21:00:00,12.518932371286082,60,0.0
2001-11-28 22:00:00,11.554208551696167,60,0.0
2001-11-28 23:00:00,10.725781426949977,60,0.0
2001-11-29 00:00:00,10.040847614498793,60,0.0
2001-11-29 01:00:00,9.641245924480275,60,0.0
2001-11-29 02:00:00,9.504949229636548,60,0.0
2001-11-29 03:00:00,9.641245924480275,60,0.0
2001-11-29 04:00:00,10.040847614498794,60,0.0
2001-11-29 05:00:00,10.676522104890358,60,0.0
2001-11-29 06:00:00,11.504949229636548,60,0.0
2001-11-29 07:00:00,12.469673049226465,60,42.23277038449086
2001-11-29 08:00:00,13.504949229636548,60,81.58744726023164
2001-11-29 09:00:00,14.54022541004663,60,115.38207443481922
2001-11-29 10:00:00,15.504949229636548,60,141.31360391456744
2001-11-29 11:00:00,16.333376354382736,60,157.61484481931006
2001-11-29 12:00:00,16.9690508447743,60,163.1748945204633
2001-11-29 13:00:00,17.368652534792822,60,157.61484481931006
2001-11-29 14:00:00,17.504949229636548,60,141.31360391456744
2001-11-29 15:00:00,17.368652534792822,60,115.38207443481923
2001-11-29 16:00:00,16.9690508447743,60,81.58744726023164
2001-11-29 17:00:00,16.33337635438274,60,42.232770384490905
2001-11-29 18:00:00,15.504949229636548,60,1.9983161227569236e-14
2001-11-29 19:00:00,14.540225410046633,60,0.0
2001-11-29 20:00:00,13.504949229636548,60,0.0
2001-11-29 21:00:00,12.469673049226465,60,0.0
2001-11-29 22:00:00,11.50494922963655,60,0.0
2001-11-29 23:00:00,10.67652210489036,60,0.0
2001-11-30 00:00:00,9.99380923773888,60,0.0
2001-11-30 01:00:00,9.594207547720362,60,0.0
2001-11-30 02:00:00,9.457910852876635,60,0.0
2001-11-30 03:00:00,9.594207547720362,60,0.0
2001-11-30 04:00:00,9.99380923773888,60,0.0
2001-11-30 05:00:00,10.629483728130445,60,0.0
2001-11-30 06:00:00,11.457910852876635,60,0.0
2001-11-30 07:00:00,12.422634672466552,60,40.94499063260905
2001-11-30 08:00:00,13.457910852876635,60,79.0996478184021
2001-11-30 09:00:00,14.493187033286718,60,111.86379472371966
2001-11-30 10:00:00,15.457910852876635,60,137.00460888227715
2001-11-30 11:00:00,16.286337977622825,60,152.8087853563287
2001-11-30 12:00:00,16.92201246801439,60,158.19929563680424
2001-11-30 13:00:00,17.321614158032908,60,152.8087853563287
2001-11-30 14:00:00,17.457910852876637,60,137.00460888227715
2001-11-30 15:00:00,17.321614158032908,60,111.86379472371968
2001-11-30 16:00:00,16.92201246801439,60,79.0996478184021
2001-11-30 17:00:00,16.286337977622825,60,40.94499063260909
2001-11-30 18:00:00,15.457910852876635,60,1.9373826102897814e-14
2001-11-30 19:00:00,14.49318703328672,60,0.0
2001-11-30 20:00:00,13.457910852876635,60,0.0
2001-11-30 21:00:00,12.422634672466552,60,0.0
2001-11-30 22:00:00,11.457910852876637,60,0.0
2001-11-30 23:00:00,10.629483728130447,60,0.0
2001-12-01 00:00:00,9.949005744764872,60,0.0
2001-12-01 01:00:00,9.549404054746354,60,0.0
2001-12-01 02:00:00,9.413107359902627,60,0.0
2001-12-01 03:00:00,9.549404054746354,60,0.0
2001-12-01 04:00:00,9.949005744764872,60,0.0
2001-12-01 05:00:00,10.584680235156437,60,0.0
2001-12-01 06:00:00,11.413107359902627,60,0.0
2001-12-01 07:00:00,12.377831179492544,60,39.65417760345223
2001-12-01 08:00:00,13.413107359902627,60,76.60598853485611
2001-12-01 09:00:00,14.44838354031271,60,108.33722794499135
2001-12-01 10:00:00,15.413107359902627,60,132.68546430640973
2001-12-01 11:00:00,16.241534484648817,60,147.9914055484436
2001-12-01 12:00:00,16.877208975040382,60,153.21197706971225
2001-12-01 13:00:00,17.2768106650589,60,147.9914055484436
2001-12-01 14:00:00,17.413107359902625,60,132.68546430640973
2001-12-01 15:00:00,17.2768106650589,60,108.33722794499137
2001-12-01 16:00:00,16.877208975040382,60,76.60598853485611
2001-12-01 17:00:00,16.241534484648817,60,39.654177603452275
2001-12-01 18:00:00,15.413107359902627,60,1.876305573094608e-14
2001-12-01 19:00:00,14.448383540312712,60,0.0
2001-12-01 20:00:00,13.413107359902627,60,0.0
2001-12-01 21:00:00,12.377831179492544,60,0.0
2001-12-01 22:00:00,11.413107359902629,60,0.0
2001-12-01 23:00:00,10.584680235156439,60,0.0
2001-12-02 00:00:00,9.90645041181868,60,0.0
2001-12-02 01:00:00,9.506848721800162,60,0.0
2001-12-02 02:00:00,9.370552026956435,60,0.0
2001-12-02 03:00:00,9.506848721800162,60,0.0
2001-12-02 04:00:00,9.906450411818682,60,0.0
2001-12-02 05:00:00,10.542124902210245,60,0.0
2001-12-02 06:00:00,11.370552026956435,60,0.0
2001-12-02 07:00:00,12.335275846546352,60,38.360426922730966
2001-12-02 08:00:00,13.370552026956435,60,74.10665414428064
2001-12-02 09:00:00,14.405828207366518,60,104.80263535293402
2001-12-02 10:00:00,15.370552026956435,60,128.3564901568288
2001-12-02 11:00:00,16.198979151702623,60,143.163062275665
2001-12-02 12:00:00,16.83465364209419,60,148.2133082885613
2001-12-02 13:00:00,17.23425533211271,60,143.163062275665
2001-12-02 14:00:00,17.370552026956435,60,128.3564901568288
2001-12-02 15:00:00,17.23425533211271,60,104.80263535293403
2001-12-02 16:00:00,16.83465364209419,60,74.10665414428064
2001-12-02 17:00:00,16.198979151702627,60,38.36042692273101
2001-12-02 18:00:00,15.370552026956435,60,1.8150895358662647e-14
2001-12-02 19:00:00,14.40582820736652,60,0.0
2001-12-02 20:00:00,13.370552026956435,60,0.0
2001-12-02 21:00:00,12.335275846546352,60,0.0
2001-12-02 22:00:00,11.370552026956437,60,0.0
2001-12-02 23:00:00,10.542124902210247,60,0.0
2001-12-03 00:00:00,9.866155848963873,60,0.0
2001-12-03 01:00:00,9.466554158945355,60,0.0
2001-12-03 02:00:00,9.330257464101628,60,0.0
2001-12-03 03:00:00,9.466554158945355,60,0.0
2001-12-03 04:00:00,9.866155848963874,60,0.0
2001-12-03 05:00:00,10.501830339355438,60,0.0
2001-12-03 06:00:00,11.330257464101628,60,0.0
2001-12-03 07:00:00,12.294981283691545,60,37.06383443378246
2001-12-03 08:00:00,13.330257464101628,60,71.60182980178507
2001-12-03 09:00:00,14.36553364451171,60,101.26027879641453
2001-12-03 10:00:00,15.330257464101628,60,124.01800713159118
2001-12-03 11:00:00,16.15868458884782,60,138.32411323019699
2001-12-03 12:00:00,16.79435907923938,60,143.20365960357017
2001-12-03 13:00:00,17.193960769257902,60,138.32411323019699
2001-12-03 14:00:00,17.330257464101628,60,124.01800713159118
2001-12-03 15:00:00,17.193960769257902,60,101.26027879641454
2001-12-03 16:00:00,16.79435907923938,60,71.60182980178507
2001-12-03 17:00:00,16.15868458884782,60,37.0638344337825
2001-12-03 18:00:00,15.330257464101628,60,1.7537390335969934e-14
2001-12-03 19:00:00,14.365533644511713,60,0.0
2001-12-03 20:00:00,13.330257464101628,60,0.0
2001-12-03 21:00:00,12.294981283691545,60,0.0
2001-12-03 22:00:00,11.33025746410163,60,0.0
2001-12-03 23:00:00,10.50183033935544,60,0.0
2001-12-04 00:00:00,9.828133996349056,60,0.0
2001-12-04 01:00:00,9.428532306330538,60,0.0
2001-12-04 02:00:00,9.292235611486811,60,0.0
2001-12-04 03:00:00,9.428532306330538,60,0.0
2001-12-04 04:00:00,9.828133996349056,60,0.0
2001-12-04 05:00:00,10.463808486740621,60,0.0
2001-12-04 06:00:00,11.292235611486811,60,0.0
2001-12-04 07:00:00,12.256959431076728,60,35.764496190469856
2001-12-04 08:00:00,13.292235611486811,60,69.09170106918366
2001-12-04 09:00:00,14.327511791896894,60,97.7104206994672
2001-12-04 10:00:00,15.292235611486811,60,119.67033663318703
2001-12-04 11:00:00,16.120662736233,60,133.47491688993705
2001-12-04 12:00:00,16.756337226624566,60,138.18340213836734
2001-12-04 13:00:00,17.155938916643084,60,133.47491688993705
2001-12-04 14:00:00,17.29223561148681,60,119.67033663318703
2001-12-04 15:00:00,17.155938916643084,60,97.7104206994672
2001-12-04 16:00:00,16.756337226624566,60,69.09170106918366
2001-12-04 17:00:00,16.120662736233,60,35.7644961904699
2001-12-04 18:00:00,15.292235611486811,60,1.6922586112404308e-14
2001-12-04 19:00:00,14.327511791896896,60,0.0
2001-12-04 20:00:00,13.292235611486811,60,0.0
2001-12-04 21:00:00,12.256959431076728,60,0.0
2001-12-04 22:00:00,11.292235611486813,60,0.0
2001-12-04 23:00:00,10.463808486740623,60,0.0
2001-12-05 00:00:00,9.792396120669732,60,0.0
2001-12-05 01:00:00,9.392794430651215,60,0.0
2001-12-05 02:00:00,9.256497735807487,60,0.0
2001-12-05 03:00:00,9.392794430651215,60,0.0
2001-12-05 04:00:00,9.792396120669732,60,0.0
2001-12-05 05:00:00,10.428070611061298,60,0.0
2001-12-05 06:00:00,11.256497735807487,60,0.0
2001-12-05 07:00:00,12.221221555397404,60,34.46250845006689
2001-12-05 08:00:00,13.256497735807487,60,66.57645390124972
2001-12-05 09:00:00,14.29177391621757,60,94.15332404185452
2001-12-05 10:00:00,15.256497735807487,60,115.31380074473172
2001-12-05 11:00:00,16.084924860553677,60,128.61583249192142
2001-12-05 12:00:00,16.720599350945243,60,133.15290780249947
2001-12-05 13:00:00,17.12020104096376,60,128.61583249192142
2001-12-05 14:00:00,17.256497735807486,60,115.31380074473172
2001-12-05 15:00:00,17.12020104096376,60,94.15332404185453
2001-12-05 16:00:00,16.720599350945243,60,66.57645390124972
2001-12-05 17:00:00,16.084924860553677,60,34.462508450066935
2001-12-05 18:00:00,15.256497735807487,60,1.630652823374936e-14
2001-12-05 19:00:00,14.291773916217572,60,0.0
2001-12-05 20:00:00,13.256497735807487,60,0.0
2001-12-05 21:00:00,12.221221555397404,60,0.0
2001-12-05 22:00:00,11.25649773580749,60,0.0
2001-12-05 23:00:00,10.4280706110613,60,0.0
2001-12-06 00:00:00,9.758952811829756,60,0.0
2001-12-06 01:00:00,9.359351121811239,60,0.0
2001-12-06 02:00:00,9.223054426967511,60,0.0
2001-12-06 03:00:00,9.359351121811239,60,0.0
2001-12-06 04:00:00,9.758952811829758,60,0.0
2001-12-06 05:00:00,10.394627302221322,60,0.0
2001-12-06 06:00:00,11.223054426967511,60,0.0
2001-12-06 07:00:00,12.187778246557428,60,33.15796766612647
2001-12-06 08:00:00,13.223054426967511,60,64.05627463193882
2001-12-06 09:00:00,14.258330607377594,60,90.58925233958352
2001-12-06 10:00:00,15.223054426967511,60,110.94872220610345
2001-12-06 11:00:00,16.0514815517137,60,123.74722000571
2001-12-06 12:00:00,16.687156042105265,60,128.11254926387767
2001-12-06 13:00:00,17.086757732123786,60,123.74722000571
2001-12-06 14:00:00,17.22305442696751,60,110.94872220610345
2001-12-06 15:00:00,17.086757732123786,60,90.58925233958354
2001-12-06 16:00:00,16.687156042105265,60,64.05627463193882
2001-12-06 17:00:00,16.051481551713703,60,33.1579676661265
2001-12-06 18:00:00,15.223054426967511,60,1.5689262338661537e-14
2001-12-06 19:00:00,14.258330607377596,60,0.0
2001-12-06 20:00:00,13.223054426967511,60,0.0
2001-12-06 21:00:00,12.187778246557428,60,0.0
2001-12-06 22:00:00,11.223054426967513,60,0.0
2001-12-06 23:00:00,10.394627302221323,60,0.0
2001-12-07 00:00:00,9.7278139798033,60,0.0
2001-12-07 01:00:00,9.328212289784782,60,0.0
2001-12-07 02:00:00,9.191915594941054,60,0.0
2001-12-07 03:00:00,9.328212289784782,60,0.0
2001-12-07 04:00:00,9.727813979803301,60,0.0
2001-12-07 05:00:00,10.363488470194865,60,0.0
2001-12-07 06:00:00,11.191915594941054,60,0.0
2001-12-07 07:00:00,12.156639414530972,60,31.850970481335725
2001-12-07 08:00:00,13.191915594941054,60,61.53134996058586
2001-12-07 09:00:00,14.227191775351137,60,87.01846962538573
2001-12-07 10:00:00,15.191915594941054,60,106.57542439003596
2001-12-07 11:00:00,16.020342719687243,60,118.86944010672147
2001-12-07 12:00:00,16.656017210078808,60,123.06269992117174
2001-12-07 13:00:00,17.05561890009733,60,118.86944010672147
2001-12-07 14:00:00,17.191915594941054,60,106.57542439003596
2001-12-07 15:00:00,17.05561890009733,60,87.01846962538575
2001-12-07 16:00:00,16.656017210078808,60,61.53134996058586
2001-12-07 17:00:00,16.020342719687246,60,31.85097048133576
2001-12-07 18:00:00,15.191915594941054,60,1.507083415528942e-14
2001-12-07 19:00:00,14.22719177535114,60,0.0
2001-12-07 20:00:00,13.191915594941054,60,0.0
2001-12-07 21:00:00,12.156639414530972,60,0.0
2001-12-07 22:00:00,11.191915594941056,60,0.0
2001-12-07 23:00:00,10.363488470194866,60,0.0
2001-12-08 00:00:00,9.698988851698324,60,0.0
2001-12-08 01:00:00,9.299387161679807,60,0.0
2001-12-08 02:00:00,9.16309046683608,60,0.0
2001-12-08 03:00:00,9.299387161679807,60,0.0
2001-12-08 04:00:00,9.698988851698324,60,0.0
2001-12-08 05:00:00,10.33466334208989,60,0.0
2001-12-08 06:00:00,11.16309046683608,60,0.0
2001-12-08 07:00:00,12.127814286425997,60,30.541613720356057
2001-12-08 08:00:00,13.16309046683608,60,59.00186693807293
2001-12-08 09:00:00,14.198366647246162,60,83.44124042915547
2001-12-08 10:00:00,15.16309046683608,60,102.19423127816069
2001-12-08 11:00:00,15.99151759158227,60,113.98285414951152
2001-12-08 12:00:00,16.627192081973835,60,118.00373387614589
2001-12-08 13:00:00,17.026793771992352,60,113.98285414951152
2001-12-08 14:00:00,17.16309046683608,60,102.19423127816069
2001-12-08 15:00:00,17.026793771992352,60,83.44124042915547
2001-12-08 16:00:00,16.627192081973835,60,59.00186693807293
2001-12-08 17:00:00,15.99151759158227,60,30.54161372035609
2001-12-08 18:00:00,15.16309046683608,60,1.4451289497885814e-14
2001-12-08 19:00:00,14.198366647246164,60,0.0
2001-12-08 20:00:00,13.16309046683608,60,0.0
2001-12-08 21:00:00,12.127814286425997,60,0.0
2001-12-08 22:00:00,11.163090466836081,60,0.0
2001-12-08 23:00:00,10.334663342089891,60,0.0
2001-12-09 00:00:00,9.672485969022388,60,0.0
2001-12-09 01:00:00,9.27288427900387,60,0.0
2001-12-09 02:00:00,9.136587584160143,60,0.0
2001-12-09 03:00:00,9.27288427900387,60,0.0
2001-12-09 04:00:00,9.67248596902239,60,0.0
2001-12-09 05:00:00,10.308160459413953,60,0.0
2001-12-09 06:00:00,11.136587584160143,60,0.0
2001-12-09 07:00:00,12.10131140375006,60,29.22999438265063
2001-12-09 08:00:00,13.136587584160143,60,56.46801295297326
2001-12-09 09:00:00,14.171863764570226,60,79.8578297583544
2001-12-09 10:00:00,15.136587584160143,60,97.80546743700718
2001-12-09 11:00:00,15.965014708906333,60,109.08782414100503
2001-12-09 12:00:00,16.600689199297896,60,112.93602590594655
2001-12-09 13:00:00,17.000290889316418,60,109.08782414100503
2001-12-09 14:00:00,17.136587584160143,60,97.80546743700718
2001-12-09 15:00:00,17.000290889316418,60,79.85782975835441
2001-12-09 16:00:00,16.600689199297896,60,56.46801295297326
2001-12-09 17:00:00,15.965014708906333,60,29.229994382650663
2001-12-09 18:00:00,15.136587584160143,60,1.3830674263413999e-14
2001-12-09 19:00:00,14.171863764570228,60,0.0
2001-12-09 20:00:00,13.136587584160143,60,0.0
2001-12-09 21:00:00,12.10131140375006,60,0.0
2001-12-09 22:00:00,11.136587584160145,60,0.0
2001-12-09 23:00:00,10.308160459413955,60,0.0
2001-12-10 00:00:00,9.648313185151602,60,0.0
2001-12-10 01:00:00,9.248711495133085,60,0.0
2001-12-10 02:00:00,9.112414800289358,60,0.0
2001-12-10 03:00:00,9.248711495133085,60,0.0
2001-12-10 04:00:00,9.648313185151604,60,0.0
2001-12-10 05:00:00,10.283987675543168,60,0.0
2001-12-10 06:00:00,11.112414800289358,60,0.0
2001-12-10 07:00:00,12.077138619879275,60,27.916209635298298
2001-12-10 08:00:00,13.112414800289358,60,53.92997571766871
2001-12-10 09:00:00,14.14769098069944,60,76.26850307837879
2001-12-10 10:00:00,15.112414800289358,60,93.40945799395804
2001-12-10 11:00:00,15.940841925035548,60,104.18471271367709
2001-12-10 12:00:00,16.57651641542711,60,107.85995143533744
2001-12-10 13:00:00,16.976118105445632,60,104.18471271367709
2001-12-10 14:00:00,17.112414800289358,60,93.40945799395804
2001-12-10 15:00:00,16.976118105445632,60,76.2685030783788
2001-12-10 16:00:00,16.57651641542711,60,53.92997571766871
2001-12-10 17:00:00,15.940841925035548,60,27.91620963529833
2001-12-10 18:00:00,15.112414800289358,60,1.3209034428147496e-14
2001-12-10 19:00:00,14.147690980699442,60,0.0
2001-12-10 20:00:00,13.112414800289358,60,0.0
2001-12-10 21:00:00,12.077138619879275,60,0.0
2001-12-10 22:00:00,11.11241480028936,60,0.0
2001-12-10 23:00:00,10.28398767554317,60,0.0
2001-12-11 00:00:00,9.626477663003522,60,0.0
2001-12-11 01:00:00,9.226875972985004,60,0.0
2001-12-11 02:00:00,9.090579278141277,60,0.0
2001-12-11 03:00:00,9.226875972985004,60,0.0
2001-12-11 04:00:00,9.626477663003524,60,0.0
2001-12-11 05:00:00,10.262152153395087,60,0.0
2001-12-11 06:00:00,11.090579278141277,60,0.0
2001-12-11 07:00:00,12.055303097731194,60,26.600356805795077
2001-12-11 08:00:00,13.090579278141277,60,51.38794325444329
2001-12-11 09:00:00,14.12585545855136,60,72.67352629289272
2001-12-11 10:00:00,15.090579278141277,60,89.00652861316216
2001-12-11 11:00:00,15.919006402887467,60,99.27388309868779
2001-12-11 12:00:00,16.55468089327903,60,102.7758865088866
2001-12-11 13:00:00,16.95428258329755,60,99.27388309868779
2001-12-11 14:00:00,17.090579278141277,60,89.00652861316216
2001-12-11 15:00:00,16.95428258329755,60,72.67352629289273
2001-12-11 16:00:00,16.55468089327903,60,51.38794325444329
2001-12-11 17:00:00,15.919006402887467,60,26.600356805795105
2001-12-11 18:00:00,15.090579278141277,60,1.2586416044263962e-14
2001-12-11 19:00:00,14.125855458551362,60,0.0
2001-12-11 20:00:00,13.090579278141277,60,0.0
2001-12-11 21:00:00,12.055303097731194,60,0.0
2001-12-11 22:00:00,11.090579278141279,60,0.0
2001-12-11 23:00:00,10.262152153395089,60,0.0
2001-12-12 00:00:00,9.606985872914608,60,0.0
2001-12-12 01:00:00,9.20738418289609,60,0.0
2001-12-12 02:00:00,9.071087488052363,60,0.0
2001-12-12 03:00:00,9.20738418289609,60,0.0
2001-12-12 04:00:00,9.60698587291461,60,0.0
2001-12-12 05:00:00,10.242660363306173,60,0.0
2001-12-12 06:00:00,11.071087488052363,60,0.0
2001-12-12 07:00:00,12.03581130764228,60,25.28253337484445
2001-12-12 08:00:00,13.071087488052363,60,48.84210388155514
2001-12-12 09:00:00,14.106363668462446,60,69.07316572413087
2001-12-12 10:00:00,15.071087488052363,60,84.59700547141058
2001-12-12 11:00:00,15.899514612798553,60,94.35569909897532
2001-12-12 12:00:00,16.535189103190117,60,97.6842077631103
2001-12-12 13:00:00,16.934790793208638,60,94.35569909897532
2001-12-12 14:00:00,17.071087488052363,60,84.59700547141058
2001-12-12 15:00:00,16.934790793208638,60,69.07316572413087
2001-12-12 16:00:00,16.535189103190117,60,48.84210388155514
2001-12-12 17:00:00,15.899514612798553,60,25.28253337484448
2001-12-12 18:00:00,15.071087488052363,60,1.1962865236433805e-14
2001-12-12 19:00:00,14.106363668462448,60,0.0
2001-12-12 20:00:00,13.071087488052363,60,0.0
2001-12-12 21:00:00,12.03581130764228,60,0.0
2001-12-12 22:00:00,11.071087488052365,60,0.0
2001-12-12 23:00:00,10.242660363306175,60,0.0
2001-12-13 00:00:00,9.58984359072293,60,0.0
2001-12-13 01:00:00,9.190241900704413,60,0.0
2001-12-13 02:00:00,9.053945205860686,60,0.0
2001-12-13 03:00:00,9.190241900704413,60,0.0
2001-12-13 04:00:00,9.589843590722932,60,0.0
2001-12-13 05:00:00,10.225518081114496,60,0.0
2001-12-13 06:00:00,11.053945205860686,60,0.0
2001-12-13 07:00:00,12.018669025450603,60,23.96283696913525
2001-12-13 08:00:00,13.053945205860686,60,46.29264619928439
2001-12-13 09:00:00,14.089221386270768,60,65.46768809316731
2001-12-13 10:00:00,15.053945205860686,60,80.18121523397087
2001-12-13 11:00:00,15.882372330606875,60,89.43052506230256
2001-12-13 12:00:00,16.51804682099844,60,92.5852923985688
2001-12-13 13:00:00,16.91764851101696,60,89.43052506230256
2001-12-13 14:00:00,17.053945205860686,60,80.18121523397087
2001-12-13 15:00:00,16.91764851101696,60,65.46768809316731
2001-12-13 16:00:00,16.51804682099844,60,46.29264619928439
2001-12-13 17:00:00,15.882372330606875,60,23.962836969135278
2001-12-13 18:00:00,15.053945205860686,60,1.1338428198402905e-14
2001-12-13 19:00:00,14.08922138627077,60,0.0
2001-12-13 20:00:00,13.053945205860686,60,0.0
2001-12-13 21:00:00,12.018669025450603,60,0.0
2001-12-13 22:00:00,11.053945205860687,60,0.0
2001-12-13 23:00:00,10.225518081114497,60,0.0
2001-12-14 00:00:00,9.575055896056666,60,0.0
2001-12-14 01:00:00,9.175454206038149,60,0.0
2001-12-14 02:00:00,9.039157511194421,60,0.0
2001-12-14 03:00:00,9.175454206038149,60,0.0
2001-12-14 04:00:00,9.575055896056668,60,0.0
2001-12-14 05:00:00,10.210730386448231,60,0.0
2001-12-14 06:00:00,11.039157511194421,60,0.0
2001-12-14 07:00:00,12.003881330784338,60,22.641365354109876
2001-12-14 08:00:00,13.039157511194421,60,43.739759075962525
2001-12-14 09:00:00,14.074433691604504,60,61.85736050015789
2001-12-14 10:00:00,15.039157511194421,60,75.75948503038904
2001-12-14 11:00:00,15.867584635940611,60,84.49872585426776
2001-12-14 12:00:00,16.503259126332175,60,87.47951815192506
2001-12-14 13:00:00,16.902860816350696,60,84.49872585426776
2001-12-14 14:00:00,17.03915751119442,60,75.75948503038904
2001-12-14 15:00:00,16.902860816350696,60,61.857360500157895
2001-12-14 16:00:00,16.503259126332175,60,43.739759075962525
2001-12-14 17:00:00,15.867584635940611,60,22.6413653541099
2001-12-14 18:00:00,15.039157511194421,60,1.071315118957078e-14
2001-12-14 19:00:00,14.074433691604506,60,0.0
2001-12-14 20:00:00,13.039157511194421,60,0.0
2001-12-14 21:00:00,12.003881330784338,60,0.0
2001-12-14 22:00:00,11.039157511194423,60,0.0
2001-12-14 23:00:00,10.210730386448233,60,0.0
2001-12-15 00:00:00,9.562627170828884,60,0.0
2001-12-15 01:00:00,9.163025480810367,60,0.0
2001-12-15 02:00:00,9.02672878596664,60,0.0
2001-12-15 03:00:00,9.163025480810367,60,0.0
2001-12-15 04:00:00,9.562627170828886,60,0.0
2001-12-15 05:00:00,10.19830166122045,60,0.0
2001-12-15 06:00:00,11.02672878596664,60,0.0
2001-12-15 07:00:00,11.991452605556557,60,21.318216426721023
2001-12-15 08:00:00,13.02672878596664,60,41.183631633979374
2001-12-15 09:00:00,14.062004966376723,60,58.24245040455127
2001-12-15 10:00:00,15.02672878596664,60,71.33214243025316
2001-12-15 11:00:00,15.85515591071283,60,79.5606668312723
2001-12-15 12:00:00,16.490830401104393,60,82.36726326795876
2001-12-15 13:00:00,16.890432091122914,60,79.5606668312723
2001-12-15 14:00:00,17.02672878596664,60,71.33214243025316
2001-12-15 15:00:00,16.890432091122914,60,58.24245040455128
2001-12-15 16:00:00,16.490830401104393,60,41.183631633979374
2001-12-15 17:00:00,15.85515591071283,60,21.318216426721044
2001-12-15 18:00:00,15.02672878596664,60,1.0087080531563306e-14
2001-12-15 19:00:00,14.062004966376724,60,0.0
2001-12-15 20:00:00,13.02672878596664,60,0.0
2001-12-15 21:00:00,11.991452605556557,60,0.0
2001-12-15 22:00:00,11.026728785966641,60,0.0
2001-12-15 23:00:00,10.198301661220452,60,0.0
2001-12-16 00:00:00,9.552561097939106,60,0.0
2001-12-16 01:00:00,9.152959407920589,60,0.0
2001-12-16 02:00:00,9.016662713076862,60,0.0
2001-12-16 03:00:00,9.152959407920589,60,0.0
2001-12-16 04:00:00,9.552561097939108,60,0.0
2001-12-16 05:00:00,10.188235588330672,60,0.0
2001-12-16 06:00:00,11.016662713076862,60,0.0
2001-12-16 07:00:00,11.981386532666779,60,19.993488208180196
2001-12-16 08:00:00,13.016662713076862,60,38.62445323577439
2001-12-16 09:00:00,14.051938893486945,60,54.623225605277526
2001-12-16 10:00:00,15.016662713076862,60,66.89951541892938
2001-12-16 11:00:00,15.845089837823052,60,74.61671381345772
2001-12-16 12:00:00,16.480764328214615,60,77.24890647154879
2001-12-16 13:00:00,16.880366018233136,60,74.61671381345772
2001-12-16 14:00:00,17.01666271307686,60,66.89951541892938
2001-12-16 15:00:00,16.880366018233136,60,54.62322560527753
2001-12-16 16:00:00,16.480764328214615,60,38.62445323577439
2001-12-16 17:00:00,15.845089837823052,60,19.993488208180217
2001-12-16 18:00:00,15.016662713076862,60,9.460262604801549e-15
2001-12-16 19:00:00,14.051938893486946,60,0.0
2001-12-16 20:00:00,13.016662713076862,60,0.0
2001-12-16 21:00:00,11.981386532666779,60,0.0
2001-12-16 22:00:00,11.016662713076864,60,0.0
2001-12-16 23:00:00,10.188235588330674,60,0.0
2001-12-17 00:00:00,9.544860660181977,60,0.0
2001-12-17 01:00:00,9.145258970163459,60,0.0
2001-12-17 02:00:00,9.008962275319732,60,0.0
2001-12-17 03:00:00,9.145258970163459,60,0.0
2001-12-17 04:00:00,9.544860660181978,60,0.0
2001-12-17 05:00:00,10.180535150573542,60,0.0
2001-12-17 06:00:00,11.008962275319732,60,0.0
2001-12-17 07:00:00,11.973686094909649,60,18.667278836694834
2001-12-17 08:00:00,13.008962275319732,60,36.06241346980578
2001-12-17 09:00:00,14.044238455729815,60,50.99995422090553
2001-12-17 10:00:00,15.008962275319732,60,62.46193237325988
2001-12-17 11:00:00,15.837389400065922,60,69.66723305760037
2001-12-17 12:00:00,16.473063890457485,60,72.12482693961158
2001-12-17 13:00:00,16.872665580476006,60,69.66723305760037
2001-12-17 14:00:00,17.008962275319732,60,62.46193237325988
2001-12-17 15:00:00,16.872665580476006,60,50.999954220905536
2001-12-17 16:00:00,16.473063890457485,60,36.06241346980578
2001-12-17 17:00:00,15.837389400065922,60,18.667278836694855
2001-12-17 18:00:00,15.008962275319732,60,8.832743845065211e-15
2001-12-17 19:00:00,14.044238455729817,60,0.0
2001-12-17 20:00:00,13.008962275319732,60,0.0
2001-12-17 21:00:00,11.973686094909649,60,0.0
2001-12-17 22:00:00,11.008962275319734,60,0.0
2001-12-17 23:00:00,10.180535150573544,60,0.0
2001-12-18 00:00:00,9.539528139363386,60,0.0
2001-12-18 01:00:00,9.139926449344868,60,0.0
2001-12-18 02:00:00,9.00362975450114,60,0.0
2001-12-18 03:00:00,9.139926449344868,60,0.0
2001-12-18 04:00:00,9.539528139363387,60,0.0
2001-12-18 05:00:00,10.175202629754951,60,0.0
2001-12-18 06:00:00,11.00362975450114,60,0.0
2001-12-18 07:00:00,11.968353574091058,60,17.339686560199617
2001-12-18 08:00:00,13.00362975450114,60,33.49770213650853
2001-12-18 09:00:00,14.038905934911224,60,47.37290466978457
2001-12-18 10:00:00,15.00362975450114,60,58.019722037241316
2001-12-18 11:00:00,15.83205687924733,60,64.71259122998418
2001-12-18 12:00:00,16.467731369638894,60,66.99540427301707
2001-12-18 13:00:00,16.867333059657415,60,64.71259122998418
2001-12-18 14:00:00,17.00362975450114,60,58.019722037241316
2001-12-18 15:00:00,16.867333059657415,60,47.372904669784575
2001-12-18 16:00:00,16.467731369638894,60,33.49770213650853
2001-12-18 17:00:00,15.83205687924733,60,17.339686560199635
2001-12-18 18:00:00,15.00362975450114,60,8.204570740053327e-15
2001-12-18 19:00:00,14.038905934911226,60,0.0
2001-12-18 20:00:00,13.00362975450114,60,0.0
2001-12-18 21:00:00,11.968353574091058,60,0.0
2001-12-18 22:00:00,11.003629754501143,60,0.0
2001-12-18 23:00:00,10.175202629754953,60,0.0
2001-12-19 00:00:00,9.536565115624342,60,0.0
2001-12-19 01:00:00,9.136963425605824,60,0.0
2001-12-19 02:00:00,9.000666730762097,60,0.0
2001-12-19 03:00:00,9.136963425605824,60,0.0
2001-12-19 04:00:00,9.536565115624342,60,0.0
2001-12-19 05:00:00,10.172239606015907,60,0.0
2001-12-19 06:00:00,11.000666730762097,60,0.0
2001-12-19 07:00:00,11.965390550352014,60,16.010809729076456
2001-12-19 08:00:00,13.000666730762097,60,30.930509234230456
2001-12-19 09:00:00,14.03594291117218,60,43.74234565015497
2001-12-19 10:00:00,15.000666730762097,60,53.57321349766549
2001-12-19 11:00:00,15.829093855508287,60,59.75315537923143
2001-12-19 12:00:00,16.464768345899852,60,61.86101846846093
2001-12-19 13:00:00,16.86437003591837,60,59.75315537923143
2001-12-19 14:00:00,17.0006667307621,60,53.57321349766549
2001-12-19 15:00:00,16.86437003591837,60,43.742345650154974
2001-12-19 16:00:00,16.464768345899852,60,30.930509234230456
2001-12-19 17:00:00,15.829093855508287,60,16.010809729076474
2001-12-19 18:00:00,15.000666730762097,60,7.575789825939597e-15
2001-12-19 19:00:00,14.035942911172182,60,0.0
2001-12-19 20:00:00,13.000666730762097,60,0.0
2001-12-19 21:00:00,11.965390550352014,60,0.0
2001-12-19 22:00:00,11.000666730762099,60,0.0
2001-12-19 23:00:00,10.172239606015909,60,0.0
2001-12-20 00:00:00,9.535972466972725,60,0.0
2001-12-20 01:00:00,9.136370776954207,60,0.0
2001-12-20 02:00:00,9.00007408211048,60,0.0
2001-12-20 03:00:00,9.136370776954207,60,0.0
2001-12-20 04:00:00,9.535972466972726,60,0.0
2001-12-20 05:00:00,10.17164695736429,60,0.0
2001-12-20 06:00:00,11.00007408211048,60,0.0
2001-12-20 07:00:00,11.964797901700397,60,14.680746788870028
2001-12-20 08:00:00,13.00007408211048,60,28.36102494515973
2001-12-20 09:00:00,14.035350262520563,60,40.10854612024656
2001-12-20 10:00:00,15.00007408211048,60,49.122736159744996
2001-12-20 11:00:00,15.82850120685667,60,54.78929290911659
2001-12-20 12:00:00,16.464175697248233,60,56.72204989031947
2001-12-20 13:00:00,16.863777387266754,60,54.78929290911659
2001-12-20 14:00:00,17.00007408211048,60,49.122736159744996
2001-12-20 15:00:00,16.863777387266754,60,40.108546120246565
2001-12-20 16:00:00,16.464175697248233,60,28.36102494515973
2001-12-20 17:00:00,15.82850120685667,60,14.680746788870044
2001-12-20 18:00:00,15.00007408211048,60,6.9464476839256215e-15
2001-12-20 19:00:00,14.035350262520565,60,0.0
2001-12-20 20:00:00,13.00007408211048,60,0.0
2001-12-20 21:00:00,11.964797901700397,60,0.0
2001-12-20 22:00:00,11.000074082110482,60,0.0
2001-12-20 23:00:00,10.171646957364292,60,0.0
2001-12-21 00:00:00,9.537750369023117,60,0.0
2001-12-21 01:00:00,9.1381486790046,60,0.0
2001-12-21 02:00:00,9.001851984160872,60,0.0
2001-12-21 03:00:00,9.1381486790046,60,0.0
2001-12-21 04:00:00,9.537750369023119,60,0.0
2001-12-21 05:00:00,10.173424859414682,60,0.0
2001-12-21 06:00:00,11.001851984160872,60,0.0
2001-12-21 07:00:00,11.96657580375079,60,13.349596272993784
2001-12-21 08:00:00,13.001851984160872,60,25.78943962123397
2001-12-21 09:00:00,14.037128164570955,60,36.47177527835114
2001-12-21 10:00:00,15.001851984160872,60,44.668619722707106
2001-12-21 11:00:00,15.830279108907062,60,49.821371551344924
2001-12-21 12:00:00,16.465953599298626,60,51.57887924246795
2001-12-21 13:00:00,16.865555289317147,60,49.821371551344924
2001-12-21 14:00:00,17.001851984160872,60,44.668619722707106
2001-12-21 15:00:00,16.865555289317147,60,36.471775278351146
2001-12-21 16:00:00,16.465953599298626,60,25.78943962123397
2001-12-21 17:00:00,15.830279108907062,60,13.349596272993798
2001-12-21 18:00:00,15.001851984160872,60,6.3165909367896234e-15
2001-12-21 19:00:00,14.037128164570957,60,0.0
2001-12-21 20:00:00,13.001851984160872,60,0.0
2001-12-21 21:00:00,11.96657580375079,60,0.0
2001-12-21 22:00:00,11.001851984160874,60,0.0
2001-12-21 23:00:00,10.173424859414684,60,0.0
2001-12-22 00:00:00,9.541898294944778,60,0.0
2001-12-22 01:00:00,9.14229660492626,60,0.0
2001-12-22 02:00:00,9.005999910082533,60,0.0
2001-12-22 03:00:00,9.14229660492626,60,0.0
2001-12-22 04:00:00,9.54189829494478,60,0.0
2001-12-22 05:00:00,10.177572785336343,60,0.0
2001-12-22 06:00:00,11.005999910082533,60,0.0
2001-12-22 07:00:00,11.97072372967245,60,12.017456795430569
2001-12-22 08:00:00,13.005999910082533,60,23.215943770038898
2001-12-22 09:00:00,14.041276090492616,60,32.83230254288018
2001-12-22 10:00:00,15.005999910082533,60,40.211194155369526
2001-12-22 11:00:00,15.834427034828723,60,44.84975933831075
2001-12-22 12:00:00,16.470101525220286,60,46.4318875400778
2001-12-22 13:00:00,16.869703215238808,60,44.84975933831075
2001-12-22 14:00:00,17.005999910082533,60,40.211194155369526
2001-12-22 15:00:00,16.869703215238808,60,32.83230254288018
2001-12-22 16:00:00,16.470101525220286,60,23.215943770038898
2001-12-22 17:00:00,15.834427034828723,60,12.017456795430581
2001-12-22 18:00:00,15.005999910082533,60,5.686266245432615e-15
2001-12-22 19:00:00,14.041276090492618,60,0.0
2001-12-22 20:00:00,13.005999910082533,60,0.0
2001-12-22 21:00:00,11.97072372967245,60,0.0
2001-12-22 22:00:00,11.005999910082535,60,0.0
2001-12-22 23:00:00,10.177572785336345,60,0.0
2001-12-23 00:00:00,9.54841501561773,60,0.0
2001-12-23 01:00:00,9.148813325599212,60,0.0
2001-12-23 02:00:00,9.012516630755485,60,0.0
2001-12-23 03:00:00,9.148813325599212,60,0.0
2001-12-23 04:00:00,9.548415015617731,60,0.0
2001-12-23 05:00:00,10.184089506009295,60,0.0
2001-12-23 06:00:00,11.012516630755485,60,0.0
2001-12-23 07:00:00,11.977240450345402,60,10.684427043427537
2001-12-23 08:00:00,13.012516630755485,60,20.64072804069602
2001-12-23 09:00:00,14.047792811165568,60,29.19039753240695
2001-12-23 10:00:00,15.012516630755485,60,35.75078967169711
2001-12-23 11:00:00,15.840943755501675,60,39.87482457583449
2001-12-23 12:00:00,16.47661824589324,60,41.281456081392044
2001-12-23 13:00:00,16.87621993591176,60,39.87482457583449
2001-12-23 14:00:00,17.012516630755485,60,35.75078967169711
2001-12-23 15:00:00,16.87621993591176,60,29.190397532406955
2001-12-23 16:00:00,16.47661824589324,60,20.64072804069602
2001-12-23 17:00:00,15.840943755501675,60,10.684427043427549
2001-12-23 18:00:00,15.012516630755485,60,5.05552030542188e-15
2001-12-23 19:00:00,14.04779281116557,60,0.0
2001-12-23 20:00:00,13.012516630755485,60,0.0
2001-12-23 21:00:00,11.977240450345402,60,0.0
2001-12-23 22:00:00,11.012516630755487,60,0.0
2001-12-23 23:00:00,10.184089506009297,60,0.0
2001-12-24 00:00:00,9.557298599997,60,0.0
2001-12-24 01:00:00,9.157696909978483,60,0.0
2001-12-24 02:00:00,9.021400215134756,60,0.0
2001-12-24 03:00:00,9.157696909978483,60,0.0
2001-12-24 04:00:00,9.557298599997,60,0.0
2001-12-24 05:00:00,10.192973090388566,60,0.0
2001-12-24 06:00:00,11.021400215134756,60,0.0
2001-12-24 07:00:00,11.986124034724673,60,9.350605770184666
2001-12-24 08:00:00,13.021400215134756,60,18.063983209737902
2001-12-24 09:00:00,14.056676395544839,60,25.546330045691217
2001-12-24 10:00:00,15.021400215134756,60,31.28773670633718
2001-12-24 11:00:00,15.849827339880946,60,34.896935815875885
2001-12-24 12:00:00,16.48550183027251,60,36.12796641947581
2001-12-24 13:00:00,16.88510352029103,60,34.896935815875885
2001-12-24 14:00:00,17.021400215134754,60,31.28773670633718
2001-12-24 15:00:00,16.88510352029103,60,25.54633004569122
2001-12-24 16:00:00,16.48550183027251,60,18.063983209737902
2001-12-24 17:00:00,15.849827339880946,60,9.350605770184677
2001-12-24 18:00:00,15.021400215134756,60,4.4243998435314115e-15
2001-12-24 19:00:00,14.05667639554484,60,0.0
2001-12-24 20:00:00,13.021400215134756,60,0.0
2001-12-24 21:00:00,11.986124034724673,60,0.0
2001-12-24 22:00:00,11.021400215134758,60,0.0
2001-12-24 23:00:00,10.192973090388568,60,0.0
2001-12-25 00:00:00,9.568546415684812,60,0.0
2001-12-25 01:00:00,9.168944725666295,60,0.0
2001-12-25 02:00:00,9.032648030822568,60,0.0
2001-12-25 03:00:00,9.168944725666295,60,0.0
2001-12-25 04:00:00,9.568546415684814,60,0.0
2001-12-25 05:00:00,10.204220906076378,60,0.0
2001-12-25 06:00:00,11.032648030822568,60,0.0
2001-12-25 07:00:00,11.997371850412485,60,8.016091787539501
2001-12-25 08:00:00,13.032648030822568,60,15.485900166976213
2001-12-25 09:00:00,14.06792421123265,60,21.90037004169354
2001-12-25 10:00:00,15.032648030822568,60,26.82236589014217
2001-12-25 11:00:00,15.861075155568757,60,29.916461829233043
2001-12-25 12:00:00,16.49674964596032,60,30.971800333952434
2001-12-25 13:00:00,16.896351335978842,60,29.916461829233043
2001-12-25 14:00:00,17.032648030822568,60,26.82236589014217
2001-12-25 15:00:00,16.896351335978842,60,21.900370041693545
2001-12-25 16:00:00,16.49674964596032,60,15.485900166976213
2001-12-25 17:00:00,15.861075155568757,60,8.01609178753951
2001-12-25 18:00:00,15.032648030822568,60,3.792951614280577e-15
2001-12-25 19:00:00,14.067924211232652,60,0.0
2001-12-25 20:00:00,13.032648030822568,60,0.0
2001-12-25 21:00:00,11.997371850412485,60,0.0
2001-12-25 22:00:00,11.03264803082257,60,0.0
2001-12-25 23:00:00,10.20422090607638,60,0.0
2001-12-26 00:00:00,9.58215512971063,60,0.0
2001-12-26 01:00:00,9.182553439692112,60,0.0
2001-12-26 02:00:00,9.046256744848385,60,0.0
2001-12-26 03:00:00,9.182553439692112,60,0.0
2001-12-26 04:00:00,9.582155129710632,60,0.0
2001-12-26 05:00:00,10.217829620102195,60,0.0
2001-12-26 06:00:00,11.046256744848385,60,0.0
2001-12-26 07:00:00,12.010980564438302,60,6.680983958646456
2001-12-26 08:00:00,13.046256744848385,60,12.906669901359175
2001-12-26 09:00:00,14.081532925258468,60,18.252787619574764
2001-12-26 10:00:00,15.046256744848385,60,22.355008025674085
2001-12-26 11:00:00,15.874683869594575,60,24.933771578221222
2001-12-26 12:00:00,16.51035835998614,60,25.813339802718353
2001-12-26 13:00:00,16.90996005000466,60,24.933771578221222
2001-12-26 14:00:00,17.046256744848385,60,22.355008025674085
2001-12-26 15:00:00,16.90996005000466,60,18.252787619574764
2001-12-26 16:00:00,16.51035835998614,60,12.906669901359175
2001-12-26 17:00:00,15.874683869594575,60,6.680983958646463
2001-12-26 18:00:00,15.046256744848385,60,3.1612223964702e-15
2001-12-26 19:00:00,14.08153292525847,60,0.0
2001-12-26 20:00:00,13.046256744848385,60,0.0
2001-12-26 21:00:00,12.010980564438302,60,0.0
2001-12-26 22:00:00,11.046256744848387,60,0.0
2001-12-26 23:00:00,10.217829620102197,60,0.0
2001-12-27 00:00:00,9.598120709518787,60,0.0
2001-12-27 01:00:00,9.198519019500269,60,0.0
2001-12-27 02:00:00,9.062222324656542,60,0.0
2001-12-27 03:00:00,9.198519019500269,60,0.0
2001-12-27 04:00:00,9.598120709518788,60,0.0
2001-12-27 05:00:00,10.233795199910352,60,0.0
2001-12-27 06:00:00,11.062222324656542,60,0.0
2001-12-27 07:00:00,12.026946144246459,60,5.34538119065339
2001-12-27 08:00:00,13.062222324656542,60,10.326483486823838
2001-12-27 09:00:00,14.097498505066625,60,14.60385299868808
2001-12-27 10:00:00,15.062222324656542,60,17.885994062699908
2001-12-27 11:00:00,15.890649449402732,60,19.94923418934147
2001-12-27 12:00:00,16.526323939794295,60,20.65296697364768
2001-12-27 13:00:00,16.925925629812816,60,19.94923418934147
2001-12-27 14:00:00,17.062222324656542,60,17.885994062699908
2001-12-27 15:00:00,16.925925629812816,60,14.603852998688081
2001-12-27 16:00:00,16.526323939794295,60,10.326483486823838
2001-12-27 17:00:00,15.890649449402732,60,5.345381190653396
2001-12-27 18:00:00,15.062222324656542,60,2.5292589897173628e-15
2001-12-27 19:00:00,14.097498505066627,60,0.0
2001-12-27 20:00:00,13.062222324656542,60,0.0
2001-12-27 21:00:00,12.026946144246459,60,0.0
2001-12-27 22:00:00,11.062222324656544,60,0.0
2001-12-27 23:00:00,10.233795199910354,60,0.0
2001-12-28 00:00:00,9.616438424163421,60,0.0
2001-12-28 01:00:00,9.216836734144904,60,0.0
2001-12-28 02:00:00,9.080540039301177,60,0.0
2001-12-28 03:00:00,9.216836734144904,60,0.0
2001-12-28 04:00:00,9.616438424163423,60,0.0
2001-12-28 05:00:00,10.252112914554987,60,0.0
2001-12-28 06:00:00,11.080540039301177,60,0.0
2001-12-28 07:00:00,12.045263858891094,60,4.009382427373856
2001-12-28 08:00:00,13.080540039301177,60,7.745532068139923
2001-12-28 09:00:00,14.11581621971126,60,10.953836498559207
2001-12-28 10:00:00,15.080540039301177,60,13.415655073672392
2001-12-28 11:00:00,15.908967164047366,60,14.963218925933065
2001-12-28 12:00:00,16.54464165443893,60,15.49106413627985
2001-12-28 13:00:00,16.94424334445745,60,14.963218925933065
2001-12-28 14:00:00,17.080540039301177,60,13.415655073672392
2001-12-28 15:00:00,16.94424334445745,60,10.953836498559209
2001-12-28 16:00:00,16.54464165443893,60,7.745532068139923
2001-12-28 17:00:00,15.908967164047366,60,4.00938242737386
2001-12-28 18:00:00,15.080540039301177,60,1.8971082109881474e-15
2001-12-28 19:00:00,14.115816219711261,60,0.0
2001-12-28 20:00:00,13.080540039301177,60,0.0
2001-12-28 21:00:00,12.045263858891094,60,0.0
2001-12-28 22:00:00,11.080540039301178,60,0.0
2001-12-28 23:00:00,10.252112914554989,60,0.0
2001-12-29 00:00:00,9.637102845710354,60,0.0
2001-12-29 01:00:00,9.237501155691836,60,0.0
2001-12-29 02:00:00,9.101204460848109,60,0.0
2001-12-29 03:00:00,9.237501155691836,60,0.0
2001-12-29 04:00:00,9.637102845710356,60,0.0
2001-12-29 05:00:00,10.27277733610192,60,0.0
2001-12-29 06:00:00,11.101204460848109,60,0.0
2001-12-29 07:00:00,12.065928280438026,60,2.673086641957643
2001-12-29 08:00:00,13.101204460848109,60,5.164006846750413
2001-12-29 09:00:00,14.136480641258192,60,7.303008518861957
2001-12-29 10:00:00,15.101204460848109,60,8.944322229205268
2001-12-29 11:00:00,15.929631585594299,60,9.9760951608196
2001-12-29 12:00:00,16.565306075985863,60,10.328013693500829
2001-12-29 13:00:00,16.964907766004384,60,9.9760951608196
2001-12-29 14:00:00,17.10120446084811,60,8.944322229205268
2001-12-29 15:00:00,16.964907766004384,60,7.303008518861958
2001-12-29 16:00:00,16.565306075985863,60,5.164006846750413
2001-12-29 17:00:00,15.929631585594299,60,2.6730866419576462
2001-12-29 18:00:00,15.101204460848109,60,1.2648168911295824e-15
2001-12-29 19:00:00,14.136480641258194,60,0.0
2001-12-29 20:00:00,13.101204460848109,60,0.0
2001-12-29 21:00:00,12.065928280438026,60,0.0
2001-12-29 22:00:00,11.10120446084811,60,0.0
2001-12-29 23:00:00,10.272777336101921,60,0.0
2001-12-30 00:00:00,9.660107850845506,60,0.0
2001-12-30 01:00:00,9.260506160826989,60,0.0
2001-12-30 02:00:00,9.124209465983261,60,0.0
2001-12-30 03:00:00,9.260506160826989,60,0.0
2001-12-30 04:00:00,9.660107850845506,60,0.0
2001-12-30 05:00:00,10.295782341237071,60,0.0
2001-12-30 06:00:00,11.124209465983261,60,0.0
2001-12-30 07:00:00,12.088933285573178,60,1.3365928295584655
2001-12-30 08:00:00,13.124209465983261,60,2.582099066606609
2001-12-30 09:00:00,14.159485646393344,60,3.6516395193859763
2001-12-30 10:00:00,15.124209465983261,60,4.472326773538822
2001-12-30 11:00:00,15.952636590729451,60,4.988232348944442
2001-12-30 12:00:00,16.588311081121017,60,5.164198133213219
2001-12-30 13:00:00,16.987912771139534,60,4.988232348944442
2001-12-30 14:00:00,17.124209465983263,60,4.472326773538822
2001-12-30 15:00:00,16.987912771139534,60,3.6516395193859768
2001-12-30 16:00:00,16.588311081121017,60,2.582099066606609
2001-12-30 17:00:00,15.952636590729451,60,1.336592829558467
2001-12-30 18:00:00,15.124209465983261,60,6.324318714002304e-16
2001-12-30 19:00:00,14.159485646393346,60,0.0
2001-12-30 20:00:00,13.124209465983261,60,0.0
2001-12-30 21:00:00,12.088933285573178,60,0.0
2001-12-30 22:00:00,11.124209465983263,60,0.0
2001-12-30 23:00:00,10.295782341237073,60,0.0
2001-12-31 00:00:00,9.685446622689371,60,0.0
2001-12-31 01:00:00,9.285844932670853,60,0.0
2001-12-31 02:00:00,9.149548237827126,60,0.0
2001-12-31 03:00:00,9.285844932670853,60,0.0
2001-12-31 04:00:00,9.685446622689373,60,0.0
2001-12-31 05:00:00,10.321121113080936,60,0.0
2001-12-31 06:00:00,11.149548237827126,60,0.0
2001-12-31 07:00:00,12.114272057417043,60,0.0
2001-12-31 08:00:00,13.149548237827126,60,0.0
2001-12-31 09:00:00,14.18482441823721,60,0.0
2001-12-31 10:00:00,15.149548237827126,60,0.0
2001-12-31 11:00:00,15.977975362573316,60,0.0
2001-12-31 12:00:00,16.61364985296488,60,0.0
2001-12-31 13:00:00,17.0132515429834,60,0.0
2001-12-31 14:00:00,17.149548237827126,60,0.0
2001-12-31 15:00:00,17.0132515429834,60,0.0
2001-12-31 16:00:00,16.61364985296488,60,0.0
2001-12-31 17:00:00,15.977975362573316,60,0.0
2001-12-31 18:00:00,15.149548237827126,60,0.0
2001-12-31 19:00:00,14.184824418237211,60,0.0
2001-12-31 20:00:00,13.149548237827126,60,0.0
2001-12-31 21:00:00,12.114272057417043,60,0.0
2001-12-31 22:00:00,11.149548237827128,60,0.0
2001-12-31 23:00:00,10.321121113080938,60,0.0
